<?xml version="1.0" encoding="UTF-8" standalone="yes"?>
<Properties xmlns="http://schemas.openxmlformats.org/officeDocument/2006/extended-properties" xmlns:vt="http://schemas.openxmlformats.org/officeDocument/2006/docPropsVTypes"><Template>Evento principal</Template><TotalTime>0</TotalTime><Words>0</Words><Application>Microsoft Office PowerPoint</Application><PresentationFormat>Panorámica</PresentationFormat><Paragraphs>0</Paragraphs><Slides>1</Slides><Notes>0</Notes><HiddenSlides>0</HiddenSlides><MMClips>0</MMClips><ScaleCrop>false</ScaleCrop><HeadingPairs><vt:vector size="6" baseType="variant"><vt:variant><vt:lpstr>Fuentes usadas</vt:lpstr></vt:variant><vt:variant><vt:i4>2</vt:i4></vt:variant><vt:variant><vt:lpstr>Tema</vt:lpstr></vt:variant><vt:variant><vt:i4>1</vt:i4></vt:variant><vt:variant><vt:lpstr>Títulos de diapositiva</vt:lpstr></vt:variant><vt:variant><vt:i4>1</vt:i4></vt:variant></vt:vector></HeadingPairs><TitlesOfParts><vt:vector size="4" baseType="lpstr"><vt:lpstr>Arial</vt:lpstr><vt:lpstr>Impact</vt:lpstr><vt:lpstr>Evento principal</vt:lpstr><vt:lpstr>Presentación de PowerPoint</vt:lpstr></vt:vector></TitlesOfParts><LinksUpToDate>false</LinksUpToDate><SharedDoc>false</SharedDoc><HyperlinksChanged>false</HyperlinksChanged><AppVersion>16.0000</AppVersion></Properties>