<?xml version="1.0" encoding="UTF-8" standalone="yes"?><p:presentation xmlns:a="http://schemas.openxmlformats.org/drawingml/2006/main" xmlns:r="http://schemas.openxmlformats.org/officeDocument/2006/relationships" xmlns:mc="http://schemas.openxmlformats.org/markup-compatibility/2006" xmlns:mv="urn:schemas-microsoft-com:mac:vml" xmlns:p="http://schemas.openxmlformats.org/presentationml/2006/main" xmlns:c="http://schemas.openxmlformats.org/drawingml/2006/chart" xmlns:dgm="http://schemas.openxmlformats.org/drawingml/2006/diagram" xmlns:o="urn:schemas-microsoft-com:office:office" xmlns:v="urn:schemas-microsoft-com:vml" xmlns:pvml="urn:schemas-microsoft-com:office:powerpoint" xmlns:com="http://schemas.openxmlformats.org/drawingml/2006/compatibility" xmlns:p14="http://schemas.microsoft.com/office/powerpoint/2010/main" xmlns:p15="http://schemas.microsoft.com/office/powerpoint/2012/main" autoCompressPictures="0" embedTrueTypeFonts="1" strictFirstAndLastChars="0" saveSubsetFonts="1" showSpecialPlsOnTitleSld="0"><p:sldMasterIdLst><p:sldMasterId id="2147483659" r:id="rId4"/></p:sldMasterIdLst><p:notesMasterIdLst><p:notesMasterId r:id="rId5"/></p:notesMasterIdLst><p:sldIdLst><p:sldId id="256" r:id="rId6"/><p:sldId id="257" r:id="rId7"/><p:sldId id="258" r:id="rId8"/><p:sldId id="259" r:id="rId9"/><p:sldId id="260" r:id="rId10"/><p:sldId id="261" r:id="rId11"/><p:sldId id="262" r:id="rId12"/><p:sldId id="263" r:id="rId13"/><p:sldId id="264" r:id="rId14"/><p:sldId id="265" r:id="rId15"/><p:sldId id="266" r:id="rId16"/><p:sldId id="267" r:id="rId17"/><p:sldId id="268" r:id="rId18"/><p:sldId id="269" r:id="rId19"/><p:sldId id="270" r:id="rId20"/><p:sldId id="271" r:id="rId21"/><p:sldId id="272" r:id="rId22"/><p:sldId id="273" r:id="rId23"/><p:sldId id="274" r:id="rId24"/><p:sldId id="275" r:id="rId25"/><p:sldId id="276" r:id="rId26"/><p:sldId id="277" r:id="rId27"/><p:sldId id="278" r:id="rId28"/><p:sldId id="279" r:id="rId29"/><p:sldId id="280" r:id="rId30"/><p:sldId id="281" r:id="rId31"/><p:sldId id="282" r:id="rId32"/><p:sldId id="283" r:id="rId33"/></p:sldIdLst><p:sldSz cy="5143500" cx="9144000"/><p:notesSz cx="6858000" cy="9144000"/><p:embeddedFontLst><p:embeddedFont><p:font typeface="Lato Hairline"/><p:regular r:id="rId34"/><p:bold r:id="rId35"/><p:italic r:id="rId36"/><p:boldItalic r:id="rId37"/></p:embeddedFont><p:embeddedFont><p:font typeface="Lato Light"/><p:regular r:id="rId38"/><p:bold r:id="rId39"/><p:italic r:id="rId40"/><p:boldItalic r:id="rId41"/></p:embeddedFont></p:embeddedFontLst><p:defaultTextStyle><a:defPPr lvl="0" marR="0" rtl="0" algn="l"><a:lnSpc><a:spcPct val="100000"/></a:lnSpc><a:spcBef><a:spcPts val="0"/></a:spcBef><a:spcAft><a:spcPts val="0"/></a:spcAft></a:defPPr><a:lvl1pPr lvl="0" marR="0" rtl="0" algn="l"><a:lnSpc><a:spcPct val="100000"/></a:lnSpc><a:spcBef><a:spcPts val="0"/></a:spcBef><a:spcAft><a:spcPts val="0"/></a:spcAft><a:buClr><a:srgbClr val="000000"/></a:buClr><a:buFont typeface="Arial"/><a:defRPr b="0" i="0" sz="1400" u="none" cap="none" strike="noStrike"><a:solidFill><a:srgbClr val="000000"/></a:solidFill><a:latin typeface="Arial"/><a:ea typeface="Arial"/><a:cs typeface="Arial"/><a:sym typeface="Arial"/></a:defRPr></a:lvl1pPr><a:lvl2pPr lvl="1" marR="0" rtl="0" algn="l"><a:lnSpc><a:spcPct val="100000"/></a:lnSpc><a:spcBef><a:spcPts val="0"/></a:spcBef><a:spcAft><a:spcPts val="0"/></a:spcAft><a:buClr><a:srgbClr val="000000"/></a:buClr><a:buFont typeface="Arial"/><a:defRPr b="0" i="0" sz="1400" u="none" cap="none" strike="noStrike"><a:solidFill><a:srgbClr val="000000"/></a:solidFill><a:latin typeface="Arial"/><a:ea typeface="Arial"/><a:cs typeface="Arial"/><a:sym typeface="Arial"/></a:defRPr></a:lvl2pPr><a:lvl3pPr lvl="2" marR="0" rtl="0" algn="l"><a:lnSpc><a:spcPct val="100000"/></a:lnSpc><a:spcBef><a:spcPts val="0"/></a:spcBef><a:spcAft><a:spcPts val="0"/></a:spcAft><a:buClr><a:srgbClr val="000000"/></a:buClr><a:buFont typeface="Arial"/><a:defRPr b="0" i="0" sz="1400" u="none" cap="none" strike="noStrike"><a:solidFill><a:srgbClr val="000000"/></a:solidFill><a:latin typeface="Arial"/><a:ea typeface="Arial"/><a:cs typeface="Arial"/><a:sym typeface="Arial"/></a:defRPr></a:lvl3pPr><a:lvl4pPr lvl="3" marR="0" rtl="0" algn="l"><a:lnSpc><a:spcPct val="100000"/></a:lnSpc><a:spcBef><a:spcPts val="0"/></a:spcBef><a:spcAft><a:spcPts val="0"/></a:spcAft><a:buClr><a:srgbClr val="000000"/></a:buClr><a:buFont typeface="Arial"/><a:defRPr b="0" i="0" sz="1400" u="none" cap="none" strike="noStrike"><a:solidFill><a:srgbClr val="000000"/></a:solidFill><a:latin typeface="Arial"/><a:ea typeface="Arial"/><a:cs typeface="Arial"/><a:sym typeface="Arial"/></a:defRPr></a:lvl4pPr><a:lvl5pPr lvl="4" marR="0" rtl="0" algn="l"><a:lnSpc><a:spcPct val="100000"/></a:lnSpc><a:spcBef><a:spcPts val="0"/></a:spcBef><a:spcAft><a:spcPts val="0"/></a:spcAft><a:buClr><a:srgbClr val="000000"/></a:buClr><a:buFont typeface="Arial"/><a:defRPr b="0" i="0" sz="1400" u="none" cap="none" strike="noStrike"><a:solidFill><a:srgbClr val="000000"/></a:solidFill><a:latin typeface="Arial"/><a:ea typeface="Arial"/><a:cs typeface="Arial"/><a:sym typeface="Arial"/></a:defRPr></a:lvl5pPr><a:lvl6pPr lvl="5" marR="0" rtl="0" algn="l"><a:lnSpc><a:spcPct val="100000"/></a:lnSpc><a:spcBef><a:spcPts val="0"/></a:spcBef><a:spcAft><a:spcPts val="0"/></a:spcAft><a:buClr><a:srgbClr val="000000"/></a:buClr><a:buFont typeface="Arial"/><a:defRPr b="0" i="0" sz="1400" u="none" cap="none" strike="noStrike"><a:solidFill><a:srgbClr val="000000"/></a:solidFill><a:latin typeface="Arial"/><a:ea typeface="Arial"/><a:cs typeface="Arial"/><a:sym typeface="Arial"/></a:defRPr></a:lvl6pPr><a:lvl7pPr lvl="6" marR="0" rtl="0" algn="l"><a:lnSpc><a:spcPct val="100000"/></a:lnSpc><a:spcBef><a:spcPts val="0"/></a:spcBef><a:spcAft><a:spcPts val="0"/></a:spcAft><a:buClr><a:srgbClr val="000000"/></a:buClr><a:buFont typeface="Arial"/><a:defRPr b="0" i="0" sz="1400" u="none" cap="none" strike="noStrike"><a:solidFill><a:srgbClr val="000000"/></a:solidFill><a:latin typeface="Arial"/><a:ea typeface="Arial"/><a:cs typeface="Arial"/><a:sym typeface="Arial"/></a:defRPr></a:lvl7pPr><a:lvl8pPr lvl="7" marR="0" rtl="0" algn="l"><a:lnSpc><a:spcPct val="100000"/></a:lnSpc><a:spcBef><a:spcPts val="0"/></a:spcBef><a:spcAft><a:spcPts val="0"/></a:spcAft><a:buClr><a:srgbClr val="000000"/></a:buClr><a:buFont typeface="Arial"/><a:defRPr b="0" i="0" sz="1400" u="none" cap="none" strike="noStrike"><a:solidFill><a:srgbClr val="000000"/></a:solidFill><a:latin typeface="Arial"/><a:ea typeface="Arial"/><a:cs typeface="Arial"/><a:sym typeface="Arial"/></a:defRPr></a:lvl8pPr><a:lvl9pPr lvl="8" marR="0" rtl="0" algn="l"><a:lnSpc><a:spcPct val="100000"/></a:lnSpc><a:spcBef><a:spcPts val="0"/></a:spcBef><a:spcAft><a:spcPts val="0"/></a:spcAft><a:buClr><a:srgbClr val="000000"/></a:buClr><a:buFont typeface="Arial"/><a:defRPr b="0" i="0" sz="1400" u="none" cap="none" strike="noStrike"><a:solidFill><a:srgbClr val="000000"/></a:solidFill><a:latin typeface="Arial"/><a:ea typeface="Arial"/><a:cs typeface="Arial"/><a:sym typeface="Arial"/></a:defRPr></a:lvl9pPr></p:defaultTextStyle></p:presentation>