<?xml version="1.0" encoding="UTF-8" standalone="yes"?><a:tblStyleLst xmlns:a="http://schemas.openxmlformats.org/drawingml/2006/main" xmlns:r="http://schemas.openxmlformats.org/officeDocument/2006/relationships" def="{D198817F-2C89-4CB2-99A1-50608DE93E4D}"><a:tblStyle styleId="{D198817F-2C89-4CB2-99A1-50608DE93E4D}" styleName="Table_0"><a:wholeTbl><a:tcTxStyle><a:font><a:latin typeface="Arial"/><a:ea typeface="Arial"/><a:cs typeface="Arial"/></a:font><a:srgbClr val="000000"/></a:tcTxStyle><a:tcStyle><a:tcBdr><a:left><a:ln cap="flat" cmpd="sng" w="9525"><a:solidFill><a:srgbClr val="000000"/></a:solidFill><a:prstDash val="solid"/><a:round/><a:headEnd len="sm" w="sm" type="none"/><a:tailEnd len="sm" w="sm" type="none"/></a:ln></a:left><a:right><a:ln cap="flat" cmpd="sng" w="9525"><a:solidFill><a:srgbClr val="000000"/></a:solidFill><a:prstDash val="solid"/><a:round/><a:headEnd len="sm" w="sm" type="none"/><a:tailEnd len="sm" w="sm" type="none"/></a:ln></a:right><a:top><a:ln cap="flat" cmpd="sng" w="9525"><a:solidFill><a:srgbClr val="000000"/></a:solidFill><a:prstDash val="solid"/><a:round/><a:headEnd len="sm" w="sm" type="none"/><a:tailEnd len="sm" w="sm" type="none"/></a:ln></a:top><a:bottom><a:ln cap="flat" cmpd="sng" w="9525"><a:solidFill><a:srgbClr val="000000"/></a:solidFill><a:prstDash val="solid"/><a:round/><a:headEnd len="sm" w="sm" type="none"/><a:tailEnd len="sm" w="sm" type="none"/></a:ln></a:bottom><a:insideH><a:ln cap="flat" cmpd="sng" w="9525"><a:solidFill><a:srgbClr val="000000"/></a:solidFill><a:prstDash val="solid"/><a:round/><a:headEnd len="sm" w="sm" type="none"/><a:tailEnd len="sm" w="sm" type="none"/></a:ln></a:insideH><a:insideV><a:ln cap="flat" cmpd="sng" w="9525"><a:solidFill><a:srgbClr val="000000"/></a:solidFill><a:prstDash val="solid"/><a:round/><a:headEnd len="sm" w="sm" type="none"/><a:tailEnd len="sm" w="sm" type="none"/></a:ln></a:insideV></a:tcBdr></a:tcStyle></a:wholeTbl><a:band1H><a:tcTxStyle/></a:band1H><a:band2H><a:tcTxStyle/></a:band2H><a:band1V><a:tcTxStyle/></a:band1V><a:band2V><a:tcTxStyle/></a:band2V><a:lastCol><a:tcTxStyle/></a:lastCol><a:firstCol><a:tcTxStyle/></a:firstCol><a:lastRow><a:tcTxStyle/></a:lastRow><a:seCell><a:tcTxStyle/></a:seCell><a:swCell><a:tcTxStyle/></a:swCell><a:firstRow><a:tcTxStyle/></a:firstRow><a:neCell><a:tcTxStyle/></a:neCell><a:nwCell><a:tcTxStyle/></a:nwCell></a:tblStyle></a:tblStyleLst>