-- phpMyAdmin SQL Dump
-- version 4.5.1
-- http://www.phpmyadmin.net
--
-- Servidor: 127.0.0.1
-- Tiempo de generación: 04-04-2017 a las 19:16:02
-- Versión del servidor: 10.1.19-MariaDB
-- Versión de PHP: 7.0.13

SET SQL_MODE = "NO_AUTO_VALUE_ON_ZERO";
SET time_zone = "+00:00";


/*!40101 SET @OLD_CHARACTER_SET_CLIENT=@@CHARACTER_SET_CLIENT */;
/*!40101 SET @OLD_CHARACTER_SET_RESULTS=@@CHARACTER_SET_RESULTS */;
/*!40101 SET @OLD_COLLATION_CONNECTION=@@COLLATION_CONNECTION */;
/*!40101 SET NAMES utf8mb4 */;

--
-- Base de datos: `disenadorlogodb`
--

-- --------------------------------------------------------

--
-- Estructura de tabla para la tabla `categorias`
--

CREATE TABLE `categorias` (
  `idCategoria` int(11) NOT NULL,
  `nombreCategoria` varchar(45) NOT NULL
) ENGINE=InnoDB DEFAULT CHARSET=utf8;

--
-- Volcado de datos para la tabla `categorias`
--

INSERT INTO `categorias` (`idCategoria`, `nombreCategoria`) VALUES
(1, 'Negocio'),
(2, 'Ingenieria'),
(3, 'Abstractos');

-- --------------------------------------------------------

--
-- Estructura de tabla para la tabla `clientes`
--

CREATE TABLE `clientes` (
  `idCliente` int(11) NOT NULL,
  `nombreCliente` varchar(45) NOT NULL,
  `correo` varchar(45) NOT NULL,
  `pass` varchar(45) NOT NULL,
  `telefono` varchar(45) NOT NULL,
  `pais` varchar(45) NOT NULL
) ENGINE=InnoDB DEFAULT CHARSET=utf8;

--
-- Volcado de datos para la tabla `clientes`
--

INSERT INTO `clientes` (`idCliente`, `nombreCliente`, `correo`, `pass`, `telefono`, `pais`) VALUES
(1, 'Cliente 1', 'correo@gmail.com', 'passssssssss', '0909090090090', 'Haiti'),
(2, 'Cliente 2', 'correo2@gmail.com', 'paaaassss2', '34534455555', 'Colombia');

-- --------------------------------------------------------

--
-- Estructura de tabla para la tabla `elementos`
--

CREATE TABLE `elementos` (
  `idElemento` int(11) NOT NULL,
  `nombre` varchar(45) NOT NULL,
  `url` varchar(100) DEFAULT NULL,
  `svg` text,
  `color` varchar(45) DEFAULT NULL,
  `tipo` enum('FUENTE','ICONO') NOT NULL,
  `comprado` int(11) NOT NULL,
  `categorias_idCategoria` int(11) NOT NULL
) ENGINE=InnoDB DEFAULT CHARSET=utf8;

--
-- Volcado de datos para la tabla `elementos`
--

INSERT INTO `elementos` (`idElemento`, `nombre`, `url`, `svg`, `color`, `tipo`, `comprado`, `categorias_idCategoria`) VALUES
(1, 'Elemento-1', 'url-1', 'PHN2ZyB2ZXJzaW9uPSIxLjEiIGlkPSJMYXllcl8xIiB4bWxucz0iaHR0cDovL3d3dy53My5vcmcvMjAwMC9zdmciIHhtbG5zOnhsaW5rPSJodHRwOi8vd3d3LnczLm9yZy8xOTk5L3hsaW5rIiB4PSIwcHgiIHk9IjBweCINCgkgdmlld0JveD0iMCAwIDUxMiA1MTIiIHN0eWxlPSJlbmFibGUtYmFja2dyb3VuZDpuZXcgMCAwIDUxMiA1MTI7IiB4bWw6c3BhY2U9InByZXNlcnZlIj4NCjxwYXRoIHN0eWxlPSJmaWxsOiNDN0NGRTI7IiBkPSJNMzI2LjYyMSw1MTJIMTg1LjM3OWMtMTQuNjI2LDAtMjYuNDgzLTExLjg1Ny0yNi40ODMtMjYuNDgzVjI2LjQ4Mw0KCUMxNTguODk3LDExLjg1NywxNzAuNzUzLDAsMTg1LjM3OSwwaDE0MS4yNDFjMTQuNjI2LDAsMjYuNDgzLDExLjg1NywyNi40ODMsMjYuNDgzdjQ1OS4wMzQNCglDMzUzLjEwMyw1MDAuMTQzLDM0MS4yNDcsNTEyLDMyNi42MjEsNTEyeiIvPg0KPGNpcmNsZSBzdHlsZT0iZmlsbDojOTU5Q0I1OyIgY3g9IjI1NiIgY3k9IjQwNi4wNjkiIHI9IjYxLjc5MyIvPg0KPHBhdGggc3R5bGU9ImZpbGw6I0ZGNTA1MDsiIGQ9Ik0zMDguOTY2LDI0Ny4xNzJIMjAzLjAzNGMtNC44NzUsMC04LjgyOC0zLjk1My04LjgyOC04LjgyOFYxMTQuNzU5YzAtNC44NzUsMy45NTMtOC44MjgsOC44MjgtOC44MjgNCgloMTA1LjkzMWM0Ljg3NSwwLDguODI4LDMuOTUzLDguODI4LDguODI4djEyMy41ODZDMzE3Ljc5MywyNDMuMjIsMzEzLjg0MSwyNDcuMTcyLDMwOC45NjYsMjQ3LjE3MnoiLz4NCjxwYXRoIHN0eWxlPSJmaWxsOiM3Rjg0OTk7IiBkPSJNMzAwLjEzOCw3MC42MjFoLTg4LjI3NmMtOS43NTEsMC0xNy42NTUtNy45MDQtMTcuNjU1LTE3LjY1NWwwLDANCgljMC05Ljc1MSw3LjkwNC0xNy42NTUsMTcuNjU1LTE3LjY1NWg4OC4yNzZjOS43NTEsMCwxNy42NTUsNy45MDQsMTcuNjU1LDE3LjY1NWwwLDBDMzE3Ljc5Myw2Mi43MTcsMzA5Ljg4OSw3MC42MjEsMzAwLjEzOCw3MC42MjF6DQoJIi8+DQo8Zz4NCgk8cGF0aCBzdHlsZT0iZmlsbDojRkZGRkZGOyIgZD0iTTI5MS4zMSwxNTguODk3YzAtNC44NzktMy45NDgtOC44MjgtOC44MjgtOC44MjhzLTguODI4LDMuOTQ4LTguODI4LDguODI4DQoJCWMwLDkuNzMyLTcuOTIzLDE3LjY1NS0xNy42NTUsMTcuNjU1cy0xNy42NTUtNy45MjMtMTcuNjU1LTE3LjY1NWMwLTQuODc5LTMuOTQ4LTguODI4LTguODI4LTguODI4cy04LjgyOCwzLjk0OC04LjgyOCw4LjgyOA0KCQljMCwxNi40MDgsMTEuMjk1LDMwLjExMSwyNi40ODMsMzQuMDU3djEwLjA4MWMtNC44NzksMC04LjgyOCwzLjk0OC04LjgyOCw4LjgyOGMwLDQuODc5LDMuOTQ4LDguODI4LDguODI4LDguODI4aDE3LjY1NQ0KCQljNC44NzksMCw4LjgyOC0zLjk0OCw4LjgyOC04LjgyOGMwLTQuODc5LTMuOTQ4LTguODI4LTguODI4LTguODI4di0xMC4wODFDMjgwLjAxNSwxODkuMDA3LDI5MS4zMSwxNzUuMzA1LDI5MS4zMSwxNTguODk3eiIvPg0KCTxwYXRoIHN0eWxlPSJmaWxsOiNGRkZGRkY7IiBkPSJNMjU2LDE2Ny43MjRjNC44NzksMCw4LjgyOC0zLjk0OCw4LjgyOC04LjgyOHYtMTcuNjU1YzAtNC44NzktMy45NDgtOC44MjgtOC44MjgtOC44MjgNCgkJYy00Ljg3OSwwLTguODI4LDMuOTQ4LTguODI4LDguODI4djE3LjY1NUMyNDcuMTcyLDE2My43NzYsMjUxLjEyMSwxNjcuNzI0LDI1NiwxNjcuNzI0eiIvPg0KPC9nPg0KPGNpcmNsZSBzdHlsZT0iZmlsbDojRDVEQ0VEOyIgY3g9IjI1NiIgY3k9IjQwNi4wNjkiIHI9IjM1LjMxIi8+DQo8Y2lyY2xlIHN0eWxlPSJmaWxsOiM5NTlDQjU7IiBjeD0iMjExLjg2MiIgY3k9IjMwMC4xMzgiIHI9IjE3LjY1NSIvPg0KPGNpcmNsZSBzdHlsZT0iZmlsbDojRkY1MDUwOyIgY3g9IjMwMC4xMzgiIGN5PSIzMDAuMTM4IiByPSIxNy42NTUiLz4NCjxwYXRoIHN0eWxlPSJmaWxsOiNBRkI5RDI7IiBkPSJNMjcxLjY4Myw0MDguNzk3bC0yMi40NTEsMTMuNDcxYy0yLjEyMSwxLjI3Mi00LjgxOS0wLjI1NS00LjgxOS0yLjcyOXYtMjYuOTQxDQoJYzAtMi40NzMsMi42OTgtNCw0LjgxOS0yLjcyOGwyMi40NTEsMTMuNDdDMjczLjc0Miw0MDQuNTc2LDI3My43NDIsNDA3LjU2MiwyNzEuNjgzLDQwOC43OTd6Ii8+DQo8Zz4NCgk8Y2lyY2xlIHN0eWxlPSJmaWxsOiM3MDc0ODc7IiBjeD0iMjU2IiBjeT0iNTIuOTY2IiByPSIxNy42NTUiLz4NCgk8Y2lyY2xlIHN0eWxlPSJmaWxsOiM3MDc0ODc7IiBjeD0iMzAwLjEzOCIgY3k9IjUyLjk2NiIgcj0iMTcuNjU1Ii8+DQoJPGNpcmNsZSBzdHlsZT0iZmlsbDojNzA3NDg3OyIgY3g9IjIxMS44NjIiIGN5PSI1Mi45NjYiIHI9IjE3LjY1NSIvPg0KPC9nPg0KPGc+DQo8L2c+DQo8Zz4NCjwvZz4NCjxnPg0KPC9nPg0KPGc+DQo8L2c+DQo8Zz4NCjwvZz4NCjxnPg0KPC9nPg0KPGc+DQo8L2c+DQo8Zz4NCjwvZz4NCjxnPg0KPC9nPg0KPGc+DQo8L2c+DQo8Zz4NCjwvZz4NCjxnPg0KPC9nPg0KPGc+DQo8L2c+DQo8Zz4NCjwvZz4NCjxnPg0KPC9nPg0KPC9zdmc+DQo=', NULL, 'ICONO', 0, 1),
(2, 'Elemento-2', 'url-2', 'PHN2ZyB2ZXJzaW9uPSIxLjEiIGlkPSJMYXllcl8xIiB4bWxucz0iaHR0cDovL3d3dy53My5vcmcvMjAwMC9zdmciIHhtbG5zOnhsaW5rPSJodHRwOi8vd3d3LnczLm9yZy8xOTk5L3hsaW5rIiB4PSIwcHgiIHk9IjBweCINCgkgdmlld0JveD0iMCAwIDUxMiA1MTIiIHN0eWxlPSJlbmFibGUtYmFja2dyb3VuZDpuZXcgMCAwIDUxMiA1MTI7IiB4bWw6c3BhY2U9InByZXNlcnZlIj4NCjxwYXRoIHN0eWxlPSJmaWxsOiNFNEVBRjg7IiBkPSJNNDk0LjM0NSw0NDEuMzc5SDE3LjY1NUM3LjkwNCw0NDEuMzc5LDAsNDMzLjQ3NSwwLDQyMy43MjRWODguMjc2DQoJYzAtOS43NTEsNy45MDQtMTcuNjU1LDE3LjY1NS0xNy42NTVoNDc2LjY5YzkuNzUxLDAsMTcuNjU1LDcuOTA0LDE3LjY1NSwxNy42NTV2MzM1LjQ0OA0KCUM1MTIsNDMzLjQ3NSw1MDQuMDk2LDQ0MS4zNzksNDk0LjM0NSw0NDEuMzc5eiIvPg0KPHBhdGggc3R5bGU9ImZpbGw6I0FGQjlEMjsiIGQ9Ik01MTIsMTQxLjI0MUgwVjg4LjI3NmMwLTkuNzUxLDcuOTA0LTE3LjY1NSwxNy42NTUtMTcuNjU1aDQ3Ni42OQ0KCWM5Ljc1MSwwLDE3LjY1NSw3LjkwNCwxNy42NTUsMTcuNjU1VjE0MS4yNDF6Ii8+DQo8Zz4NCgk8cGF0aCBzdHlsZT0iZmlsbDojRTRFQUY4OyIgZD0iTTEwNS45MzEsMTE0Ljc1OUgzNS4zMWMtNC44NzksMC04LjgyOC0zLjk1My04LjgyOC04LjgyOGMwLTQuODc1LDMuOTQ4LTguODI4LDguODI4LTguODI4aDcwLjYyMQ0KCQljNC44NzksMCw4LjgyOCwzLjk1Myw4LjgyOCw4LjgyOEMxMTQuNzU5LDExMC44MDYsMTEwLjgxLDExNC43NTksMTA1LjkzMSwxMTQuNzU5eiIvPg0KCTxwYXRoIHN0eWxlPSJmaWxsOiNFNEVBRjg7IiBkPSJNMzA4Ljk2NiwxMTQuNzU5aC0zNS4zMWMtNC44NzksMC04LjgyOC0zLjk1My04LjgyOC04LjgyOGMwLTQuODc1LDMuOTQ4LTguODI4LDguODI4LTguODI4aDM1LjMxDQoJCWM0Ljg3OSwwLDguODI4LDMuOTUzLDguODI4LDguODI4QzMxNy43OTMsMTEwLjgwNiwzMTMuODQ1LDExNC43NTksMzA4Ljk2NiwxMTQuNzU5eiIvPg0KCTxwYXRoIHN0eWxlPSJmaWxsOiNFNEVBRjg7IiBkPSJNMzc5LjU4NiwxMTQuNzU5aC0zNS4zMWMtNC44NzksMC04LjgyOC0zLjk1My04LjgyOC04LjgyOGMwLTQuODc1LDMuOTQ4LTguODI4LDguODI4LTguODI4aDM1LjMxDQoJCWM0Ljg3OSwwLDguODI4LDMuOTUzLDguODI4LDguODI4QzM4OC40MTQsMTEwLjgwNiwzODQuNDY2LDExNC43NTksMzc5LjU4NiwxMTQuNzU5eiIvPg0KPC9nPg0KPHBhdGggc3R5bGU9ImZpbGw6I0M3Q0ZFMjsiIGQ9Ik00NzYuNjksMTE0Ljc1OWgtNjEuNzkzYy00Ljg3OSwwLTguODI4LTMuOTUzLTguODI4LTguODI4YzAtNC44NzUsMy45NDgtOC44MjgsOC44MjgtOC44MjhoNjEuNzkzDQoJYzQuODc5LDAsOC44MjgsMy45NTMsOC44MjgsOC44MjhDNDg1LjUxNywxMTAuODA2LDQ4MS41NjksMTE0Ljc1OSw0NzYuNjksMTE0Ljc1OXoiLz4NCjxwYXRoIHN0eWxlPSJmaWxsOiM3Rjg0OTk7IiBkPSJNMTUwLjA2OSwxMTQuNzU5aC04LjgyOGMtNC44NzksMC04LjgyOC0zLjk1My04LjgyOC04LjgyOGMwLTQuODc1LDMuOTQ4LTguODI4LDguODI4LTguODI4aDguODI4DQoJYzQuODc5LDAsOC44MjgsMy45NTMsOC44MjgsOC44MjhDMTU4Ljg5NywxMTAuODA2LDE1NC45NDgsMTE0Ljc1OSwxNTAuMDY5LDExNC43NTl6Ii8+DQo8cGF0aCBzdHlsZT0iZmlsbDojRkZEQzY0OyIgZD0iTTIzOC4zNDUsMTE0Ljc1OWgtOC44MjhjLTQuODc5LDAtOC44MjgtMy45NTMtOC44MjgtOC44MjhjMC00Ljg3NSwzLjk0OC04LjgyOCw4LjgyOC04LjgyOGg4LjgyOA0KCWM0Ljg3OSwwLDguODI4LDMuOTUzLDguODI4LDguODI4QzI0Ny4xNzIsMTEwLjgwNiwyNDMuMjI0LDExNC43NTksMjM4LjM0NSwxMTQuNzU5eiIvPg0KPHBhdGggc3R5bGU9ImZpbGw6IzdERjVBNTsiIGQ9Ik0xOTQuMjA3LDExNC43NTloLTguODI4Yy00Ljg3OSwwLTguODI4LTMuOTUzLTguODI4LTguODI4YzAtNC44NzUsMy45NDgtOC44MjgsOC44MjgtOC44MjhoOC44MjgNCgljNC44NzksMCw4LjgyOCwzLjk1Myw4LjgyOCw4LjgyOEMyMDMuMDM0LDExMC44MDYsMTk5LjA4NiwxMTQuNzU5LDE5NC4yMDcsMTE0Ljc1OXoiLz4NCjxnPg0KCTxwYXRoIHN0eWxlPSJmaWxsOiM3MDc0ODc7IiBkPSJNMjExLjg2MiwxOTQuMjA3SDUyLjk2NmMtNC44NzksMC04LjgyOC0zLjk1My04LjgyOC04LjgyOGMwLTQuODc1LDMuOTQ4LTguODI4LDguODI4LTguODI4aDE1OC44OTcNCgkJYzQuODc5LDAsOC44MjgsMy45NTMsOC44MjgsOC44MjhDMjIwLjY5LDE5MC4yNTQsMjE2Ljc0MiwxOTQuMjA3LDIxMS44NjIsMTk0LjIwN3oiLz4NCgk8cGF0aCBzdHlsZT0iZmlsbDojNzA3NDg3OyIgZD0iTTE4NS4zNzksMjY0LjgyOEg1Mi45NjZjLTQuODc5LDAtOC44MjgtMy45NTMtOC44MjgtOC44MjhzMy45NDgtOC44MjgsOC44MjgtOC44MjhoMTMyLjQxNA0KCQljNC44NzksMCw4LjgyOCwzLjk1Myw4LjgyOCw4LjgyOFMxOTAuMjU5LDI2NC44MjgsMTg1LjM3OSwyNjQuODI4eiIvPg0KPC9nPg0KPGc+DQoJPHBhdGggc3R5bGU9ImZpbGw6IzVCNUQ2RTsiIGQ9Ik0xNDEuMjQxLDIyOS41MTdINTIuOTY2Yy00Ljg3OSwwLTguODI4LTMuOTUzLTguODI4LTguODI4czMuOTQ4LTguODI4LDguODI4LTguODI4aDg4LjI3Ng0KCQljNC44NzksMCw4LjgyOCwzLjk1Myw4LjgyOCw4LjgyOFMxNDYuMTIxLDIyOS41MTcsMTQxLjI0MSwyMjkuNTE3eiIvPg0KCTxwYXRoIHN0eWxlPSJmaWxsOiM1QjVENkU7IiBkPSJNMzE3Ljc5MywxOTQuMjA3aC03MC42MjFjLTQuODc5LDAtOC44MjgtMy45NTMtOC44MjgtOC44MjhjMC00Ljg3NSwzLjk0OC04LjgyOCw4LjgyOC04LjgyOGg3MC42MjENCgkJYzQuODc5LDAsOC44MjgsMy45NTMsOC44MjgsOC44MjhDMzI2LjYyMSwxOTAuMjU0LDMyMi42NzMsMTk0LjIwNywzMTcuNzkzLDE5NC4yMDd6Ii8+DQo8L2c+DQo8cGF0aCBzdHlsZT0iZmlsbDojNzA3NDg3OyIgZD0iTTMwMC4xMzgsMjI5LjUxN0gxNzYuNTUyYy00Ljg3OSwwLTguODI4LTMuOTUzLTguODI4LTguODI4czMuOTQ4LTguODI4LDguODI4LTguODI4aDEyMy41ODYNCgljNC44NzksMCw4LjgyOCwzLjk1Myw4LjgyOCw4LjgyOFMzMDUuMDE3LDIyOS41MTcsMzAwLjEzOCwyMjkuNTE3eiIvPg0KPHBhdGggc3R5bGU9ImZpbGw6IzVCNUQ2RTsiIGQ9Ik0yNjQuODI4LDI2NC44MjhIMjIwLjY5Yy00Ljg3OSwwLTguODI4LTMuOTUzLTguODI4LTguODI4czMuOTQ4LTguODI4LDguODI4LTguODI4aDQ0LjEzOA0KCWM0Ljg3OSwwLDguODI4LDMuOTUzLDguODI4LDguODI4UzI2OS43MDcsMjY0LjgyOCwyNjQuODI4LDI2NC44Mjh6Ii8+DQo8Zz4NCgk8cGF0aCBzdHlsZT0iZmlsbDojNzA3NDg3OyIgZD0iTTQ1OS4wMzQsMjI5LjUxN0gzMzUuNDQ4Yy00Ljg3OSwwLTguODI4LTMuOTUzLTguODI4LTguODI4czMuOTQ4LTguODI4LDguODI4LTguODI4aDEyMy41ODYNCgkJYzQuODc5LDAsOC44MjgsMy45NTMsOC44MjgsOC44MjhTNDYzLjkxNCwyMjkuNTE3LDQ1OS4wMzQsMjI5LjUxN3oiLz4NCgk8cGF0aCBzdHlsZT0iZmlsbDojNzA3NDg3OyIgZD0iTTQ1OS4wMzQsMTk0LjIwN0gzNTMuMTAzYy00Ljg3OSwwLTguODI4LTMuOTUzLTguODI4LTguODI4YzAtNC44NzUsMy45NDgtOC44MjgsOC44MjgtOC44MjgNCgkJaDEwNS45MzFjNC44NzksMCw4LjgyOCwzLjk1Myw4LjgyOCw4LjgyOEM0NjcuODYyLDE5MC4yNTQsNDYzLjkxNCwxOTQuMjA3LDQ1OS4wMzQsMTk0LjIwN3oiLz4NCgk8cGF0aCBzdHlsZT0iZmlsbDojNzA3NDg3OyIgZD0iTTIxMS44NjIsMzE3Ljc5M0g1Mi45NjZjLTQuODc5LDAtOC44MjgtMy45NTMtOC44MjgtOC44MjhzMy45NDgtOC44MjgsOC44MjgtOC44MjhoMTU4Ljg5Nw0KCQljNC44NzksMCw4LjgyOCwzLjk1Myw4LjgyOCw4LjgyOFMyMTYuNzQyLDMxNy43OTMsMjExLjg2MiwzMTcuNzkzeiIvPg0KPC9nPg0KPGc+DQoJPHBhdGggc3R5bGU9ImZpbGw6IzVCNUQ2RTsiIGQ9Ik0xNTguODk3LDM1My4xMDNIODguMjc2Yy00Ljg3OSwwLTguODI4LTMuOTUzLTguODI4LTguODI4YzAtNC44NzUsMy45NDgtOC44MjgsOC44MjgtOC44MjhoNzAuNjIxDQoJCWM0Ljg3OSwwLDguODI4LDMuOTUzLDguODI4LDguODI4QzE2Ny43MjQsMzQ5LjE1MSwxNjMuNzc2LDM1My4xMDMsMTU4Ljg5NywzNTMuMTAzeiIvPg0KCTxwYXRoIHN0eWxlPSJmaWxsOiM1QjVENkU7IiBkPSJNMzE3Ljc5MywzMTcuNzkzaC03MC42MjFjLTQuODc5LDAtOC44MjgtMy45NTMtOC44MjgtOC44MjhzMy45NDgtOC44MjgsOC44MjgtOC44MjhoNzAuNjIxDQoJCWM0Ljg3OSwwLDguODI4LDMuOTUzLDguODI4LDguODI4UzMyMi42NzMsMzE3Ljc5MywzMTcuNzkzLDMxNy43OTN6Ii8+DQo8L2c+DQo8Zz4NCgk8cGF0aCBzdHlsZT0iZmlsbDojNzA3NDg3OyIgZD0iTTMwMC4xMzgsMzUzLjEwM0gxOTQuMjA3Yy00Ljg3OSwwLTguODI4LTMuOTUzLTguODI4LTguODI4YzAtNC44NzUsMy45NDgtOC44MjgsOC44MjgtOC44MjgNCgkJaDEwNS45MzFjNC44NzksMCw4LjgyOCwzLjk1Myw4LjgyOCw4LjgyOEMzMDguOTY2LDM0OS4xNTEsMzA1LjAxNywzNTMuMTAzLDMwMC4xMzgsMzUzLjEwM3oiLz4NCgk8cGF0aCBzdHlsZT0iZmlsbDojNzA3NDg3OyIgZD0iTTQ1OS4wMzQsMzUzLjEwM0gzMzUuNDQ4Yy00Ljg3OSwwLTguODI4LTMuOTUzLTguODI4LTguODI4YzAtNC44NzUsMy45NDgtOC44MjgsOC44MjgtOC44MjgNCgkJaDEyMy41ODZjNC44NzksMCw4LjgyOCwzLjk1Myw4LjgyOCw4LjgyOEM0NjcuODYyLDM0OS4xNTEsNDYzLjkxNCwzNTMuMTAzLDQ1OS4wMzQsMzUzLjEwM3oiLz4NCgk8cGF0aCBzdHlsZT0iZmlsbDojNzA3NDg3OyIgZD0iTTQ1OS4wMzQsMzE3Ljc5M0gzNTMuMTAzYy00Ljg3OSwwLTguODI4LTMuOTUzLTguODI4LTguODI4czMuOTQ4LTguODI4LDguODI4LTguODI4aDEwNS45MzENCgkJYzQuODc5LDAsOC44MjgsMy45NTMsOC44MjgsOC44MjhTNDYzLjkxNCwzMTcuNzkzLDQ1OS4wMzQsMzE3Ljc5M3oiLz4NCjwvZz4NCjxwYXRoIHN0eWxlPSJmaWxsOiM0NjQ2NTU7IiBkPSJNNTIuOTY2LDQwNi4wNjljLTQuODc5LDAtOC44MjgtMy45NTMtOC44MjgtOC44Mjh2LTUyLjk2NmMwLTQuODc1LDMuOTQ4LTguODI4LDguODI4LTguODI4DQoJczguODI4LDMuOTUzLDguODI4LDguODI4djUyLjk2NkM2MS43OTMsNDAyLjExNiw1Ny44NDUsNDA2LjA2OSw1Mi45NjYsNDA2LjA2OXoiLz4NCjxnPg0KPC9nPg0KPGc+DQo8L2c+DQo8Zz4NCjwvZz4NCjxnPg0KPC9nPg0KPGc+DQo8L2c+DQo8Zz4NCjwvZz4NCjxnPg0KPC9nPg0KPGc+DQo8L2c+DQo8Zz4NCjwvZz4NCjxnPg0KPC9nPg0KPGc+DQo8L2c+DQo8Zz4NCjwvZz4NCjxnPg0KPC9nPg0KPGc+DQo8L2c+DQo8Zz4NCjwvZz4NCjwvc3ZnPg==', NULL, 'ICONO', 0, 1),
(3, 'Elemento-3', 'url-3', 'PHN2ZyB2ZXJzaW9uPSIxLjEiIGlkPSJMYXllcl8xIiB4bWxucz0iaHR0cDovL3d3dy53My5vcmcvMjAwMC9zdmciIHhtbG5zOnhsaW5rPSJodHRwOi8vd3d3LnczLm9yZy8xOTk5L3hsaW5rIiB4PSIwcHgiIHk9IjBweCINCgkgdmlld0JveD0iMCAwIDUxMiA1MTIiIHN0eWxlPSJlbmFibGUtYmFja2dyb3VuZDpuZXcgMCAwIDUxMiA1MTI7IiB4bWw6c3BhY2U9InByZXNlcnZlIj4NCjxwYXRoIHN0eWxlPSJmaWxsOiNDN0NGRTI7IiBkPSJNMzI2LjYyMSw1MTJIMTg1LjM3OWMtMTQuNjI2LDAtMjYuNDgzLTExLjg1Ny0yNi40ODMtMjYuNDgzVjI2LjQ4Mw0KCUMxNTguODk3LDExLjg1NywxNzAuNzUzLDAsMTg1LjM3OSwwaDE0MS4yNDFjMTQuNjI2LDAsMjYuNDgzLDExLjg1NywyNi40ODMsMjYuNDgzdjQ1OS4wMzQNCglDMzUzLjEwMyw1MDAuMTQzLDM0MS4yNDcsNTEyLDMyNi42MjEsNTEyeiIvPg0KPGNpcmNsZSBzdHlsZT0iZmlsbDojOTU5Q0I1OyIgY3g9IjI1NiIgY3k9IjQwNi4wNjkiIHI9IjYxLjc5MyIvPg0KPHBhdGggc3R5bGU9ImZpbGw6I0ZGNTA1MDsiIGQ9Ik0zMDguOTY2LDI0Ny4xNzJIMjAzLjAzNGMtNC44NzUsMC04LjgyOC0zLjk1My04LjgyOC04LjgyOFYxMTQuNzU5YzAtNC44NzUsMy45NTMtOC44MjgsOC44MjgtOC44MjgNCgloMTA1LjkzMWM0Ljg3NSwwLDguODI4LDMuOTUzLDguODI4LDguODI4djEyMy41ODZDMzE3Ljc5MywyNDMuMjIsMzEzLjg0MSwyNDcuMTcyLDMwOC45NjYsMjQ3LjE3MnoiLz4NCjxwYXRoIHN0eWxlPSJmaWxsOiM3Rjg0OTk7IiBkPSJNMzAwLjEzOCw3MC42MjFoLTg4LjI3NmMtOS43NTEsMC0xNy42NTUtNy45MDQtMTcuNjU1LTE3LjY1NWwwLDANCgljMC05Ljc1MSw3LjkwNC0xNy42NTUsMTcuNjU1LTE3LjY1NWg4OC4yNzZjOS43NTEsMCwxNy42NTUsNy45MDQsMTcuNjU1LDE3LjY1NWwwLDBDMzE3Ljc5Myw2Mi43MTcsMzA5Ljg4OSw3MC42MjEsMzAwLjEzOCw3MC42MjF6DQoJIi8+DQo8Zz4NCgk8cGF0aCBzdHlsZT0iZmlsbDojRkZGRkZGOyIgZD0iTTI5MS4zMSwxNTguODk3YzAtNC44NzktMy45NDgtOC44MjgtOC44MjgtOC44MjhzLTguODI4LDMuOTQ4LTguODI4LDguODI4DQoJCWMwLDkuNzMyLTcuOTIzLDE3LjY1NS0xNy42NTUsMTcuNjU1cy0xNy42NTUtNy45MjMtMTcuNjU1LTE3LjY1NWMwLTQuODc5LTMuOTQ4LTguODI4LTguODI4LTguODI4cy04LjgyOCwzLjk0OC04LjgyOCw4LjgyOA0KCQljMCwxNi40MDgsMTEuMjk1LDMwLjExMSwyNi40ODMsMzQuMDU3djEwLjA4MWMtNC44NzksMC04LjgyOCwzLjk0OC04LjgyOCw4LjgyOGMwLDQuODc5LDMuOTQ4LDguODI4LDguODI4LDguODI4aDE3LjY1NQ0KCQljNC44NzksMCw4LjgyOC0zLjk0OCw4LjgyOC04LjgyOGMwLTQuODc5LTMuOTQ4LTguODI4LTguODI4LTguODI4di0xMC4wODFDMjgwLjAxNSwxODkuMDA3LDI5MS4zMSwxNzUuMzA1LDI5MS4zMSwxNTguODk3eiIvPg0KCTxwYXRoIHN0eWxlPSJmaWxsOiNGRkZGRkY7IiBkPSJNMjU2LDE2Ny43MjRjNC44NzksMCw4LjgyOC0zLjk0OCw4LjgyOC04LjgyOHYtMTcuNjU1YzAtNC44NzktMy45NDgtOC44MjgtOC44MjgtOC44MjgNCgkJYy00Ljg3OSwwLTguODI4LDMuOTQ4LTguODI4LDguODI4djE3LjY1NUMyNDcuMTcyLDE2My43NzYsMjUxLjEyMSwxNjcuNzI0LDI1NiwxNjcuNzI0eiIvPg0KPC9nPg0KPGNpcmNsZSBzdHlsZT0iZmlsbDojRDVEQ0VEOyIgY3g9IjI1NiIgY3k9IjQwNi4wNjkiIHI9IjM1LjMxIi8+DQo8Y2lyY2xlIHN0eWxlPSJmaWxsOiM5NTlDQjU7IiBjeD0iMjExLjg2MiIgY3k9IjMwMC4xMzgiIHI9IjE3LjY1NSIvPg0KPGNpcmNsZSBzdHlsZT0iZmlsbDojRkY1MDUwOyIgY3g9IjMwMC4xMzgiIGN5PSIzMDAuMTM4IiByPSIxNy42NTUiLz4NCjxwYXRoIHN0eWxlPSJmaWxsOiNBRkI5RDI7IiBkPSJNMjcxLjY4Myw0MDguNzk3bC0yMi40NTEsMTMuNDcxYy0yLjEyMSwxLjI3Mi00LjgxOS0wLjI1NS00LjgxOS0yLjcyOXYtMjYuOTQxDQoJYzAtMi40NzMsMi42OTgtNCw0LjgxOS0yLjcyOGwyMi40NTEsMTMuNDdDMjczLjc0Miw0MDQuNTc2LDI3My43NDIsNDA3LjU2MiwyNzEuNjgzLDQwOC43OTd6Ii8+DQo8Zz4NCgk8Y2lyY2xlIHN0eWxlPSJmaWxsOiM3MDc0ODc7IiBjeD0iMjU2IiBjeT0iNTIuOTY2IiByPSIxNy42NTUiLz4NCgk8Y2lyY2xlIHN0eWxlPSJmaWxsOiM3MDc0ODc7IiBjeD0iMzAwLjEzOCIgY3k9IjUyLjk2NiIgcj0iMTcuNjU1Ii8+DQoJPGNpcmNsZSBzdHlsZT0iZmlsbDojNzA3NDg3OyIgY3g9IjIxMS44NjIiIGN5PSI1Mi45NjYiIHI9IjE3LjY1NSIvPg0KPC9nPg0KPGc+DQo8L2c+DQo8Zz4NCjwvZz4NCjxnPg0KPC9nPg0KPGc+DQo8L2c+DQo8Zz4NCjwvZz4NCjxnPg0KPC9nPg0KPGc+DQo8L2c+DQo8Zz4NCjwvZz4NCjxnPg0KPC9nPg0KPGc+DQo8L2c+DQo8Zz4NCjwvZz4NCjxnPg0KPC9nPg0KPGc+DQo8L2c+DQo8Zz4NCjwvZz4NCjxnPg0KPC9nPg0KPC9zdmc+DQo=', NULL, 'ICONO', 0, 2),
(4, 'Elemento-4', 'url-4', 'PHN2ZyB2ZXJzaW9uPSIxLjEiIGlkPSJMYXllcl8xIiB4bWxucz0iaHR0cDovL3d3dy53My5vcmcvMjAwMC9zdmciIHhtbG5zOnhsaW5rPSJodHRwOi8vd3d3LnczLm9yZy8xOTk5L3hsaW5rIiB4PSIwcHgiIHk9IjBweCINCgkgdmlld0JveD0iMCAwIDUxMiA1MTIiIHN0eWxlPSJlbmFibGUtYmFja2dyb3VuZDpuZXcgMCAwIDUxMiA1MTI7IiB4bWw6c3BhY2U9InByZXNlcnZlIj4NCjxwYXRoIHN0eWxlPSJmaWxsOiNDN0NGRTI7IiBkPSJNMzI2LjYyMSw1MTJIMTg1LjM3OWMtMTQuNjI2LDAtMjYuNDgzLTExLjg1Ny0yNi40ODMtMjYuNDgzVjI2LjQ4Mw0KCUMxNTguODk3LDExLjg1NywxNzAuNzUzLDAsMTg1LjM3OSwwaDE0MS4yNDFjMTQuNjI2LDAsMjYuNDgzLDExLjg1NywyNi40ODMsMjYuNDgzdjQ1OS4wMzQNCglDMzUzLjEwMyw1MDAuMTQzLDM0MS4yNDcsNTEyLDMyNi42MjEsNTEyeiIvPg0KPGNpcmNsZSBzdHlsZT0iZmlsbDojOTU5Q0I1OyIgY3g9IjI1NiIgY3k9IjQwNi4wNjkiIHI9IjYxLjc5MyIvPg0KPHBhdGggc3R5bGU9ImZpbGw6I0ZGNTA1MDsiIGQ9Ik0zMDguOTY2LDI0Ny4xNzJIMjAzLjAzNGMtNC44NzUsMC04LjgyOC0zLjk1My04LjgyOC04LjgyOFYxMTQuNzU5YzAtNC44NzUsMy45NTMtOC44MjgsOC44MjgtOC44MjgNCgloMTA1LjkzMWM0Ljg3NSwwLDguODI4LDMuOTUzLDguODI4LDguODI4djEyMy41ODZDMzE3Ljc5MywyNDMuMjIsMzEzLjg0MSwyNDcuMTcyLDMwOC45NjYsMjQ3LjE3MnoiLz4NCjxwYXRoIHN0eWxlPSJmaWxsOiM3Rjg0OTk7IiBkPSJNMzAwLjEzOCw3MC42MjFoLTg4LjI3NmMtOS43NTEsMC0xNy42NTUtNy45MDQtMTcuNjU1LTE3LjY1NWwwLDANCgljMC05Ljc1MSw3LjkwNC0xNy42NTUsMTcuNjU1LTE3LjY1NWg4OC4yNzZjOS43NTEsMCwxNy42NTUsNy45MDQsMTcuNjU1LDE3LjY1NWwwLDBDMzE3Ljc5Myw2Mi43MTcsMzA5Ljg4OSw3MC42MjEsMzAwLjEzOCw3MC42MjF6DQoJIi8+DQo8Zz4NCgk8cGF0aCBzdHlsZT0iZmlsbDojRkZGRkZGOyIgZD0iTTI5MS4zMSwxNTguODk3YzAtNC44NzktMy45NDgtOC44MjgtOC44MjgtOC44MjhzLTguODI4LDMuOTQ4LTguODI4LDguODI4DQoJCWMwLDkuNzMyLTcuOTIzLDE3LjY1NS0xNy42NTUsMTcuNjU1cy0xNy42NTUtNy45MjMtMTcuNjU1LTE3LjY1NWMwLTQuODc5LTMuOTQ4LTguODI4LTguODI4LTguODI4cy04LjgyOCwzLjk0OC04LjgyOCw4LjgyOA0KCQljMCwxNi40MDgsMTEuMjk1LDMwLjExMSwyNi40ODMsMzQuMDU3djEwLjA4MWMtNC44NzksMC04LjgyOCwzLjk0OC04LjgyOCw4LjgyOGMwLDQuODc5LDMuOTQ4LDguODI4LDguODI4LDguODI4aDE3LjY1NQ0KCQljNC44NzksMCw4LjgyOC0zLjk0OCw4LjgyOC04LjgyOGMwLTQuODc5LTMuOTQ4LTguODI4LTguODI4LTguODI4di0xMC4wODFDMjgwLjAxNSwxODkuMDA3LDI5MS4zMSwxNzUuMzA1LDI5MS4zMSwxNTguODk3eiIvPg0KCTxwYXRoIHN0eWxlPSJmaWxsOiNGRkZGRkY7IiBkPSJNMjU2LDE2Ny43MjRjNC44NzksMCw4LjgyOC0zLjk0OCw4LjgyOC04LjgyOHYtMTcuNjU1YzAtNC44NzktMy45NDgtOC44MjgtOC44MjgtOC44MjgNCgkJYy00Ljg3OSwwLTguODI4LDMuOTQ4LTguODI4LDguODI4djE3LjY1NUMyNDcuMTcyLDE2My43NzYsMjUxLjEyMSwxNjcuNzI0LDI1NiwxNjcuNzI0eiIvPg0KPC9nPg0KPGNpcmNsZSBzdHlsZT0iZmlsbDojRDVEQ0VEOyIgY3g9IjI1NiIgY3k9IjQwNi4wNjkiIHI9IjM1LjMxIi8+DQo8Y2lyY2xlIHN0eWxlPSJmaWxsOiM5NTlDQjU7IiBjeD0iMjExLjg2MiIgY3k9IjMwMC4xMzgiIHI9IjE3LjY1NSIvPg0KPGNpcmNsZSBzdHlsZT0iZmlsbDojRkY1MDUwOyIgY3g9IjMwMC4xMzgiIGN5PSIzMDAuMTM4IiByPSIxNy42NTUiLz4NCjxwYXRoIHN0eWxlPSJmaWxsOiNBRkI5RDI7IiBkPSJNMjcxLjY4Myw0MDguNzk3bC0yMi40NTEsMTMuNDcxYy0yLjEyMSwxLjI3Mi00LjgxOS0wLjI1NS00LjgxOS0yLjcyOXYtMjYuOTQxDQoJYzAtMi40NzMsMi42OTgtNCw0LjgxOS0yLjcyOGwyMi40NTEsMTMuNDdDMjczLjc0Miw0MDQuNTc2LDI3My43NDIsNDA3LjU2MiwyNzEuNjgzLDQwOC43OTd6Ii8+DQo8Zz4NCgk8Y2lyY2xlIHN0eWxlPSJmaWxsOiM3MDc0ODc7IiBjeD0iMjU2IiBjeT0iNTIuOTY2IiByPSIxNy42NTUiLz4NCgk8Y2lyY2xlIHN0eWxlPSJmaWxsOiM3MDc0ODc7IiBjeD0iMzAwLjEzOCIgY3k9IjUyLjk2NiIgcj0iMTcuNjU1Ii8+DQoJPGNpcmNsZSBzdHlsZT0iZmlsbDojNzA3NDg3OyIgY3g9IjIxMS44NjIiIGN5PSI1Mi45NjYiIHI9IjE3LjY1NSIvPg0KPC9nPg0KPGc+DQo8L2c+DQo8Zz4NCjwvZz4NCjxnPg0KPC9nPg0KPGc+DQo8L2c+DQo8Zz4NCjwvZz4NCjxnPg0KPC9nPg0KPGc+DQo8L2c+DQo8Zz4NCjwvZz4NCjxnPg0KPC9nPg0KPGc+DQo8L2c+DQo8Zz4NCjwvZz4NCjxnPg0KPC9nPg0KPGc+DQo8L2c+DQo8Zz4NCjwvZz4NCjxnPg0KPC9nPg0KPC9zdmc+DQo=', NULL, 'ICONO', 0, 2),
(5, 'Elemento-5', 'url-5', 'PHN2ZyB2ZXJzaW9uPSIxLjEiIGlkPSJMYXllcl8xIiB4bWxucz0iaHR0cDovL3d3dy53My5vcmcvMjAwMC9zdmciIHhtbG5zOnhsaW5rPSJodHRwOi8vd3d3LnczLm9yZy8xOTk5L3hsaW5rIiB4PSIwcHgiIHk9IjBweCINCgkgdmlld0JveD0iMCAwIDUxMiA1MTIiIHN0eWxlPSJlbmFibGUtYmFja2dyb3VuZDpuZXcgMCAwIDUxMiA1MTI7IiB4bWw6c3BhY2U9InByZXNlcnZlIj4NCjxwYXRoIHN0eWxlPSJmaWxsOiNDN0NGRTI7IiBkPSJNMzI2LjYyMSw1MTJIMTg1LjM3OWMtMTQuNjI2LDAtMjYuNDgzLTExLjg1Ny0yNi40ODMtMjYuNDgzVjI2LjQ4Mw0KCUMxNTguODk3LDExLjg1NywxNzAuNzUzLDAsMTg1LjM3OSwwaDE0MS4yNDFjMTQuNjI2LDAsMjYuNDgzLDExLjg1NywyNi40ODMsMjYuNDgzdjQ1OS4wMzQNCglDMzUzLjEwMyw1MDAuMTQzLDM0MS4yNDcsNTEyLDMyNi42MjEsNTEyeiIvPg0KPGNpcmNsZSBzdHlsZT0iZmlsbDojOTU5Q0I1OyIgY3g9IjI1NiIgY3k9IjQwNi4wNjkiIHI9IjYxLjc5MyIvPg0KPHBhdGggc3R5bGU9ImZpbGw6I0ZGNTA1MDsiIGQ9Ik0zMDguOTY2LDI0Ny4xNzJIMjAzLjAzNGMtNC44NzUsMC04LjgyOC0zLjk1My04LjgyOC04LjgyOFYxMTQuNzU5YzAtNC44NzUsMy45NTMtOC44MjgsOC44MjgtOC44MjgNCgloMTA1LjkzMWM0Ljg3NSwwLDguODI4LDMuOTUzLDguODI4LDguODI4djEyMy41ODZDMzE3Ljc5MywyNDMuMjIsMzEzLjg0MSwyNDcuMTcyLDMwOC45NjYsMjQ3LjE3MnoiLz4NCjxwYXRoIHN0eWxlPSJmaWxsOiM3Rjg0OTk7IiBkPSJNMzAwLjEzOCw3MC42MjFoLTg4LjI3NmMtOS43NTEsMC0xNy42NTUtNy45MDQtMTcuNjU1LTE3LjY1NWwwLDANCgljMC05Ljc1MSw3LjkwNC0xNy42NTUsMTcuNjU1LTE3LjY1NWg4OC4yNzZjOS43NTEsMCwxNy42NTUsNy45MDQsMTcuNjU1LDE3LjY1NWwwLDBDMzE3Ljc5Myw2Mi43MTcsMzA5Ljg4OSw3MC42MjEsMzAwLjEzOCw3MC42MjF6DQoJIi8+DQo8Zz4NCgk8cGF0aCBzdHlsZT0iZmlsbDojRkZGRkZGOyIgZD0iTTI5MS4zMSwxNTguODk3YzAtNC44NzktMy45NDgtOC44MjgtOC44MjgtOC44MjhzLTguODI4LDMuOTQ4LTguODI4LDguODI4DQoJCWMwLDkuNzMyLTcuOTIzLDE3LjY1NS0xNy42NTUsMTcuNjU1cy0xNy42NTUtNy45MjMtMTcuNjU1LTE3LjY1NWMwLTQuODc5LTMuOTQ4LTguODI4LTguODI4LTguODI4cy04LjgyOCwzLjk0OC04LjgyOCw4LjgyOA0KCQljMCwxNi40MDgsMTEuMjk1LDMwLjExMSwyNi40ODMsMzQuMDU3djEwLjA4MWMtNC44NzksMC04LjgyOCwzLjk0OC04LjgyOCw4LjgyOGMwLDQuODc5LDMuOTQ4LDguODI4LDguODI4LDguODI4aDE3LjY1NQ0KCQljNC44NzksMCw4LjgyOC0zLjk0OCw4LjgyOC04LjgyOGMwLTQuODc5LTMuOTQ4LTguODI4LTguODI4LTguODI4di0xMC4wODFDMjgwLjAxNSwxODkuMDA3LDI5MS4zMSwxNzUuMzA1LDI5MS4zMSwxNTguODk3eiIvPg0KCTxwYXRoIHN0eWxlPSJmaWxsOiNGRkZGRkY7IiBkPSJNMjU2LDE2Ny43MjRjNC44NzksMCw4LjgyOC0zLjk0OCw4LjgyOC04LjgyOHYtMTcuNjU1YzAtNC44NzktMy45NDgtOC44MjgtOC44MjgtOC44MjgNCgkJYy00Ljg3OSwwLTguODI4LDMuOTQ4LTguODI4LDguODI4djE3LjY1NUMyNDcuMTcyLDE2My43NzYsMjUxLjEyMSwxNjcuNzI0LDI1NiwxNjcuNzI0eiIvPg0KPC9nPg0KPGNpcmNsZSBzdHlsZT0iZmlsbDojRDVEQ0VEOyIgY3g9IjI1NiIgY3k9IjQwNi4wNjkiIHI9IjM1LjMxIi8+DQo8Y2lyY2xlIHN0eWxlPSJmaWxsOiM5NTlDQjU7IiBjeD0iMjExLjg2MiIgY3k9IjMwMC4xMzgiIHI9IjE3LjY1NSIvPg0KPGNpcmNsZSBzdHlsZT0iZmlsbDojRkY1MDUwOyIgY3g9IjMwMC4xMzgiIGN5PSIzMDAuMTM4IiByPSIxNy42NTUiLz4NCjxwYXRoIHN0eWxlPSJmaWxsOiNBRkI5RDI7IiBkPSJNMjcxLjY4Myw0MDguNzk3bC0yMi40NTEsMTMuNDcxYy0yLjEyMSwxLjI3Mi00LjgxOS0wLjI1NS00LjgxOS0yLjcyOXYtMjYuOTQxDQoJYzAtMi40NzMsMi42OTgtNCw0LjgxOS0yLjcyOGwyMi40NTEsMTMuNDdDMjczLjc0Miw0MDQuNTc2LDI3My43NDIsNDA3LjU2MiwyNzEuNjgzLDQwOC43OTd6Ii8+DQo8Zz4NCgk8Y2lyY2xlIHN0eWxlPSJmaWxsOiM3MDc0ODc7IiBjeD0iMjU2IiBjeT0iNTIuOTY2IiByPSIxNy42NTUiLz4NCgk8Y2lyY2xlIHN0eWxlPSJmaWxsOiM3MDc0ODc7IiBjeD0iMzAwLjEzOCIgY3k9IjUyLjk2NiIgcj0iMTcuNjU1Ii8+DQoJPGNpcmNsZSBzdHlsZT0iZmlsbDojNzA3NDg3OyIgY3g9IjIxMS44NjIiIGN5PSI1Mi45NjYiIHI9IjE3LjY1NSIvPg0KPC9nPg0KPGc+DQo8L2c+DQo8Zz4NCjwvZz4NCjxnPg0KPC9nPg0KPGc+DQo8L2c+DQo8Zz4NCjwvZz4NCjxnPg0KPC9nPg0KPGc+DQo8L2c+DQo8Zz4NCjwvZz4NCjxnPg0KPC9nPg0KPGc+DQo8L2c+DQo8Zz4NCjwvZz4NCjxnPg0KPC9nPg0KPGc+DQo8L2c+DQo8Zz4NCjwvZz4NCjxnPg0KPC9nPg0KPC9zdmc+DQo=', NULL, 'ICONO', 0, 1),
(6, 'Elemento-6', 'url-6', 'PHN2ZyB2ZXJzaW9uPSIxLjEiIGlkPSJMYXllcl8xIiB4bWxucz0iaHR0cDovL3d3dy53My5vcmcvMjAwMC9zdmciIHhtbG5zOnhsaW5rPSJodHRwOi8vd3d3LnczLm9yZy8xOTk5L3hsaW5rIiB4PSIwcHgiIHk9IjBweCINCgkgdmlld0JveD0iMCAwIDUxMiA1MTIiIHN0eWxlPSJlbmFibGUtYmFja2dyb3VuZDpuZXcgMCAwIDUxMiA1MTI7IiB4bWw6c3BhY2U9InByZXNlcnZlIj4NCjxwYXRoIHN0eWxlPSJmaWxsOiNDN0NGRTI7IiBkPSJNMzI2LjYyMSw1MTJIMTg1LjM3OWMtMTQuNjI2LDAtMjYuNDgzLTExLjg1Ny0yNi40ODMtMjYuNDgzVjI2LjQ4Mw0KCUMxNTguODk3LDExLjg1NywxNzAuNzUzLDAsMTg1LjM3OSwwaDE0MS4yNDFjMTQuNjI2LDAsMjYuNDgzLDExLjg1NywyNi40ODMsMjYuNDgzdjQ1OS4wMzQNCglDMzUzLjEwMyw1MDAuMTQzLDM0MS4yNDcsNTEyLDMyNi42MjEsNTEyeiIvPg0KPGNpcmNsZSBzdHlsZT0iZmlsbDojOTU5Q0I1OyIgY3g9IjI1NiIgY3k9IjQwNi4wNjkiIHI9IjYxLjc5MyIvPg0KPHBhdGggc3R5bGU9ImZpbGw6I0ZGNTA1MDsiIGQ9Ik0zMDguOTY2LDI0Ny4xNzJIMjAzLjAzNGMtNC44NzUsMC04LjgyOC0zLjk1My04LjgyOC04LjgyOFYxMTQuNzU5YzAtNC44NzUsMy45NTMtOC44MjgsOC44MjgtOC44MjgNCgloMTA1LjkzMWM0Ljg3NSwwLDguODI4LDMuOTUzLDguODI4LDguODI4djEyMy41ODZDMzE3Ljc5MywyNDMuMjIsMzEzLjg0MSwyNDcuMTcyLDMwOC45NjYsMjQ3LjE3MnoiLz4NCjxwYXRoIHN0eWxlPSJmaWxsOiM3Rjg0OTk7IiBkPSJNMzAwLjEzOCw3MC42MjFoLTg4LjI3NmMtOS43NTEsMC0xNy42NTUtNy45MDQtMTcuNjU1LTE3LjY1NWwwLDANCgljMC05Ljc1MSw3LjkwNC0xNy42NTUsMTcuNjU1LTE3LjY1NWg4OC4yNzZjOS43NTEsMCwxNy42NTUsNy45MDQsMTcuNjU1LDE3LjY1NWwwLDBDMzE3Ljc5Myw2Mi43MTcsMzA5Ljg4OSw3MC42MjEsMzAwLjEzOCw3MC42MjF6DQoJIi8+DQo8Zz4NCgk8cGF0aCBzdHlsZT0iZmlsbDojRkZGRkZGOyIgZD0iTTI5MS4zMSwxNTguODk3YzAtNC44NzktMy45NDgtOC44MjgtOC44MjgtOC44MjhzLTguODI4LDMuOTQ4LTguODI4LDguODI4DQoJCWMwLDkuNzMyLTcuOTIzLDE3LjY1NS0xNy42NTUsMTcuNjU1cy0xNy42NTUtNy45MjMtMTcuNjU1LTE3LjY1NWMwLTQuODc5LTMuOTQ4LTguODI4LTguODI4LTguODI4cy04LjgyOCwzLjk0OC04LjgyOCw4LjgyOA0KCQljMCwxNi40MDgsMTEuMjk1LDMwLjExMSwyNi40ODMsMzQuMDU3djEwLjA4MWMtNC44NzksMC04LjgyOCwzLjk0OC04LjgyOCw4LjgyOGMwLDQuODc5LDMuOTQ4LDguODI4LDguODI4LDguODI4aDE3LjY1NQ0KCQljNC44NzksMCw4LjgyOC0zLjk0OCw4LjgyOC04LjgyOGMwLTQuODc5LTMuOTQ4LTguODI4LTguODI4LTguODI4di0xMC4wODFDMjgwLjAxNSwxODkuMDA3LDI5MS4zMSwxNzUuMzA1LDI5MS4zMSwxNTguODk3eiIvPg0KCTxwYXRoIHN0eWxlPSJmaWxsOiNGRkZGRkY7IiBkPSJNMjU2LDE2Ny43MjRjNC44NzksMCw4LjgyOC0zLjk0OCw4LjgyOC04LjgyOHYtMTcuNjU1YzAtNC44NzktMy45NDgtOC44MjgtOC44MjgtOC44MjgNCgkJYy00Ljg3OSwwLTguODI4LDMuOTQ4LTguODI4LDguODI4djE3LjY1NUMyNDcuMTcyLDE2My43NzYsMjUxLjEyMSwxNjcuNzI0LDI1NiwxNjcuNzI0eiIvPg0KPC9nPg0KPGNpcmNsZSBzdHlsZT0iZmlsbDojRDVEQ0VEOyIgY3g9IjI1NiIgY3k9IjQwNi4wNjkiIHI9IjM1LjMxIi8+DQo8Y2lyY2xlIHN0eWxlPSJmaWxsOiM5NTlDQjU7IiBjeD0iMjExLjg2MiIgY3k9IjMwMC4xMzgiIHI9IjE3LjY1NSIvPg0KPGNpcmNsZSBzdHlsZT0iZmlsbDojRkY1MDUwOyIgY3g9IjMwMC4xMzgiIGN5PSIzMDAuMTM4IiByPSIxNy42NTUiLz4NCjxwYXRoIHN0eWxlPSJmaWxsOiNBRkI5RDI7IiBkPSJNMjcxLjY4Myw0MDguNzk3bC0yMi40NTEsMTMuNDcxYy0yLjEyMSwxLjI3Mi00LjgxOS0wLjI1NS00LjgxOS0yLjcyOXYtMjYuOTQxDQoJYzAtMi40NzMsMi42OTgtNCw0LjgxOS0yLjcyOGwyMi40NTEsMTMuNDdDMjczLjc0Miw0MDQuNTc2LDI3My43NDIsNDA3LjU2MiwyNzEuNjgzLDQwOC43OTd6Ii8+DQo8Zz4NCgk8Y2lyY2xlIHN0eWxlPSJmaWxsOiM3MDc0ODc7IiBjeD0iMjU2IiBjeT0iNTIuOTY2IiByPSIxNy42NTUiLz4NCgk8Y2lyY2xlIHN0eWxlPSJmaWxsOiM3MDc0ODc7IiBjeD0iMzAwLjEzOCIgY3k9IjUyLjk2NiIgcj0iMTcuNjU1Ii8+DQoJPGNpcmNsZSBzdHlsZT0iZmlsbDojNzA3NDg3OyIgY3g9IjIxMS44NjIiIGN5PSI1Mi45NjYiIHI9IjE3LjY1NSIvPg0KPC9nPg0KPGc+DQo8L2c+DQo8Zz4NCjwvZz4NCjxnPg0KPC9nPg0KPGc+DQo8L2c+DQo8Zz4NCjwvZz4NCjxnPg0KPC9nPg0KPGc+DQo8L2c+DQo8Zz4NCjwvZz4NCjxnPg0KPC9nPg0KPGc+DQo8L2c+DQo8Zz4NCjwvZz4NCjxnPg0KPC9nPg0KPGc+DQo8L2c+DQo8Zz4NCjwvZz4NCjxnPg0KPC9nPg0KPC9zdmc+DQo=', NULL, 'ICONO', 0, 1),
(7, 'Elemento-7', 'url-7', 'PHN2ZyB2ZXJzaW9uPSIxLjEiIGlkPSJMYXllcl8xIiB4bWxucz0iaHR0cDovL3d3dy53My5vcmcvMjAwMC9zdmciIHhtbG5zOnhsaW5rPSJodHRwOi8vd3d3LnczLm9yZy8xOTk5L3hsaW5rIiB4PSIwcHgiIHk9IjBweCINCgkgdmlld0JveD0iMCAwIDUxMiA1MTIiIHN0eWxlPSJlbmFibGUtYmFja2dyb3VuZDpuZXcgMCAwIDUxMiA1MTI7IiB4bWw6c3BhY2U9InByZXNlcnZlIj4NCjxwYXRoIHN0eWxlPSJmaWxsOiNDN0NGRTI7IiBkPSJNMzI2LjYyMSw1MTJIMTg1LjM3OWMtMTQuNjI2LDAtMjYuNDgzLTExLjg1Ny0yNi40ODMtMjYuNDgzVjI2LjQ4Mw0KCUMxNTguODk3LDExLjg1NywxNzAuNzUzLDAsMTg1LjM3OSwwaDE0MS4yNDFjMTQuNjI2LDAsMjYuNDgzLDExLjg1NywyNi40ODMsMjYuNDgzdjQ1OS4wMzQNCglDMzUzLjEwMyw1MDAuMTQzLDM0MS4yNDcsNTEyLDMyNi42MjEsNTEyeiIvPg0KPGNpcmNsZSBzdHlsZT0iZmlsbDojOTU5Q0I1OyIgY3g9IjI1NiIgY3k9IjQwNi4wNjkiIHI9IjYxLjc5MyIvPg0KPHBhdGggc3R5bGU9ImZpbGw6I0ZGNTA1MDsiIGQ9Ik0zMDguOTY2LDI0Ny4xNzJIMjAzLjAzNGMtNC44NzUsMC04LjgyOC0zLjk1My04LjgyOC04LjgyOFYxMTQuNzU5YzAtNC44NzUsMy45NTMtOC44MjgsOC44MjgtOC44MjgNCgloMTA1LjkzMWM0Ljg3NSwwLDguODI4LDMuOTUzLDguODI4LDguODI4djEyMy41ODZDMzE3Ljc5MywyNDMuMjIsMzEzLjg0MSwyNDcuMTcyLDMwOC45NjYsMjQ3LjE3MnoiLz4NCjxwYXRoIHN0eWxlPSJmaWxsOiM3Rjg0OTk7IiBkPSJNMzAwLjEzOCw3MC42MjFoLTg4LjI3NmMtOS43NTEsMC0xNy42NTUtNy45MDQtMTcuNjU1LTE3LjY1NWwwLDANCgljMC05Ljc1MSw3LjkwNC0xNy42NTUsMTcuNjU1LTE3LjY1NWg4OC4yNzZjOS43NTEsMCwxNy42NTUsNy45MDQsMTcuNjU1LDE3LjY1NWwwLDBDMzE3Ljc5Myw2Mi43MTcsMzA5Ljg4OSw3MC42MjEsMzAwLjEzOCw3MC42MjF6DQoJIi8+DQo8Zz4NCgk8cGF0aCBzdHlsZT0iZmlsbDojRkZGRkZGOyIgZD0iTTI5MS4zMSwxNTguODk3YzAtNC44NzktMy45NDgtOC44MjgtOC44MjgtOC44MjhzLTguODI4LDMuOTQ4LTguODI4LDguODI4DQoJCWMwLDkuNzMyLTcuOTIzLDE3LjY1NS0xNy42NTUsMTcuNjU1cy0xNy42NTUtNy45MjMtMTcuNjU1LTE3LjY1NWMwLTQuODc5LTMuOTQ4LTguODI4LTguODI4LTguODI4cy04LjgyOCwzLjk0OC04LjgyOCw4LjgyOA0KCQljMCwxNi40MDgsMTEuMjk1LDMwLjExMSwyNi40ODMsMzQuMDU3djEwLjA4MWMtNC44NzksMC04LjgyOCwzLjk0OC04LjgyOCw4LjgyOGMwLDQuODc5LDMuOTQ4LDguODI4LDguODI4LDguODI4aDE3LjY1NQ0KCQljNC44NzksMCw4LjgyOC0zLjk0OCw4LjgyOC04LjgyOGMwLTQuODc5LTMuOTQ4LTguODI4LTguODI4LTguODI4di0xMC4wODFDMjgwLjAxNSwxODkuMDA3LDI5MS4zMSwxNzUuMzA1LDI5MS4zMSwxNTguODk3eiIvPg0KCTxwYXRoIHN0eWxlPSJmaWxsOiNGRkZGRkY7IiBkPSJNMjU2LDE2Ny43MjRjNC44NzksMCw4LjgyOC0zLjk0OCw4LjgyOC04LjgyOHYtMTcuNjU1YzAtNC44NzktMy45NDgtOC44MjgtOC44MjgtOC44MjgNCgkJYy00Ljg3OSwwLTguODI4LDMuOTQ4LTguODI4LDguODI4djE3LjY1NUMyNDcuMTcyLDE2My43NzYsMjUxLjEyMSwxNjcuNzI0LDI1NiwxNjcuNzI0eiIvPg0KPC9nPg0KPGNpcmNsZSBzdHlsZT0iZmlsbDojRDVEQ0VEOyIgY3g9IjI1NiIgY3k9IjQwNi4wNjkiIHI9IjM1LjMxIi8+DQo8Y2lyY2xlIHN0eWxlPSJmaWxsOiM5NTlDQjU7IiBjeD0iMjExLjg2MiIgY3k9IjMwMC4xMzgiIHI9IjE3LjY1NSIvPg0KPGNpcmNsZSBzdHlsZT0iZmlsbDojRkY1MDUwOyIgY3g9IjMwMC4xMzgiIGN5PSIzMDAuMTM4IiByPSIxNy42NTUiLz4NCjxwYXRoIHN0eWxlPSJmaWxsOiNBRkI5RDI7IiBkPSJNMjcxLjY4Myw0MDguNzk3bC0yMi40NTEsMTMuNDcxYy0yLjEyMSwxLjI3Mi00LjgxOS0wLjI1NS00LjgxOS0yLjcyOXYtMjYuOTQxDQoJYzAtMi40NzMsMi42OTgtNCw0LjgxOS0yLjcyOGwyMi40NTEsMTMuNDdDMjczLjc0Miw0MDQuNTc2LDI3My43NDIsNDA3LjU2MiwyNzEuNjgzLDQwOC43OTd6Ii8+DQo8Zz4NCgk8Y2lyY2xlIHN0eWxlPSJmaWxsOiM3MDc0ODc7IiBjeD0iMjU2IiBjeT0iNTIuOTY2IiByPSIxNy42NTUiLz4NCgk8Y2lyY2xlIHN0eWxlPSJmaWxsOiM3MDc0ODc7IiBjeD0iMzAwLjEzOCIgY3k9IjUyLjk2NiIgcj0iMTcuNjU1Ii8+DQoJPGNpcmNsZSBzdHlsZT0iZmlsbDojNzA3NDg3OyIgY3g9IjIxMS44NjIiIGN5PSI1Mi45NjYiIHI9IjE3LjY1NSIvPg0KPC9nPg0KPGc+DQo8L2c+DQo8Zz4NCjwvZz4NCjxnPg0KPC9nPg0KPGc+DQo8L2c+DQo8Zz4NCjwvZz4NCjxnPg0KPC9nPg0KPGc+DQo8L2c+DQo8Zz4NCjwvZz4NCjxnPg0KPC9nPg0KPGc+DQo8L2c+DQo8Zz4NCjwvZz4NCjxnPg0KPC9nPg0KPGc+DQo8L2c+DQo8Zz4NCjwvZz4NCjxnPg0KPC9nPg0KPC9zdmc+DQo=', NULL, 'ICONO', 0, 2),
(8, 'Elemento-8', 'url-8', 'PHN2ZyB2ZXJzaW9uPSIxLjEiIGlkPSJMYXllcl8xIiB4bWxucz0iaHR0cDovL3d3dy53My5vcmcvMjAwMC9zdmciIHhtbG5zOnhsaW5rPSJodHRwOi8vd3d3LnczLm9yZy8xOTk5L3hsaW5rIiB4PSIwcHgiIHk9IjBweCINCgkgdmlld0JveD0iMCAwIDUxMiA1MTIiIHN0eWxlPSJlbmFibGUtYmFja2dyb3VuZDpuZXcgMCAwIDUxMiA1MTI7IiB4bWw6c3BhY2U9InByZXNlcnZlIj4NCjxwYXRoIHN0eWxlPSJmaWxsOiNDN0NGRTI7IiBkPSJNMzI2LjYyMSw1MTJIMTg1LjM3OWMtMTQuNjI2LDAtMjYuNDgzLTExLjg1Ny0yNi40ODMtMjYuNDgzVjI2LjQ4Mw0KCUMxNTguODk3LDExLjg1NywxNzAuNzUzLDAsMTg1LjM3OSwwaDE0MS4yNDFjMTQuNjI2LDAsMjYuNDgzLDExLjg1NywyNi40ODMsMjYuNDgzdjQ1OS4wMzQNCglDMzUzLjEwMyw1MDAuMTQzLDM0MS4yNDcsNTEyLDMyNi42MjEsNTEyeiIvPg0KPGNpcmNsZSBzdHlsZT0iZmlsbDojOTU5Q0I1OyIgY3g9IjI1NiIgY3k9IjQwNi4wNjkiIHI9IjYxLjc5MyIvPg0KPHBhdGggc3R5bGU9ImZpbGw6I0ZGNTA1MDsiIGQ9Ik0zMDguOTY2LDI0Ny4xNzJIMjAzLjAzNGMtNC44NzUsMC04LjgyOC0zLjk1My04LjgyOC04LjgyOFYxMTQuNzU5YzAtNC44NzUsMy45NTMtOC44MjgsOC44MjgtOC44MjgNCgloMTA1LjkzMWM0Ljg3NSwwLDguODI4LDMuOTUzLDguODI4LDguODI4djEyMy41ODZDMzE3Ljc5MywyNDMuMjIsMzEzLjg0MSwyNDcuMTcyLDMwOC45NjYsMjQ3LjE3MnoiLz4NCjxwYXRoIHN0eWxlPSJmaWxsOiM3Rjg0OTk7IiBkPSJNMzAwLjEzOCw3MC42MjFoLTg4LjI3NmMtOS43NTEsMC0xNy42NTUtNy45MDQtMTcuNjU1LTE3LjY1NWwwLDANCgljMC05Ljc1MSw3LjkwNC0xNy42NTUsMTcuNjU1LTE3LjY1NWg4OC4yNzZjOS43NTEsMCwxNy42NTUsNy45MDQsMTcuNjU1LDE3LjY1NWwwLDBDMzE3Ljc5Myw2Mi43MTcsMzA5Ljg4OSw3MC42MjEsMzAwLjEzOCw3MC42MjF6DQoJIi8+DQo8Zz4NCgk8cGF0aCBzdHlsZT0iZmlsbDojRkZGRkZGOyIgZD0iTTI5MS4zMSwxNTguODk3YzAtNC44NzktMy45NDgtOC44MjgtOC44MjgtOC44MjhzLTguODI4LDMuOTQ4LTguODI4LDguODI4DQoJCWMwLDkuNzMyLTcuOTIzLDE3LjY1NS0xNy42NTUsMTcuNjU1cy0xNy42NTUtNy45MjMtMTcuNjU1LTE3LjY1NWMwLTQuODc5LTMuOTQ4LTguODI4LTguODI4LTguODI4cy04LjgyOCwzLjk0OC04LjgyOCw4LjgyOA0KCQljMCwxNi40MDgsMTEuMjk1LDMwLjExMSwyNi40ODMsMzQuMDU3djEwLjA4MWMtNC44NzksMC04LjgyOCwzLjk0OC04LjgyOCw4LjgyOGMwLDQuODc5LDMuOTQ4LDguODI4LDguODI4LDguODI4aDE3LjY1NQ0KCQljNC44NzksMCw4LjgyOC0zLjk0OCw4LjgyOC04LjgyOGMwLTQuODc5LTMuOTQ4LTguODI4LTguODI4LTguODI4di0xMC4wODFDMjgwLjAxNSwxODkuMDA3LDI5MS4zMSwxNzUuMzA1LDI5MS4zMSwxNTguODk3eiIvPg0KCTxwYXRoIHN0eWxlPSJmaWxsOiNGRkZGRkY7IiBkPSJNMjU2LDE2Ny43MjRjNC44NzksMCw4LjgyOC0zLjk0OCw4LjgyOC04LjgyOHYtMTcuNjU1YzAtNC44NzktMy45NDgtOC44MjgtOC44MjgtOC44MjgNCgkJYy00Ljg3OSwwLTguODI4LDMuOTQ4LTguODI4LDguODI4djE3LjY1NUMyNDcuMTcyLDE2My43NzYsMjUxLjEyMSwxNjcuNzI0LDI1NiwxNjcuNzI0eiIvPg0KPC9nPg0KPGNpcmNsZSBzdHlsZT0iZmlsbDojRDVEQ0VEOyIgY3g9IjI1NiIgY3k9IjQwNi4wNjkiIHI9IjM1LjMxIi8+DQo8Y2lyY2xlIHN0eWxlPSJmaWxsOiM5NTlDQjU7IiBjeD0iMjExLjg2MiIgY3k9IjMwMC4xMzgiIHI9IjE3LjY1NSIvPg0KPGNpcmNsZSBzdHlsZT0iZmlsbDojRkY1MDUwOyIgY3g9IjMwMC4xMzgiIGN5PSIzMDAuMTM4IiByPSIxNy42NTUiLz4NCjxwYXRoIHN0eWxlPSJmaWxsOiNBRkI5RDI7IiBkPSJNMjcxLjY4Myw0MDguNzk3bC0yMi40NTEsMTMuNDcxYy0yLjEyMSwxLjI3Mi00LjgxOS0wLjI1NS00LjgxOS0yLjcyOXYtMjYuOTQxDQoJYzAtMi40NzMsMi42OTgtNCw0LjgxOS0yLjcyOGwyMi40NTEsMTMuNDdDMjczLjc0Miw0MDQuNTc2LDI3My43NDIsNDA3LjU2MiwyNzEuNjgzLDQwOC43OTd6Ii8+DQo8Zz4NCgk8Y2lyY2xlIHN0eWxlPSJmaWxsOiM3MDc0ODc7IiBjeD0iMjU2IiBjeT0iNTIuOTY2IiByPSIxNy42NTUiLz4NCgk8Y2lyY2xlIHN0eWxlPSJmaWxsOiM3MDc0ODc7IiBjeD0iMzAwLjEzOCIgY3k9IjUyLjk2NiIgcj0iMTcuNjU1Ii8+DQoJPGNpcmNsZSBzdHlsZT0iZmlsbDojNzA3NDg3OyIgY3g9IjIxMS44NjIiIGN5PSI1Mi45NjYiIHI9IjE3LjY1NSIvPg0KPC9nPg0KPGc+DQo8L2c+DQo8Zz4NCjwvZz4NCjxnPg0KPC9nPg0KPGc+DQo8L2c+DQo8Zz4NCjwvZz4NCjxnPg0KPC9nPg0KPGc+DQo8L2c+DQo8Zz4NCjwvZz4NCjxnPg0KPC9nPg0KPGc+DQo8L2c+DQo8Zz4NCjwvZz4NCjxnPg0KPC9nPg0KPGc+DQo8L2c+DQo8Zz4NCjwvZz4NCjxnPg0KPC9nPg0KPC9zdmc+DQo=', NULL, 'ICONO', 0, 2);

-- --------------------------------------------------------

--
-- Estructura de tabla para la tabla `elementos_has_etiquetas`
--

CREATE TABLE `elementos_has_etiquetas` (
  `elementos_idElemento` int(11) NOT NULL,
  `etiquetas_idEtiqueta` int(11) NOT NULL
) ENGINE=InnoDB DEFAULT CHARSET=utf8;

-- --------------------------------------------------------

--
-- Estructura de tabla para la tabla `elementos_has_preferencias`
--

CREATE TABLE `elementos_has_preferencias` (
  `elementos_idElemento` int(11) NOT NULL,
  `preferencias_idPreferencia` int(11) NOT NULL,
  `valor` int(11) NOT NULL
) ENGINE=InnoDB DEFAULT CHARSET=utf8;

--
-- Volcado de datos para la tabla `elementos_has_preferencias`
--

INSERT INTO `elementos_has_preferencias` (`elementos_idElemento`, `preferencias_idPreferencia`, `valor`) VALUES
(1, 1, 1),
(1, 2, 2),
(1, 3, 0),
(1, 4, 1),
(1, 5, 2),
(1, 6, 0),
(1, 7, 1),
(2, 1, 1),
(2, 2, 2),
(2, 3, 0),
(2, 4, 1),
(2, 5, 2),
(2, 6, 0),
(2, 7, 1),
(3, 1, 1),
(3, 2, 2),
(3, 3, 0),
(3, 4, 1),
(3, 5, 2),
(3, 6, 0),
(3, 7, 1),
(4, 1, 2),
(4, 2, 1),
(4, 3, 0),
(4, 4, 2),
(4, 5, 1),
(4, 6, 1),
(4, 7, 2),
(5, 1, 2),
(5, 2, 1),
(5, 3, 0),
(5, 4, 2),
(5, 5, 1),
(5, 6, 1),
(5, 7, 2),
(6, 1, 2),
(6, 2, 1),
(6, 3, 0),
(6, 4, 2),
(6, 5, 1),
(6, 6, 1),
(6, 7, 2),
(7, 1, 2),
(7, 2, 1),
(7, 3, 0),
(7, 4, 2),
(7, 5, 1),
(7, 6, 1),
(7, 7, 2),
(8, 1, 2),
(8, 2, 2),
(8, 3, 0),
(8, 4, 2),
(8, 5, 1),
(8, 6, 1),
(8, 7, 2);

-- --------------------------------------------------------

--
-- Estructura de tabla para la tabla `etiquetas`
--

CREATE TABLE `etiquetas` (
  `idEtiqueta` int(11) NOT NULL,
  `nombreEtiqueta` varchar(45) NOT NULL
) ENGINE=InnoDB DEFAULT CHARSET=utf8;

-- --------------------------------------------------------

--
-- Estructura de tabla para la tabla `logos`
--

CREATE TABLE `logos` (
  `idLogo` int(11) NOT NULL,
  `tipoLogo` enum('Editable','Descargable') NOT NULL,
  `logo` text NOT NULL,
  `clientes_idCliente` int(11) NOT NULL,
  `elementos_idElemento` int(11) NOT NULL
) ENGINE=InnoDB DEFAULT CHARSET=utf8;

--
-- Volcado de datos para la tabla `logos`
--

INSERT INTO `logos` (`idLogo`, `tipoLogo`, `logo`, `clientes_idCliente`, `elementos_idElemento`) VALUES
(1, 'Descargable', 'PD94bWwgdmVyc2lvbj0iMS4wIiBlbmNvZGluZz0iaXNvLTg4NTktMSI/PjxzdmcgdmVyc2lvbj0iMS4xIiBpZD0iTGF5ZXJfMSIgd2lkdGg9IjkwMCIgaGVpZ2h0PSI0ODAiIHhtbG5zPSJodHRwOi8vd3d3LnczLm9yZy8yMDAwL3N2ZyIgeG1sbnM6eGxpbms9Imh0dHA6Ly93d3cudzMub3JnLzE5OTkveGxpbmsiIHg9IjBweCIgeT0iMHB4IiB2aWV3Qm94PSIwIDAgNTEyIDUxMiIgc3R5bGU9ImVuYWJsZS1iYWNrZ3JvdW5kOm5ldyAwIDAgNTEyIDUxMjsiIHhtbDpzcGFjZT0icHJlc2VydmUiPjxwYXRoIHN0eWxlPSJmaWxsOiM5QkY1N0Q7IiBkPSJNMTczLjU1OSw5NS40NThjMCw2LjU3MSwwLjk5NSwxMi45MDcsMi44MDYsMTguODg5YzUuOTgsMS44MSwxMi4zMTYsMi44MDYsMTguODg5LDIuODA2YzM1Ljk0NSwwLDY1LjA4NS0yOS4xNCw2NS4wODUtNjUuMDg1YzAtNi41NzEtMC45OTUtMTIuOTA3LTIuODA2LTE4Ljg4OWMtNS45ODEtMS44MTItMTIuMzE3LTIuODA2LTE4Ljg4OS0yLjgwNkMyMDIuNjk5LDMwLjM3MywxNzMuNTU5LDU5LjUxMiwxNzMuNTU5LDk1LjQ1OHoiLz48cGF0aCBzdHlsZT0iZmlsbDojOENFMTZFOyIgZD0iTTI1Ny41MzIsMzMuMTc5bC04MS4xNjYsODEuMTY2YzUuOTgsMS44MTIsMTIuMzE2LDIuODA3LDE4Ljg4OSwyLjgwN2MzNS45NDUsMCw2NS4wODUtMjkuMTQsNjUuMDg1LTY1LjA4NUMyNjAuMzM5LDQ1LjQ5NSwyNTkuMzQ0LDM5LjE1OSwyNTcuNTMyLDMzLjE3OUwyNTcuNTMyLDMzLjE3OXoiLz48Y2lyY2xlIHN0eWxlPSJmaWxsOiM3Rjg0OTk7IiBjeD0iMzUxLjQ1OCIgY3k9IjI2MC4zMzkiIHI9IjIxLjY5NSIvPjxwYXRoIHN0eWxlPSJmaWxsOiM5NTlDQjU7IiBkPSJNMzk3LjQ4MiwzMTUuMDQyYy0yLjIyLDAtNC40NDEtMC44NDctNi4xMzUtMi41NDNjLTMuMzktMy4zOS0zLjM5LTguODgyLDAtMTIuMjcyYzIxLjk4My0yMS45OTEsMjEuOTgzLTU3Ljc4OCwwLTc5Ljc4Yy0zLjM5LTMuMzktMy4zOS04Ljg4MiwwLTEyLjI3MnM4Ljg4Mi0zLjM5LDEyLjI3MiwwYzI4Ljc1NCwyOC43NjMsMjguNzU0LDc1LjU1OSwwLDEwNC4zMjJDNDAxLjkyMywzMTQuMTk0LDM5OS43MDMsMzE1LjA0MiwzOTcuNDgyLDMxNS4wNDJ6Ii8+PHBhdGggc3R5bGU9ImZpbGw6I0FGQjlEMjsiIGQ9Ik00MjguMTYsMzQ1LjcyYy0yLjIyLDAtNC40NDEtMC44NDctNi4xMzUtMi41NDNjLTMuMzktMy4zOS0zLjM5LTguODgyLDAtMTIuMjcyYzM4LjkwNy0zOC45MTUsMzguOTA3LTEwMi4yMiwwLTE0MS4xMzVjLTMuMzktMy4zOS0zLjM5LTguODgyLDAtMTIuMjcyczguODgyLTMuMzksMTIuMjcyLDBjNDUuNjc4LDQ1LjY3OCw0NS42NzgsMTIwLDAsMTY1LjY3OEM0MzIuNjAxLDM0NC44NzIsNDMwLjM4LDM0NS43Miw0MjguMTYsMzQ1LjcyeiIvPjxwYXRoIHN0eWxlPSJmaWxsOiNDN0NGRTI7IiBkPSJNNDU4LjgzOSwzNzYuMzk4Yy0yLjIyLDAtNC40NDEtMC44NDctNi4xMzUtMi41NDNjLTMuMzktMy4zOS0zLjM5LTguODgyLDAtMTIuMjcyYzI3LjA1LTI3LjA0Miw0MS45NDEtNjIuOTk5LDQxLjk0MS0xMDEuMjQ1cy0xNC44OS03NC4yMDMtNDEuOTQxLTEwMS4yNDZjLTMuMzktMy4zOS0zLjM5LTguODgyLDAtMTIuMjcyczguODgyLTMuMzksMTIuMjcyLDBDNDk1LjMwNSwxNzcuMTQzLDUxMiwyMTcuNDU4LDUxMiwyNjAuMzM5cy0xNi42OTUsODMuMTk1LTQ3LjAyNiwxMTMuNTE2QzQ2My4yNzksMzc1LjU1MSw0NjEuMDU5LDM3Ni4zOTgsNDU4LjgzOSwzNzYuMzk4eiIvPjxwYXRoIHN0eWxlPSJmaWxsOiM3REM4NkU7IiBkPSJNMjE0LjQwNyw3Ni4zMDVjLTMuMzktMy4zOS04Ljg4Mi0zLjM5LTEyLjI3MiwwbC0yMi40OTksMjIuNDk5Yy0xMy4zMjItMzguMjg4LTMzLjg1Mi01Ni41NTEtMzUuMTI4LTU3LjY1MWMtMy42MTktMy4xMTktOS4xMDItMi43MjEtMTIuMjM3LDAuOTE2Yy0zLjEyNywzLjYyNy0yLjcyMSw5LjExLDAuOTE2LDEyLjIzN2MwLjM5OCwwLjM0Nyw0MC4zNzMsMzUuNzAyLDQwLjM3MywxMTQuOTE1aDE3LjM1NmMwLTE5LjUyMi0yLjMwOC0zNi41MTYtNS44LTUxLjM1MmwyOS4yOTEtMjkuMjkxQzIxNy43OTYsODUuMTg2LDIxNy43OTYsNzkuNjk1LDIxNC40MDcsNzYuMzA1eiIvPjxwYXRoIHN0eWxlPSJmaWxsOiM5QkY1N0Q7IiBkPSJNMzQyLjc0OSwzNDMuODQyYy0xLjY4NS0xLjI2NC0zLjY2My0yLjA1Mi01LjczNy0yLjQyYy0zOC42My02LjgzNi02Ny45OTUtNDAuNDktNjcuOTk1LTgxLjA4M2MwLTM0LjM4NSwyMS4wNTctNjMuODM1LDUwLjk3OC03Ni4xOTZjNi42MzUtMi43NDEsNy42NzUtMTEuODAzLDEuNjg3LTE1Ljc2NmMtMTcuMDg5LTExLjMxLTM3LjExOC0xNi41MTMtNTUuOTE5LTE2LjUxM2MtNDUuNTU5LDAtNTMuNzg1LDE0Ljk4OS04My41MjUsMTQuOTg5cy0zNy45NjYtMTQuOTg5LTgzLjUyNS0xNC45ODlTMCwxODEuODQyLDAsMjU2Ljc4OWMwLDExOS45MTMsNjguMzM5LDIyNC44MzksMTM2LjY3OCwyMjQuODM5YzMwLjM3MywwLDIyLjc4LTcuNDk0LDQ1LjU1OS03LjQ5NHMxNS4xODYsNy40OTQsNDUuNTU5LDcuNDk0YzQ3LjY4LDAsOTUuMjQ1LTUxLjE2NCwxMTkuNzAzLTEyMi43NzlDMzQ5LjM2NSwzNTMuMzgxLDM0Ny4zNywzNDcuMzA3LDM0Mi43NDksMzQzLjg0MkwzNDIuNzQ5LDM0My44NDJ6Ii8+PHBhdGggc3R5bGU9ImZpbGw6IzhDRTE2RTsiIGQ9Ik0xMDMuOTE1LDIyMy42OTdjMy4zNzQtMjkuOTQ4LDEyLjY5OC01Mi41MjksMjUuMjEyLTY5LjAwOWMtOC4xMzMtMS42NTktMTcuODE3LTIuODI0LTMwLjQxNS0yLjgyNEM1My4xNTMsMTUxLjg2NCwwLDE4MS44NDIsMCwyNTYuNzg5YzAsMTE5LjkxMyw2OC4zMzksMjI0LjgzOSwxMzYuNjc4LDIyNC44MzljMjcuNzExLDAsMjMuODg3LTYuMjIyLDQwLjI5My03LjMxNUMxMjYuNTY1LDQ0MC42MjcsOTEuMzIxLDMzNS40OTUsMTAzLjkxNSwyMjMuNjk3eiIvPjxnPjwvZz48Zz48L2c+PGc+PC9nPjxnPjwvZz48Zz48L2c+PGc+PC9nPjxnPjwvZz48Zz48L2c+PGc+PC9nPjxnPjwvZz48Zz48L2c+PGc+PC9nPjxnPjwvZz48Zz48L2c+PGc+PC9nPjwvc3ZnPg==', 1, 1),
(2, 'Editable', 'PD94bWwgdmVyc2lvbj0iMS4wIiBlbmNvZGluZz0iaXNvLTg4NTktMSI/PjxzdmcgdmVyc2lvbj0iMS4xIiBpZD0iTGF5ZXJfMSIgd2lkdGg9IjkwMCIgaGVpZ2h0PSI0ODAiIHhtbG5zPSJodHRwOi8vd3d3LnczLm9yZy8yMDAwL3N2ZyIgeG1sbnM6eGxpbms9Imh0dHA6Ly93d3cudzMub3JnLzE5OTkveGxpbmsiIHg9IjBweCIgeT0iMHB4IiB2aWV3Qm94PSIwIDAgNTEyIDUxMiIgc3R5bGU9ImVuYWJsZS1iYWNrZ3JvdW5kOm5ldyAwIDAgNTEyIDUxMjsiIHhtbDpzcGFjZT0icHJlc2VydmUiPjxwYXRoIHN0eWxlPSJmaWxsOiM5QkY1N0Q7IiBkPSJNMTczLjU1OSw5NS40NThjMCw2LjU3MSwwLjk5NSwxMi45MDcsMi44MDYsMTguODg5YzUuOTgsMS44MSwxMi4zMTYsMi44MDYsMTguODg5LDIuODA2YzM1Ljk0NSwwLDY1LjA4NS0yOS4xNCw2NS4wODUtNjUuMDg1YzAtNi41NzEtMC45OTUtMTIuOTA3LTIuODA2LTE4Ljg4OWMtNS45ODEtMS44MTItMTIuMzE3LTIuODA2LTE4Ljg4OS0yLjgwNkMyMDIuNjk5LDMwLjM3MywxNzMuNTU5LDU5LjUxMiwxNzMuNTU5LDk1LjQ1OHoiLz48cGF0aCBzdHlsZT0iZmlsbDojOENFMTZFOyIgZD0iTTI1Ny41MzIsMzMuMTc5bC04MS4xNjYsODEuMTY2YzUuOTgsMS44MTIsMTIuMzE2LDIuODA3LDE4Ljg4OSwyLjgwN2MzNS45NDUsMCw2NS4wODUtMjkuMTQsNjUuMDg1LTY1LjA4NUMyNjAuMzM5LDQ1LjQ5NSwyNTkuMzQ0LDM5LjE1OSwyNTcuNTMyLDMzLjE3OUwyNTcuNTMyLDMzLjE3OXoiLz48Y2lyY2xlIHN0eWxlPSJmaWxsOiM3Rjg0OTk7IiBjeD0iMzUxLjQ1OCIgY3k9IjI2MC4zMzkiIHI9IjIxLjY5NSIvPjxwYXRoIHN0eWxlPSJmaWxsOiM5NTlDQjU7IiBkPSJNMzk3LjQ4MiwzMTUuMDQyYy0yLjIyLDAtNC40NDEtMC44NDctNi4xMzUtMi41NDNjLTMuMzktMy4zOS0zLjM5LTguODgyLDAtMTIuMjcyYzIxLjk4My0yMS45OTEsMjEuOTgzLTU3Ljc4OCwwLTc5Ljc4Yy0zLjM5LTMuMzktMy4zOS04Ljg4MiwwLTEyLjI3MnM4Ljg4Mi0zLjM5LDEyLjI3MiwwYzI4Ljc1NCwyOC43NjMsMjguNzU0LDc1LjU1OSwwLDEwNC4zMjJDNDAxLjkyMywzMTQuMTk0LDM5OS43MDMsMzE1LjA0MiwzOTcuNDgyLDMxNS4wNDJ6Ii8+PHBhdGggc3R5bGU9ImZpbGw6I0FGQjlEMjsiIGQ9Ik00MjguMTYsMzQ1LjcyYy0yLjIyLDAtNC40NDEtMC44NDctNi4xMzUtMi41NDNjLTMuMzktMy4zOS0zLjM5LTguODgyLDAtMTIuMjcyYzM4LjkwNy0zOC45MTUsMzguOTA3LTEwMi4yMiwwLTE0MS4xMzVjLTMuMzktMy4zOS0zLjM5LTguODgyLDAtMTIuMjcyczguODgyLTMuMzksMTIuMjcyLDBjNDUuNjc4LDQ1LjY3OCw0NS42NzgsMTIwLDAsMTY1LjY3OEM0MzIuNjAxLDM0NC44NzIsNDMwLjM4LDM0NS43Miw0MjguMTYsMzQ1LjcyeiIvPjxwYXRoIHN0eWxlPSJmaWxsOiNDN0NGRTI7IiBkPSJNNDU4LjgzOSwzNzYuMzk4Yy0yLjIyLDAtNC40NDEtMC44NDctNi4xMzUtMi41NDNjLTMuMzktMy4zOS0zLjM5LTguODgyLDAtMTIuMjcyYzI3LjA1LTI3LjA0Miw0MS45NDEtNjIuOTk5LDQxLjk0MS0xMDEuMjQ1cy0xNC44OS03NC4yMDMtNDEuOTQxLTEwMS4yNDZjLTMuMzktMy4zOS0zLjM5LTguODgyLDAtMTIuMjcyczguODgyLTMuMzksMTIuMjcyLDBDNDk1LjMwNSwxNzcuMTQzLDUxMiwyMTcuNDU4LDUxMiwyNjAuMzM5cy0xNi42OTUsODMuMTk1LTQ3LjAyNiwxMTMuNTE2QzQ2My4yNzksMzc1LjU1MSw0NjEuMDU5LDM3Ni4zOTgsNDU4LjgzOSwzNzYuMzk4eiIvPjxwYXRoIHN0eWxlPSJmaWxsOiM3REM4NkU7IiBkPSJNMjE0LjQwNyw3Ni4zMDVjLTMuMzktMy4zOS04Ljg4Mi0zLjM5LTEyLjI3MiwwbC0yMi40OTksMjIuNDk5Yy0xMy4zMjItMzguMjg4LTMzLjg1Mi01Ni41NTEtMzUuMTI4LTU3LjY1MWMtMy42MTktMy4xMTktOS4xMDItMi43MjEtMTIuMjM3LDAuOTE2Yy0zLjEyNywzLjYyNy0yLjcyMSw5LjExLDAuOTE2LDEyLjIzN2MwLjM5OCwwLjM0Nyw0MC4zNzMsMzUuNzAyLDQwLjM3MywxMTQuOTE1aDE3LjM1NmMwLTE5LjUyMi0yLjMwOC0zNi41MTYtNS44LTUxLjM1MmwyOS4yOTEtMjkuMjkxQzIxNy43OTYsODUuMTg2LDIxNy43OTYsNzkuNjk1LDIxNC40MDcsNzYuMzA1eiIvPjxwYXRoIHN0eWxlPSJmaWxsOiM5QkY1N0Q7IiBkPSJNMzQyLjc0OSwzNDMuODQyYy0xLjY4NS0xLjI2NC0zLjY2My0yLjA1Mi01LjczNy0yLjQyYy0zOC42My02LjgzNi02Ny45OTUtNDAuNDktNjcuOTk1LTgxLjA4M2MwLTM0LjM4NSwyMS4wNTctNjMuODM1LDUwLjk3OC03Ni4xOTZjNi42MzUtMi43NDEsNy42NzUtMTEuODAzLDEuNjg3LTE1Ljc2NmMtMTcuMDg5LTExLjMxLTM3LjExOC0xNi41MTMtNTUuOTE5LTE2LjUxM2MtNDUuNTU5LDAtNTMuNzg1LDE0Ljk4OS04My41MjUsMTQuOTg5cy0zNy45NjYtMTQuOTg5LTgzLjUyNS0xNC45ODlTMCwxODEuODQyLDAsMjU2Ljc4OWMwLDExOS45MTMsNjguMzM5LDIyNC44MzksMTM2LjY3OCwyMjQuODM5YzMwLjM3MywwLDIyLjc4LTcuNDk0LDQ1LjU1OS03LjQ5NHMxNS4xODYsNy40OTQsNDUuNTU5LDcuNDk0YzQ3LjY4LDAsOTUuMjQ1LTUxLjE2NCwxMTkuNzAzLTEyMi43NzlDMzQ5LjM2NSwzNTMuMzgxLDM0Ny4zNywzNDcuMzA3LDM0Mi43NDksMzQzLjg0MkwzNDIuNzQ5LDM0My44NDJ6Ii8+PHBhdGggc3R5bGU9ImZpbGw6IzhDRTE2RTsiIGQ9Ik0xMDMuOTE1LDIyMy42OTdjMy4zNzQtMjkuOTQ4LDEyLjY5OC01Mi41MjksMjUuMjEyLTY5LjAwOWMtOC4xMzMtMS42NTktMTcuODE3LTIuODI0LTMwLjQxNS0yLjgyNEM1My4xNTMsMTUxLjg2NCwwLDE4MS44NDIsMCwyNTYuNzg5YzAsMTE5LjkxMyw2OC4zMzksMjI0LjgzOSwxMzYuNjc4LDIyNC44MzljMjcuNzExLDAsMjMuODg3LTYuMjIyLDQwLjI5My03LjMxNUMxMjYuNTY1LDQ0MC42MjcsOTEuMzIxLDMzNS40OTUsMTAzLjkxNSwyMjMuNjk3eiIvPjxnPjwvZz48Zz48L2c+PGc+PC9nPjxnPjwvZz48Zz48L2c+PGc+PC9nPjxnPjwvZz48Zz48L2c+PGc+PC9nPjxnPjwvZz48Zz48L2c+PGc+PC9nPjxnPjwvZz48Zz48L2c+PGc+PC9nPjwvc3ZnPg==', 1, 2),
(3, 'Editable', 'PD94bWwgdmVyc2lvbj0iMS4wIiBlbmNvZGluZz0iaXNvLTg4NTktMSI/PjxzdmcgdmVyc2lvbj0iMS4xIiBpZD0iTGF5ZXJfMSIgd2lkdGg9IjkwMCIgaGVpZ2h0PSI0ODAiIHhtbG5zPSJodHRwOi8vd3d3LnczLm9yZy8yMDAwL3N2ZyIgeG1sbnM6eGxpbms9Imh0dHA6Ly93d3cudzMub3JnLzE5OTkveGxpbmsiIHg9IjBweCIgeT0iMHB4IiB2aWV3Qm94PSIwIDAgNTEyIDUxMiIgc3R5bGU9ImVuYWJsZS1iYWNrZ3JvdW5kOm5ldyAwIDAgNTEyIDUxMjsiIHhtbDpzcGFjZT0icHJlc2VydmUiPjxwYXRoIHN0eWxlPSJmaWxsOiM5QkY1N0Q7IiBkPSJNMTczLjU1OSw5NS40NThjMCw2LjU3MSwwLjk5NSwxMi45MDcsMi44MDYsMTguODg5YzUuOTgsMS44MSwxMi4zMTYsMi44MDYsMTguODg5LDIuODA2YzM1Ljk0NSwwLDY1LjA4NS0yOS4xNCw2NS4wODUtNjUuMDg1YzAtNi41NzEtMC45OTUtMTIuOTA3LTIuODA2LTE4Ljg4OWMtNS45ODEtMS44MTItMTIuMzE3LTIuODA2LTE4Ljg4OS0yLjgwNkMyMDIuNjk5LDMwLjM3MywxNzMuNTU5LDU5LjUxMiwxNzMuNTU5LDk1LjQ1OHoiLz48cGF0aCBzdHlsZT0iZmlsbDojOENFMTZFOyIgZD0iTTI1Ny41MzIsMzMuMTc5bC04MS4xNjYsODEuMTY2YzUuOTgsMS44MTIsMTIuMzE2LDIuODA3LDE4Ljg4OSwyLjgwN2MzNS45NDUsMCw2NS4wODUtMjkuMTQsNjUuMDg1LTY1LjA4NUMyNjAuMzM5LDQ1LjQ5NSwyNTkuMzQ0LDM5LjE1OSwyNTcuNTMyLDMzLjE3OUwyNTcuNTMyLDMzLjE3OXoiLz48Y2lyY2xlIHN0eWxlPSJmaWxsOiM3Rjg0OTk7IiBjeD0iMzUxLjQ1OCIgY3k9IjI2MC4zMzkiIHI9IjIxLjY5NSIvPjxwYXRoIHN0eWxlPSJmaWxsOiM5NTlDQjU7IiBkPSJNMzk3LjQ4MiwzMTUuMDQyYy0yLjIyLDAtNC40NDEtMC44NDctNi4xMzUtMi41NDNjLTMuMzktMy4zOS0zLjM5LTguODgyLDAtMTIuMjcyYzIxLjk4My0yMS45OTEsMjEuOTgzLTU3Ljc4OCwwLTc5Ljc4Yy0zLjM5LTMuMzktMy4zOS04Ljg4MiwwLTEyLjI3MnM4Ljg4Mi0zLjM5LDEyLjI3MiwwYzI4Ljc1NCwyOC43NjMsMjguNzU0LDc1LjU1OSwwLDEwNC4zMjJDNDAxLjkyMywzMTQuMTk0LDM5OS43MDMsMzE1LjA0MiwzOTcuNDgyLDMxNS4wNDJ6Ii8+PHBhdGggc3R5bGU9ImZpbGw6I0FGQjlEMjsiIGQ9Ik00MjguMTYsMzQ1LjcyYy0yLjIyLDAtNC40NDEtMC44NDctNi4xMzUtMi41NDNjLTMuMzktMy4zOS0zLjM5LTguODgyLDAtMTIuMjcyYzM4LjkwNy0zOC45MTUsMzguOTA3LTEwMi4yMiwwLTE0MS4xMzVjLTMuMzktMy4zOS0zLjM5LTguODgyLDAtMTIuMjcyczguODgyLTMuMzksMTIuMjcyLDBjNDUuNjc4LDQ1LjY3OCw0NS42NzgsMTIwLDAsMTY1LjY3OEM0MzIuNjAxLDM0NC44NzIsNDMwLjM4LDM0NS43Miw0MjguMTYsMzQ1LjcyeiIvPjxwYXRoIHN0eWxlPSJmaWxsOiNDN0NGRTI7IiBkPSJNNDU4LjgzOSwzNzYuMzk4Yy0yLjIyLDAtNC40NDEtMC44NDctNi4xMzUtMi41NDNjLTMuMzktMy4zOS0zLjM5LTguODgyLDAtMTIuMjcyYzI3LjA1LTI3LjA0Miw0MS45NDEtNjIuOTk5LDQxLjk0MS0xMDEuMjQ1cy0xNC44OS03NC4yMDMtNDEuOTQxLTEwMS4yNDZjLTMuMzktMy4zOS0zLjM5LTguODgyLDAtMTIuMjcyczguODgyLTMuMzksMTIuMjcyLDBDNDk1LjMwNSwxNzcuMTQzLDUxMiwyMTcuNDU4LDUxMiwyNjAuMzM5cy0xNi42OTUsODMuMTk1LTQ3LjAyNiwxMTMuNTE2QzQ2My4yNzksMzc1LjU1MSw0NjEuMDU5LDM3Ni4zOTgsNDU4LjgzOSwzNzYuMzk4eiIvPjxwYXRoIHN0eWxlPSJmaWxsOiM3REM4NkU7IiBkPSJNMjE0LjQwNyw3Ni4zMDVjLTMuMzktMy4zOS04Ljg4Mi0zLjM5LTEyLjI3MiwwbC0yMi40OTksMjIuNDk5Yy0xMy4zMjItMzguMjg4LTMzLjg1Mi01Ni41NTEtMzUuMTI4LTU3LjY1MWMtMy42MTktMy4xMTktOS4xMDItMi43MjEtMTIuMjM3LDAuOTE2Yy0zLjEyNywzLjYyNy0yLjcyMSw5LjExLDAuOTE2LDEyLjIzN2MwLjM5OCwwLjM0Nyw0MC4zNzMsMzUuNzAyLDQwLjM3MywxMTQuOTE1aDE3LjM1NmMwLTE5LjUyMi0yLjMwOC0zNi41MTYtNS44LTUxLjM1MmwyOS4yOTEtMjkuMjkxQzIxNy43OTYsODUuMTg2LDIxNy43OTYsNzkuNjk1LDIxNC40MDcsNzYuMzA1eiIvPjxwYXRoIHN0eWxlPSJmaWxsOiM5QkY1N0Q7IiBkPSJNMzQyLjc0OSwzNDMuODQyYy0xLjY4NS0xLjI2NC0zLjY2My0yLjA1Mi01LjczNy0yLjQyYy0zOC42My02LjgzNi02Ny45OTUtNDAuNDktNjcuOTk1LTgxLjA4M2MwLTM0LjM4NSwyMS4wNTctNjMuODM1LDUwLjk3OC03Ni4xOTZjNi42MzUtMi43NDEsNy42NzUtMTEuODAzLDEuNjg3LTE1Ljc2NmMtMTcuMDg5LTExLjMxLTM3LjExOC0xNi41MTMtNTUuOTE5LTE2LjUxM2MtNDUuNTU5LDAtNTMuNzg1LDE0Ljk4OS04My41MjUsMTQuOTg5cy0zNy45NjYtMTQuOTg5LTgzLjUyNS0xNC45ODlTMCwxODEuODQyLDAsMjU2Ljc4OWMwLDExOS45MTMsNjguMzM5LDIyNC44MzksMTM2LjY3OCwyMjQuODM5YzMwLjM3MywwLDIyLjc4LTcuNDk0LDQ1LjU1OS03LjQ5NHMxNS4xODYsNy40OTQsNDUuNTU5LDcuNDk0YzQ3LjY4LDAsOTUuMjQ1LTUxLjE2NCwxMTkuNzAzLTEyMi43NzlDMzQ5LjM2NSwzNTMuMzgxLDM0Ny4zNywzNDcuMzA3LDM0Mi43NDksMzQzLjg0MkwzNDIuNzQ5LDM0My44NDJ6Ii8+PHBhdGggc3R5bGU9ImZpbGw6IzhDRTE2RTsiIGQ9Ik0xMDMuOTE1LDIyMy42OTdjMy4zNzQtMjkuOTQ4LDEyLjY5OC01Mi41MjksMjUuMjEyLTY5LjAwOWMtOC4xMzMtMS42NTktMTcuODE3LTIuODI0LTMwLjQxNS0yLjgyNEM1My4xNTMsMTUxLjg2NCwwLDE4MS44NDIsMCwyNTYuNzg5YzAsMTE5LjkxMyw2OC4zMzksMjI0LjgzOSwxMzYuNjc4LDIyNC44MzljMjcuNzExLDAsMjMuODg3LTYuMjIyLDQwLjI5My03LjMxNUMxMjYuNTY1LDQ0MC42MjcsOTEuMzIxLDMzNS40OTUsMTAzLjkxNSwyMjMuNjk3eiIvPjxnPjwvZz48Zz48L2c+PGc+PC9nPjxnPjwvZz48Zz48L2c+PGc+PC9nPjxnPjwvZz48Zz48L2c+PGc+PC9nPjxnPjwvZz48Zz48L2c+PGc+PC9nPjxnPjwvZz48Zz48L2c+PGc+PC9nPjwvc3ZnPg==', 2, 3),
(4, 'Descargable', 'PD94bWwgdmVyc2lvbj0iMS4wIiBlbmNvZGluZz0iaXNvLTg4NTktMSI/PjxzdmcgdmVyc2lvbj0iMS4xIiBpZD0iTGF5ZXJfMSIgd2lkdGg9IjkwMCIgaGVpZ2h0PSI0ODAiIHhtbG5zPSJodHRwOi8vd3d3LnczLm9yZy8yMDAwL3N2ZyIgeG1sbnM6eGxpbms9Imh0dHA6Ly93d3cudzMub3JnLzE5OTkveGxpbmsiIHg9IjBweCIgeT0iMHB4IiB2aWV3Qm94PSIwIDAgNTEyIDUxMiIgc3R5bGU9ImVuYWJsZS1iYWNrZ3JvdW5kOm5ldyAwIDAgNTEyIDUxMjsiIHhtbDpzcGFjZT0icHJlc2VydmUiPjxwYXRoIHN0eWxlPSJmaWxsOiM5QkY1N0Q7IiBkPSJNMTczLjU1OSw5NS40NThjMCw2LjU3MSwwLjk5NSwxMi45MDcsMi44MDYsMTguODg5YzUuOTgsMS44MSwxMi4zMTYsMi44MDYsMTguODg5LDIuODA2YzM1Ljk0NSwwLDY1LjA4NS0yOS4xNCw2NS4wODUtNjUuMDg1YzAtNi41NzEtMC45OTUtMTIuOTA3LTIuODA2LTE4Ljg4OWMtNS45ODEtMS44MTItMTIuMzE3LTIuODA2LTE4Ljg4OS0yLjgwNkMyMDIuNjk5LDMwLjM3MywxNzMuNTU5LDU5LjUxMiwxNzMuNTU5LDk1LjQ1OHoiLz48cGF0aCBzdHlsZT0iZmlsbDojOENFMTZFOyIgZD0iTTI1Ny41MzIsMzMuMTc5bC04MS4xNjYsODEuMTY2YzUuOTgsMS44MTIsMTIuMzE2LDIuODA3LDE4Ljg4OSwyLjgwN2MzNS45NDUsMCw2NS4wODUtMjkuMTQsNjUuMDg1LTY1LjA4NUMyNjAuMzM5LDQ1LjQ5NSwyNTkuMzQ0LDM5LjE1OSwyNTcuNTMyLDMzLjE3OUwyNTcuNTMyLDMzLjE3OXoiLz48Y2lyY2xlIHN0eWxlPSJmaWxsOiM3Rjg0OTk7IiBjeD0iMzUxLjQ1OCIgY3k9IjI2MC4zMzkiIHI9IjIxLjY5NSIvPjxwYXRoIHN0eWxlPSJmaWxsOiM5NTlDQjU7IiBkPSJNMzk3LjQ4MiwzMTUuMDQyYy0yLjIyLDAtNC40NDEtMC44NDctNi4xMzUtMi41NDNjLTMuMzktMy4zOS0zLjM5LTguODgyLDAtMTIuMjcyYzIxLjk4My0yMS45OTEsMjEuOTgzLTU3Ljc4OCwwLTc5Ljc4Yy0zLjM5LTMuMzktMy4zOS04Ljg4MiwwLTEyLjI3MnM4Ljg4Mi0zLjM5LDEyLjI3MiwwYzI4Ljc1NCwyOC43NjMsMjguNzU0LDc1LjU1OSwwLDEwNC4zMjJDNDAxLjkyMywzMTQuMTk0LDM5OS43MDMsMzE1LjA0MiwzOTcuNDgyLDMxNS4wNDJ6Ii8+PHBhdGggc3R5bGU9ImZpbGw6I0FGQjlEMjsiIGQ9Ik00MjguMTYsMzQ1LjcyYy0yLjIyLDAtNC40NDEtMC44NDctNi4xMzUtMi41NDNjLTMuMzktMy4zOS0zLjM5LTguODgyLDAtMTIuMjcyYzM4LjkwNy0zOC45MTUsMzguOTA3LTEwMi4yMiwwLTE0MS4xMzVjLTMuMzktMy4zOS0zLjM5LTguODgyLDAtMTIuMjcyczguODgyLTMuMzksMTIuMjcyLDBjNDUuNjc4LDQ1LjY3OCw0NS42NzgsMTIwLDAsMTY1LjY3OEM0MzIuNjAxLDM0NC44NzIsNDMwLjM4LDM0NS43Miw0MjguMTYsMzQ1LjcyeiIvPjxwYXRoIHN0eWxlPSJmaWxsOiNDN0NGRTI7IiBkPSJNNDU4LjgzOSwzNzYuMzk4Yy0yLjIyLDAtNC40NDEtMC44NDctNi4xMzUtMi41NDNjLTMuMzktMy4zOS0zLjM5LTguODgyLDAtMTIuMjcyYzI3LjA1LTI3LjA0Miw0MS45NDEtNjIuOTk5LDQxLjk0MS0xMDEuMjQ1cy0xNC44OS03NC4yMDMtNDEuOTQxLTEwMS4yNDZjLTMuMzktMy4zOS0zLjM5LTguODgyLDAtMTIuMjcyczguODgyLTMuMzksMTIuMjcyLDBDNDk1LjMwNSwxNzcuMTQzLDUxMiwyMTcuNDU4LDUxMiwyNjAuMzM5cy0xNi42OTUsODMuMTk1LTQ3LjAyNiwxMTMuNTE2QzQ2My4yNzksMzc1LjU1MSw0NjEuMDU5LDM3Ni4zOTgsNDU4LjgzOSwzNzYuMzk4eiIvPjxwYXRoIHN0eWxlPSJmaWxsOiM3REM4NkU7IiBkPSJNMjE0LjQwNyw3Ni4zMDVjLTMuMzktMy4zOS04Ljg4Mi0zLjM5LTEyLjI3MiwwbC0yMi40OTksMjIuNDk5Yy0xMy4zMjItMzguMjg4LTMzLjg1Mi01Ni41NTEtMzUuMTI4LTU3LjY1MWMtMy42MTktMy4xMTktOS4xMDItMi43MjEtMTIuMjM3LDAuOTE2Yy0zLjEyNywzLjYyNy0yLjcyMSw5LjExLDAuOTE2LDEyLjIzN2MwLjM5OCwwLjM0Nyw0MC4zNzMsMzUuNzAyLDQwLjM3MywxMTQuOTE1aDE3LjM1NmMwLTE5LjUyMi0yLjMwOC0zNi41MTYtNS44LTUxLjM1MmwyOS4yOTEtMjkuMjkxQzIxNy43OTYsODUuMTg2LDIxNy43OTYsNzkuNjk1LDIxNC40MDcsNzYuMzA1eiIvPjxwYXRoIHN0eWxlPSJmaWxsOiM5QkY1N0Q7IiBkPSJNMzQyLjc0OSwzNDMuODQyYy0xLjY4NS0xLjI2NC0zLjY2My0yLjA1Mi01LjczNy0yLjQyYy0zOC42My02LjgzNi02Ny45OTUtNDAuNDktNjcuOTk1LTgxLjA4M2MwLTM0LjM4NSwyMS4wNTctNjMuODM1LDUwLjk3OC03Ni4xOTZjNi42MzUtMi43NDEsNy42NzUtMTEuODAzLDEuNjg3LTE1Ljc2NmMtMTcuMDg5LTExLjMxLTM3LjExOC0xNi41MTMtNTUuOTE5LTE2LjUxM2MtNDUuNTU5LDAtNTMuNzg1LDE0Ljk4OS04My41MjUsMTQuOTg5cy0zNy45NjYtMTQuOTg5LTgzLjUyNS0xNC45ODlTMCwxODEuODQyLDAsMjU2Ljc4OWMwLDExOS45MTMsNjguMzM5LDIyNC44MzksMTM2LjY3OCwyMjQuODM5YzMwLjM3MywwLDIyLjc4LTcuNDk0LDQ1LjU1OS03LjQ5NHMxNS4xODYsNy40OTQsNDUuNTU5LDcuNDk0YzQ3LjY4LDAsOTUuMjQ1LTUxLjE2NCwxMTkuNzAzLTEyMi43NzlDMzQ5LjM2NSwzNTMuMzgxLDM0Ny4zNywzNDcuMzA3LDM0Mi43NDksMzQzLjg0MkwzNDIuNzQ5LDM0My44NDJ6Ii8+PHBhdGggc3R5bGU9ImZpbGw6IzhDRTE2RTsiIGQ9Ik0xMDMuOTE1LDIyMy42OTdjMy4zNzQtMjkuOTQ4LDEyLjY5OC01Mi41MjksMjUuMjEyLTY5LjAwOWMtOC4xMzMtMS42NTktMTcuODE3LTIuODI0LTMwLjQxNS0yLjgyNEM1My4xNTMsMTUxLjg2NCwwLDE4MS44NDIsMCwyNTYuNzg5YzAsMTE5LjkxMyw2OC4zMzksMjI0LjgzOSwxMzYuNjc4LDIyNC44MzljMjcuNzExLDAsMjMuODg3LTYuMjIyLDQwLjI5My03LjMxNUMxMjYuNTY1LDQ0MC42MjcsOTEuMzIxLDMzNS40OTUsMTAzLjkxNSwyMjMuNjk3eiIvPjxnPjwvZz48Zz48L2c+PGc+PC9nPjxnPjwvZz48Zz48L2c+PGc+PC9nPjxnPjwvZz48Zz48L2c+PGc+PC9nPjxnPjwvZz48Zz48L2c+PGc+PC9nPjxnPjwvZz48Zz48L2c+PGc+PC9nPjwvc3ZnPg==', 2, 4),
(5, 'Descargable', 'PD94bWwgdmVyc2lvbj0iMS4wIiBlbmNvZGluZz0iaXNvLTg4NTktMSI/PjxzdmcgdmVyc2lvbj0iMS4xIiBpZD0iTGF5ZXJfMSIgd2lkdGg9IjkwMCIgaGVpZ2h0PSI0ODAiIHhtbG5zPSJodHRwOi8vd3d3LnczLm9yZy8yMDAwL3N2ZyIgeG1sbnM6eGxpbms9Imh0dHA6Ly93d3cudzMub3JnLzE5OTkveGxpbmsiIHg9IjBweCIgeT0iMHB4IiB2aWV3Qm94PSIwIDAgNTEyIDUxMiIgc3R5bGU9ImVuYWJsZS1iYWNrZ3JvdW5kOm5ldyAwIDAgNTEyIDUxMjsiIHhtbDpzcGFjZT0icHJlc2VydmUiPjxwYXRoIHN0eWxlPSJmaWxsOiM5QkY1N0Q7IiBkPSJNMTczLjU1OSw5NS40NThjMCw2LjU3MSwwLjk5NSwxMi45MDcsMi44MDYsMTguODg5YzUuOTgsMS44MSwxMi4zMTYsMi44MDYsMTguODg5LDIuODA2YzM1Ljk0NSwwLDY1LjA4NS0yOS4xNCw2NS4wODUtNjUuMDg1YzAtNi41NzEtMC45OTUtMTIuOTA3LTIuODA2LTE4Ljg4OWMtNS45ODEtMS44MTItMTIuMzE3LTIuODA2LTE4Ljg4OS0yLjgwNkMyMDIuNjk5LDMwLjM3MywxNzMuNTU5LDU5LjUxMiwxNzMuNTU5LDk1LjQ1OHoiLz48cGF0aCBzdHlsZT0iZmlsbDojOENFMTZFOyIgZD0iTTI1Ny41MzIsMzMuMTc5bC04MS4xNjYsODEuMTY2YzUuOTgsMS44MTIsMTIuMzE2LDIuODA3LDE4Ljg4OSwyLjgwN2MzNS45NDUsMCw2NS4wODUtMjkuMTQsNjUuMDg1LTY1LjA4NUMyNjAuMzM5LDQ1LjQ5NSwyNTkuMzQ0LDM5LjE1OSwyNTcuNTMyLDMzLjE3OUwyNTcuNTMyLDMzLjE3OXoiLz48Y2lyY2xlIHN0eWxlPSJmaWxsOiM3Rjg0OTk7IiBjeD0iMzUxLjQ1OCIgY3k9IjI2MC4zMzkiIHI9IjIxLjY5NSIvPjxwYXRoIHN0eWxlPSJmaWxsOiM5NTlDQjU7IiBkPSJNMzk3LjQ4MiwzMTUuMDQyYy0yLjIyLDAtNC40NDEtMC44NDctNi4xMzUtMi41NDNjLTMuMzktMy4zOS0zLjM5LTguODgyLDAtMTIuMjcyYzIxLjk4My0yMS45OTEsMjEuOTgzLTU3Ljc4OCwwLTc5Ljc4Yy0zLjM5LTMuMzktMy4zOS04Ljg4MiwwLTEyLjI3MnM4Ljg4Mi0zLjM5LDEyLjI3MiwwYzI4Ljc1NCwyOC43NjMsMjguNzU0LDc1LjU1OSwwLDEwNC4zMjJDNDAxLjkyMywzMTQuMTk0LDM5OS43MDMsMzE1LjA0MiwzOTcuNDgyLDMxNS4wNDJ6Ii8+PHBhdGggc3R5bGU9ImZpbGw6I0FGQjlEMjsiIGQ9Ik00MjguMTYsMzQ1LjcyYy0yLjIyLDAtNC40NDEtMC44NDctNi4xMzUtMi41NDNjLTMuMzktMy4zOS0zLjM5LTguODgyLDAtMTIuMjcyYzM4LjkwNy0zOC45MTUsMzguOTA3LTEwMi4yMiwwLTE0MS4xMzVjLTMuMzktMy4zOS0zLjM5LTguODgyLDAtMTIuMjcyczguODgyLTMuMzksMTIuMjcyLDBjNDUuNjc4LDQ1LjY3OCw0NS42NzgsMTIwLDAsMTY1LjY3OEM0MzIuNjAxLDM0NC44NzIsNDMwLjM4LDM0NS43Miw0MjguMTYsMzQ1LjcyeiIvPjxwYXRoIHN0eWxlPSJmaWxsOiNDN0NGRTI7IiBkPSJNNDU4LjgzOSwzNzYuMzk4Yy0yLjIyLDAtNC40NDEtMC44NDctNi4xMzUtMi41NDNjLTMuMzktMy4zOS0zLjM5LTguODgyLDAtMTIuMjcyYzI3LjA1LTI3LjA0Miw0MS45NDEtNjIuOTk5LDQxLjk0MS0xMDEuMjQ1cy0xNC44OS03NC4yMDMtNDEuOTQxLTEwMS4yNDZjLTMuMzktMy4zOS0zLjM5LTguODgyLDAtMTIuMjcyczguODgyLTMuMzksMTIuMjcyLDBDNDk1LjMwNSwxNzcuMTQzLDUxMiwyMTcuNDU4LDUxMiwyNjAuMzM5cy0xNi42OTUsODMuMTk1LTQ3LjAyNiwxMTMuNTE2QzQ2My4yNzksMzc1LjU1MSw0NjEuMDU5LDM3Ni4zOTgsNDU4LjgzOSwzNzYuMzk4eiIvPjxwYXRoIHN0eWxlPSJmaWxsOiM3REM4NkU7IiBkPSJNMjE0LjQwNyw3Ni4zMDVjLTMuMzktMy4zOS04Ljg4Mi0zLjM5LTEyLjI3MiwwbC0yMi40OTksMjIuNDk5Yy0xMy4zMjItMzguMjg4LTMzLjg1Mi01Ni41NTEtMzUuMTI4LTU3LjY1MWMtMy42MTktMy4xMTktOS4xMDItMi43MjEtMTIuMjM3LDAuOTE2Yy0zLjEyNywzLjYyNy0yLjcyMSw5LjExLDAuOTE2LDEyLjIzN2MwLjM5OCwwLjM0Nyw0MC4zNzMsMzUuNzAyLDQwLjM3MywxMTQuOTE1aDE3LjM1NmMwLTE5LjUyMi0yLjMwOC0zNi41MTYtNS44LTUxLjM1MmwyOS4yOTEtMjkuMjkxQzIxNy43OTYsODUuMTg2LDIxNy43OTYsNzkuNjk1LDIxNC40MDcsNzYuMzA1eiIvPjxwYXRoIHN0eWxlPSJmaWxsOiM5QkY1N0Q7IiBkPSJNMzQyLjc0OSwzNDMuODQyYy0xLjY4NS0xLjI2NC0zLjY2My0yLjA1Mi01LjczNy0yLjQyYy0zOC42My02LjgzNi02Ny45OTUtNDAuNDktNjcuOTk1LTgxLjA4M2MwLTM0LjM4NSwyMS4wNTctNjMuODM1LDUwLjk3OC03Ni4xOTZjNi42MzUtMi43NDEsNy42NzUtMTEuODAzLDEuNjg3LTE1Ljc2NmMtMTcuMDg5LTExLjMxLTM3LjExOC0xNi41MTMtNTUuOTE5LTE2LjUxM2MtNDUuNTU5LDAtNTMuNzg1LDE0Ljk4OS04My41MjUsMTQuOTg5cy0zNy45NjYtMTQuOTg5LTgzLjUyNS0xNC45ODlTMCwxODEuODQyLDAsMjU2Ljc4OWMwLDExOS45MTMsNjguMzM5LDIyNC44MzksMTM2LjY3OCwyMjQuODM5YzMwLjM3MywwLDIyLjc4LTcuNDk0LDQ1LjU1OS03LjQ5NHMxNS4xODYsNy40OTQsNDUuNTU5LDcuNDk0YzQ3LjY4LDAsOTUuMjQ1LTUxLjE2NCwxMTkuNzAzLTEyMi43NzlDMzQ5LjM2NSwzNTMuMzgxLDM0Ny4zNywzNDcuMzA3LDM0Mi43NDksMzQzLjg0MkwzNDIuNzQ5LDM0My44NDJ6Ii8+PHBhdGggc3R5bGU9ImZpbGw6IzhDRTE2RTsiIGQ9Ik0xMDMuOTE1LDIyMy42OTdjMy4zNzQtMjkuOTQ4LDEyLjY5OC01Mi41MjksMjUuMjEyLTY5LjAwOWMtOC4xMzMtMS42NTktMTcuODE3LTIuODI0LTMwLjQxNS0yLjgyNEM1My4xNTMsMTUxLjg2NCwwLDE4MS44NDIsMCwyNTYuNzg5YzAsMTE5LjkxMyw2OC4zMzksMjI0LjgzOSwxMzYuNjc4LDIyNC44MzljMjcuNzExLDAsMjMuODg3LTYuMjIyLDQwLjI5My03LjMxNUMxMjYuNTY1LDQ0MC42MjcsOTEuMzIxLDMzNS40OTUsMTAzLjkxNSwyMjMuNjk3eiIvPjxnPjwvZz48Zz48L2c+PGc+PC9nPjxnPjwvZz48Zz48L2c+PGc+PC9nPjxnPjwvZz48Zz48L2c+PGc+PC9nPjxnPjwvZz48Zz48L2c+PGc+PC9nPjxnPjwvZz48Zz48L2c+PGc+PC9nPjwvc3ZnPg==', 2, 5);

-- --------------------------------------------------------

--
-- Estructura de tabla para la tabla `pedidos`
--

CREATE TABLE `pedidos` (
  `idPedido` int(11) NOT NULL,
  `fecha` date NOT NULL,
  `estado` enum('EN ESPERA','CANCELADO','COMPLETADO','EN PROCESO') NOT NULL,
  `tipoP` int(11) NOT NULL,
  `logos_idLogo` int(11) NOT NULL
) ENGINE=InnoDB DEFAULT CHARSET=utf8;

--
-- Volcado de datos para la tabla `pedidos`
--

INSERT INTO `pedidos` (`idPedido`, `fecha`, `estado`, `tipoP`, `logos_idLogo`) VALUES
(1, '2017-03-01', 'EN ESPERA', 1, 1),
(2, '2017-03-01', 'EN ESPERA', 1, 4),
(3, '2017-03-03', 'EN ESPERA', 2, 5);

-- --------------------------------------------------------

--
-- Estructura de tabla para la tabla `preferencias`
--

CREATE TABLE `preferencias` (
  `idPreferencia` int(11) NOT NULL,
  `nombre1` varchar(45) NOT NULL,
  `nombre2` varchar(45) NOT NULL
) ENGINE=InnoDB DEFAULT CHARSET=utf8;

--
-- Volcado de datos para la tabla `preferencias`
--

INSERT INTO `preferencias` (`idPreferencia`, `nombre1`, `nombre2`) VALUES
(1, 'Femenino', 'Masculino'),
(2, 'Economico', 'Lujoso'),
(3, 'Clasico', 'Moderno'),
(4, 'Sutil', 'Evidente'),
(5, 'Simple', 'Detallado'),
(6, 'Joven', 'Adulto'),
(7, 'Formal', 'Divertido');

-- --------------------------------------------------------

--
-- Estructura de tabla para la tabla `usuarios`
--

CREATE TABLE `usuarios` (
  `idUsuario` int(11) NOT NULL,
  `nombreUser` varchar(45) NOT NULL,
  `correo` varchar(45) NOT NULL,
  `pass` varchar(45) NOT NULL
) ENGINE=InnoDB DEFAULT CHARSET=utf8;

--
-- Índices para tablas volcadas
--

--
-- Indices de la tabla `categorias`
--
ALTER TABLE `categorias`
  ADD PRIMARY KEY (`idCategoria`);

--
-- Indices de la tabla `clientes`
--
ALTER TABLE `clientes`
  ADD PRIMARY KEY (`idCliente`);

--
-- Indices de la tabla `elementos`
--
ALTER TABLE `elementos`
  ADD PRIMARY KEY (`idElemento`),
  ADD KEY `fk_elementos_categorias1_idx` (`categorias_idCategoria`);

--
-- Indices de la tabla `elementos_has_etiquetas`
--
ALTER TABLE `elementos_has_etiquetas`
  ADD PRIMARY KEY (`elementos_idElemento`,`etiquetas_idEtiqueta`),
  ADD KEY `fk_elementos_has_categorias_categorias1_idx` (`etiquetas_idEtiqueta`),
  ADD KEY `fk_elementos_has_categorias_elementos1_idx` (`elementos_idElemento`);

--
-- Indices de la tabla `elementos_has_preferencias`
--
ALTER TABLE `elementos_has_preferencias`
  ADD PRIMARY KEY (`elementos_idElemento`,`preferencias_idPreferencia`),
  ADD KEY `fk_elementos_has_preferencias_preferencias1_idx` (`preferencias_idPreferencia`),
  ADD KEY `fk_elementos_has_preferencias_elementos1_idx` (`elementos_idElemento`);

--
-- Indices de la tabla `etiquetas`
--
ALTER TABLE `etiquetas`
  ADD PRIMARY KEY (`idEtiqueta`);

--
-- Indices de la tabla `logos`
--
ALTER TABLE `logos`
  ADD PRIMARY KEY (`idLogo`,`elementos_idElemento`),
  ADD KEY `fk_logos_clientes_idx` (`clientes_idCliente`),
  ADD KEY `fk_logos_elementos1_idx` (`elementos_idElemento`);

--
-- Indices de la tabla `pedidos`
--
ALTER TABLE `pedidos`
  ADD PRIMARY KEY (`idPedido`),
  ADD KEY `fk_pedidos_logos1_idx` (`logos_idLogo`);

--
-- Indices de la tabla `preferencias`
--
ALTER TABLE `preferencias`
  ADD PRIMARY KEY (`idPreferencia`);

--
-- Indices de la tabla `usuarios`
--
ALTER TABLE `usuarios`
  ADD PRIMARY KEY (`idUsuario`);

--
-- AUTO_INCREMENT de las tablas volcadas
--

--
-- AUTO_INCREMENT de la tabla `categorias`
--
ALTER TABLE `categorias`
  MODIFY `idCategoria` int(11) NOT NULL AUTO_INCREMENT, AUTO_INCREMENT=4;
--
-- AUTO_INCREMENT de la tabla `clientes`
--
ALTER TABLE `clientes`
  MODIFY `idCliente` int(11) NOT NULL AUTO_INCREMENT, AUTO_INCREMENT=3;
--
-- AUTO_INCREMENT de la tabla `elementos`
--
ALTER TABLE `elementos`
  MODIFY `idElemento` int(11) NOT NULL AUTO_INCREMENT, AUTO_INCREMENT=9;
--
-- AUTO_INCREMENT de la tabla `etiquetas`
--
ALTER TABLE `etiquetas`
  MODIFY `idEtiqueta` int(11) NOT NULL AUTO_INCREMENT;
--
-- AUTO_INCREMENT de la tabla `logos`
--
ALTER TABLE `logos`
  MODIFY `idLogo` int(11) NOT NULL AUTO_INCREMENT, AUTO_INCREMENT=6;
--
-- AUTO_INCREMENT de la tabla `pedidos`
--
ALTER TABLE `pedidos`
  MODIFY `idPedido` int(11) NOT NULL AUTO_INCREMENT, AUTO_INCREMENT=4;
--
-- AUTO_INCREMENT de la tabla `preferencias`
--
ALTER TABLE `preferencias`
  MODIFY `idPreferencia` int(11) NOT NULL AUTO_INCREMENT, AUTO_INCREMENT=8;
--
-- AUTO_INCREMENT de la tabla `usuarios`
--
ALTER TABLE `usuarios`
  MODIFY `idUsuario` int(11) NOT NULL AUTO_INCREMENT;
--
-- Restricciones para tablas volcadas
--

--
-- Filtros para la tabla `elementos`
--
ALTER TABLE `elementos`
  ADD CONSTRAINT `fk_elementos_categorias1` FOREIGN KEY (`categorias_idCategoria`) REFERENCES `categorias` (`idCategoria`) ON DELETE NO ACTION ON UPDATE NO ACTION;

--
-- Filtros para la tabla `elementos_has_etiquetas`
--
ALTER TABLE `elementos_has_etiquetas`
  ADD CONSTRAINT `fk_elementos_has_categorias_categorias1` FOREIGN KEY (`etiquetas_idEtiqueta`) REFERENCES `etiquetas` (`idEtiqueta`) ON DELETE NO ACTION ON UPDATE NO ACTION,
  ADD CONSTRAINT `fk_elementos_has_categorias_elementos1` FOREIGN KEY (`elementos_idElemento`) REFERENCES `elementos` (`idElemento`) ON DELETE NO ACTION ON UPDATE NO ACTION;

--
-- Filtros para la tabla `elementos_has_preferencias`
--
ALTER TABLE `elementos_has_preferencias`
  ADD CONSTRAINT `fk_elementos_has_preferencias_elementos1` FOREIGN KEY (`elementos_idElemento`) REFERENCES `elementos` (`idElemento`) ON DELETE NO ACTION ON UPDATE NO ACTION,
  ADD CONSTRAINT `fk_elementos_has_preferencias_preferencias1` FOREIGN KEY (`preferencias_idPreferencia`) REFERENCES `preferencias` (`idPreferencia`) ON DELETE NO ACTION ON UPDATE NO ACTION;

--
-- Filtros para la tabla `logos`
--
ALTER TABLE `logos`
  ADD CONSTRAINT `fk_logos_clientes` FOREIGN KEY (`clientes_idCliente`) REFERENCES `clientes` (`idCliente`) ON DELETE NO ACTION ON UPDATE NO ACTION,
  ADD CONSTRAINT `fk_logos_elementos1` FOREIGN KEY (`elementos_idElemento`) REFERENCES `elementos` (`idElemento`) ON DELETE NO ACTION ON UPDATE NO ACTION;

--
-- Filtros para la tabla `pedidos`
--
ALTER TABLE `pedidos`
  ADD CONSTRAINT `fk_pedidos_logos1` FOREIGN KEY (`logos_idLogo`) REFERENCES `logos` (`idLogo`) ON DELETE NO ACTION ON UPDATE NO ACTION;

/*!40101 SET CHARACTER_SET_CLIENT=@OLD_CHARACTER_SET_CLIENT */;
/*!40101 SET CHARACTER_SET_RESULTS=@OLD_CHARACTER_SET_RESULTS */;
/*!40101 SET COLLATION_CONNECTION=@OLD_COLLATION_CONNECTION */;
