-- phpMyAdmin SQL Dump
-- version 4.2.7.1
-- http://www.phpmyadmin.net
--
-- Servidor: 127.0.0.1
-- Tiempo de generación: 02-05-2017 a las 20:45:20
-- Versión del servidor: 5.6.20
-- Versión de PHP: 5.5.15

SET SQL_MODE = "NO_AUTO_VALUE_ON_ZERO";
SET time_zone = "+00:00";


/*!40101 SET @OLD_CHARACTER_SET_CLIENT=@@CHARACTER_SET_CLIENT */;
/*!40101 SET @OLD_CHARACTER_SET_RESULTS=@@CHARACTER_SET_RESULTS */;
/*!40101 SET @OLD_COLLATION_CONNECTION=@@COLLATION_CONNECTION */;
/*!40101 SET NAMES utf8 */;

--
-- Base de datos: `disenadorlogodb`
--

-- --------------------------------------------------------

--
-- Estructura de tabla para la tabla `atributos`
--

CREATE TABLE IF NOT EXISTS `atributos` (
`idAtributo` int(11) NOT NULL,
  `clave` varchar(45) NOT NULL,
  `valor` varchar(255) NOT NULL,
  `logos_idLogo` int(11) NOT NULL
) ENGINE=InnoDB DEFAULT CHARSET=utf8 AUTO_INCREMENT=1 ;

-- --------------------------------------------------------

--
-- Estructura de tabla para la tabla `categorias`
--

CREATE TABLE IF NOT EXISTS `categorias` (
`idCategoria` int(11) NOT NULL,
  `nombreCategoria` varchar(45) NOT NULL
) ENGINE=InnoDB  DEFAULT CHARSET=utf8 AUTO_INCREMENT=4 ;

--
-- Volcado de datos para la tabla `categorias`
--

INSERT INTO `categorias` (`idCategoria`, `nombreCategoria`) VALUES
(1, 'Negocio'),
(2, 'Ingenieria'),
(3, 'Abstractos');

-- --------------------------------------------------------

--
-- Estructura de tabla para la tabla `clientes`
--

CREATE TABLE IF NOT EXISTS `clientes` (
`idCliente` int(11) NOT NULL,
  `nombreCliente` varchar(45) NOT NULL,
  `correo` varchar(45) NOT NULL,
  `pass` varchar(45) NOT NULL,
  `telefono` varchar(45) NOT NULL,
  `pais` varchar(45) NOT NULL
) ENGINE=InnoDB  DEFAULT CHARSET=utf8 AUTO_INCREMENT=3 ;

--
-- Volcado de datos para la tabla `clientes`
--

INSERT INTO `clientes` (`idCliente`, `nombreCliente`, `correo`, `pass`, `telefono`, `pais`) VALUES
(1, 'Cliente 1', 'correo@gmail.com', 'passssssssss', '0909090090090', 'Haiti'),
(2, 'Cliente 2', 'correo2@gmail.com', 'paaaassss2', '34534455555', 'Colombia');

-- --------------------------------------------------------

--
-- Estructura de tabla para la tabla `elementos`
--

CREATE TABLE IF NOT EXISTS `elementos` (
`idElemento` int(11) NOT NULL,
  `nombre` varchar(45) NOT NULL,
  `url` varchar(100) DEFAULT NULL,
  `svg` text,
  `color` varchar(45) DEFAULT NULL,
  `tipo` enum('FUENTE','ICONO') NOT NULL,
  `comprado` int(11) NOT NULL,
  `categorias_idCategoria` int(11) NOT NULL
) ENGINE=InnoDB  DEFAULT CHARSET=utf8 AUTO_INCREMENT=9 ;

--
-- Volcado de datos para la tabla `elementos`
--

INSERT INTO `elementos` (`idElemento`, `nombre`, `url`, `svg`, `color`, `tipo`, `comprado`, `categorias_idCategoria`) VALUES
(1, 'Elemento-1', 'url-1', 'PD94bWwgdmVyc2lvbj0iMS4wIiBlbmNvZGluZz0iaXNvLTg4NTktMSI/PjxzdmcgdmVyc2lvbj0iMS4xIiBpZD0iTGF5ZXJfMSIgd2lkdGg9IjkwMCIgaGVpZ2h0PSI0ODAiIHhtbG5zPSJodHRwOi8vd3d3LnczLm9yZy8yMDAwL3N2ZyIgeG1sbnM6eGxpbms9Imh0dHA6Ly93d3cudzMub3JnLzE5OTkveGxpbmsiIHg9IjBweCIgeT0iMHB4IiB2aWV3Qm94PSIwIDAgNTEyIDUxMiIgc3R5bGU9ImVuYWJsZS1iYWNrZ3JvdW5kOm5ldyAwIDAgNTEyIDUxMjsiIHhtbDpzcGFjZT0icHJlc2VydmUiPjxwYXRoIHN0eWxlPSJmaWxsOiM5QkY1N0Q7IiBkPSJNMTczLjU1OSw5NS40NThjMCw2LjU3MSwwLjk5NSwxMi45MDcsMi44MDYsMTguODg5YzUuOTgsMS44MSwxMi4zMTYsMi44MDYsMTguODg5LDIuODA2YzM1Ljk0NSwwLDY1LjA4NS0yOS4xNCw2NS4wODUtNjUuMDg1YzAtNi41NzEtMC45OTUtMTIuOTA3LTIuODA2LTE4Ljg4OWMtNS45ODEtMS44MTItMTIuMzE3LTIuODA2LTE4Ljg4OS0yLjgwNkMyMDIuNjk5LDMwLjM3MywxNzMuNTU5LDU5LjUxMiwxNzMuNTU5LDk1LjQ1OHoiLz48cGF0aCBzdHlsZT0iZmlsbDojOENFMTZFOyIgZD0iTTI1Ny41MzIsMzMuMTc5bC04MS4xNjYsODEuMTY2YzUuOTgsMS44MTIsMTIuMzE2LDIuODA3LDE4Ljg4OSwyLjgwN2MzNS45NDUsMCw2NS4wODUtMjkuMTQsNjUuMDg1LTY1LjA4NUMyNjAuMzM5LDQ1LjQ5NSwyNTkuMzQ0LDM5LjE1OSwyNTcuNTMyLDMzLjE3OUwyNTcuNTMyLDMzLjE3OXoiLz48Y2lyY2xlIHN0eWxlPSJmaWxsOiM3Rjg0OTk7IiBjeD0iMzUxLjQ1OCIgY3k9IjI2MC4zMzkiIHI9IjIxLjY5NSIvPjxwYXRoIHN0eWxlPSJmaWxsOiM5NTlDQjU7IiBkPSJNMzk3LjQ4MiwzMTUuMDQyYy0yLjIyLDAtNC40NDEtMC44NDctNi4xMzUtMi41NDNjLTMuMzktMy4zOS0zLjM5LTguODgyLDAtMTIuMjcyYzIxLjk4My0yMS45OTEsMjEuOTgzLTU3Ljc4OCwwLTc5Ljc4Yy0zLjM5LTMuMzktMy4zOS04Ljg4MiwwLTEyLjI3MnM4Ljg4Mi0zLjM5LDEyLjI3MiwwYzI4Ljc1NCwyOC43NjMsMjguNzU0LDc1LjU1OSwwLDEwNC4zMjJDNDAxLjkyMywzMTQuMTk0LDM5OS43MDMsMzE1LjA0MiwzOTcuNDgyLDMxNS4wNDJ6Ii8+PHBhdGggc3R5bGU9ImZpbGw6I0FGQjlEMjsiIGQ9Ik00MjguMTYsMzQ1LjcyYy0yLjIyLDAtNC40NDEtMC44NDctNi4xMzUtMi41NDNjLTMuMzktMy4zOS0zLjM5LTguODgyLDAtMTIuMjcyYzM4LjkwNy0zOC45MTUsMzguOTA3LTEwMi4yMiwwLTE0MS4xMzVjLTMuMzktMy4zOS0zLjM5LTguODgyLDAtMTIuMjcyczguODgyLTMuMzksMTIuMjcyLDBjNDUuNjc4LDQ1LjY3OCw0NS42NzgsMTIwLDAsMTY1LjY3OEM0MzIuNjAxLDM0NC44NzIsNDMwLjM4LDM0NS43Miw0MjguMTYsMzQ1LjcyeiIvPjxwYXRoIHN0eWxlPSJmaWxsOiNDN0NGRTI7IiBkPSJNNDU4LjgzOSwzNzYuMzk4Yy0yLjIyLDAtNC40NDEtMC44NDctNi4xMzUtMi41NDNjLTMuMzktMy4zOS0zLjM5LTguODgyLDAtMTIuMjcyYzI3LjA1LTI3LjA0Miw0MS45NDEtNjIuOTk5LDQxLjk0MS0xMDEuMjQ1cy0xNC44OS03NC4yMDMtNDEuOTQxLTEwMS4yNDZjLTMuMzktMy4zOS0zLjM5LTguODgyLDAtMTIuMjcyczguODgyLTMuMzksMTIuMjcyLDBDNDk1LjMwNSwxNzcuMTQzLDUxMiwyMTcuNDU4LDUxMiwyNjAuMzM5cy0xNi42OTUsODMuMTk1LTQ3LjAyNiwxMTMuNTE2QzQ2My4yNzksMzc1LjU1MSw0NjEuMDU5LDM3Ni4zOTgsNDU4LjgzOSwzNzYuMzk4eiIvPjxwYXRoIHN0eWxlPSJmaWxsOiM3REM4NkU7IiBkPSJNMjE0LjQwNyw3Ni4zMDVjLTMuMzktMy4zOS04Ljg4Mi0zLjM5LTEyLjI3MiwwbC0yMi40OTksMjIuNDk5Yy0xMy4zMjItMzguMjg4LTMzLjg1Mi01Ni41NTEtMzUuMTI4LTU3LjY1MWMtMy42MTktMy4xMTktOS4xMDItMi43MjEtMTIuMjM3LDAuOTE2Yy0zLjEyNywzLjYyNy0yLjcyMSw5LjExLDAuOTE2LDEyLjIzN2MwLjM5OCwwLjM0Nyw0MC4zNzMsMzUuNzAyLDQwLjM3MywxMTQuOTE1aDE3LjM1NmMwLTE5LjUyMi0yLjMwOC0zNi41MTYtNS44LTUxLjM1MmwyOS4yOTEtMjkuMjkxQzIxNy43OTYsODUuMTg2LDIxNy43OTYsNzkuNjk1LDIxNC40MDcsNzYuMzA1eiIvPjxwYXRoIHN0eWxlPSJmaWxsOiM5QkY1N0Q7IiBkPSJNMzQyLjc0OSwzNDMuODQyYy0xLjY4NS0xLjI2NC0zLjY2My0yLjA1Mi01LjczNy0yLjQyYy0zOC42My02LjgzNi02Ny45OTUtNDAuNDktNjcuOTk1LTgxLjA4M2MwLTM0LjM4NSwyMS4wNTctNjMuODM1LDUwLjk3OC03Ni4xOTZjNi42MzUtMi43NDEsNy42NzUtMTEuODAzLDEuNjg3LTE1Ljc2NmMtMTcuMDg5LTExLjMxLTM3LjExOC0xNi41MTMtNTUuOTE5LTE2LjUxM2MtNDUuNTU5LDAtNTMuNzg1LDE0Ljk4OS04My41MjUsMTQuOTg5cy0zNy45NjYtMTQuOTg5LTgzLjUyNS0xNC45ODlTMCwxODEuODQyLDAsMjU2Ljc4OWMwLDExOS45MTMsNjguMzM5LDIyNC44MzksMTM2LjY3OCwyMjQuODM5YzMwLjM3MywwLDIyLjc4LTcuNDk0LDQ1LjU1OS03LjQ5NHMxNS4xODYsNy40OTQsNDUuNTU5LDcuNDk0YzQ3LjY4LDAsOTUuMjQ1LTUxLjE2NCwxMTkuNzAzLTEyMi43NzlDMzQ5LjM2NSwzNTMuMzgxLDM0Ny4zNywzNDcuMzA3LDM0Mi43NDksMzQzLjg0MkwzNDIuNzQ5LDM0My44NDJ6Ii8+PHBhdGggc3R5bGU9ImZpbGw6IzhDRTE2RTsiIGQ9Ik0xMDMuOTE1LDIyMy42OTdjMy4zNzQtMjkuOTQ4LDEyLjY5OC01Mi41MjksMjUuMjEyLTY5LjAwOWMtOC4xMzMtMS42NTktMTcuODE3LTIuODI0LTMwLjQxNS0yLjgyNEM1My4xNTMsMTUxLjg2NCwwLDE4MS44NDIsMCwyNTYuNzg5YzAsMTE5LjkxMyw2OC4zMzksMjI0LjgzOSwxMzYuNjc4LDIyNC44MzljMjcuNzExLDAsMjMuODg3LTYuMjIyLDQwLjI5My03LjMxNUMxMjYuNTY1LDQ0MC42MjcsOTEuMzIxLDMzNS40OTUsMTAzLjkxNSwyMjMuNjk3eiIvPjxnPjwvZz48Zz48L2c+PGc+PC9nPjxnPjwvZz48Zz48L2c+PGc+PC9nPjxnPjwvZz48Zz48L2c+PGc+PC9nPjxnPjwvZz48Zz48L2c+PGc+PC9nPjxnPjwvZz48Zz48L2c+PGc+PC9nPjwvc3ZnPg==', NULL, 'ICONO', 1, 1),
(2, 'Elemento-2', 'url-2', 'PD94bWwgdmVyc2lvbj0iMS4wIiBlbmNvZGluZz0iaXNvLTg4NTktMSI/PjxzdmcgdmVyc2lvbj0iMS4xIiBpZD0iTGF5ZXJfMSIgd2lkdGg9IjkwMCIgaGVpZ2h0PSI0ODAiIHhtbG5zPSJodHRwOi8vd3d3LnczLm9yZy8yMDAwL3N2ZyIgeG1sbnM6eGxpbms9Imh0dHA6Ly93d3cudzMub3JnLzE5OTkveGxpbmsiIHg9IjBweCIgeT0iMHB4IiB2aWV3Qm94PSIwIDAgNTEyIDUxMiIgc3R5bGU9ImVuYWJsZS1iYWNrZ3JvdW5kOm5ldyAwIDAgNTEyIDUxMjsiIHhtbDpzcGFjZT0icHJlc2VydmUiPjxwYXRoIHN0eWxlPSJmaWxsOiM5QkY1N0Q7IiBkPSJNMTczLjU1OSw5NS40NThjMCw2LjU3MSwwLjk5NSwxMi45MDcsMi44MDYsMTguODg5YzUuOTgsMS44MSwxMi4zMTYsMi44MDYsMTguODg5LDIuODA2YzM1Ljk0NSwwLDY1LjA4NS0yOS4xNCw2NS4wODUtNjUuMDg1YzAtNi41NzEtMC45OTUtMTIuOTA3LTIuODA2LTE4Ljg4OWMtNS45ODEtMS44MTItMTIuMzE3LTIuODA2LTE4Ljg4OS0yLjgwNkMyMDIuNjk5LDMwLjM3MywxNzMuNTU5LDU5LjUxMiwxNzMuNTU5LDk1LjQ1OHoiLz48cGF0aCBzdHlsZT0iZmlsbDojOENFMTZFOyIgZD0iTTI1Ny41MzIsMzMuMTc5bC04MS4xNjYsODEuMTY2YzUuOTgsMS44MTIsMTIuMzE2LDIuODA3LDE4Ljg4OSwyLjgwN2MzNS45NDUsMCw2NS4wODUtMjkuMTQsNjUuMDg1LTY1LjA4NUMyNjAuMzM5LDQ1LjQ5NSwyNTkuMzQ0LDM5LjE1OSwyNTcuNTMyLDMzLjE3OUwyNTcuNTMyLDMzLjE3OXoiLz48Y2lyY2xlIHN0eWxlPSJmaWxsOiM3Rjg0OTk7IiBjeD0iMzUxLjQ1OCIgY3k9IjI2MC4zMzkiIHI9IjIxLjY5NSIvPjxwYXRoIHN0eWxlPSJmaWxsOiM5NTlDQjU7IiBkPSJNMzk3LjQ4MiwzMTUuMDQyYy0yLjIyLDAtNC40NDEtMC44NDctNi4xMzUtMi41NDNjLTMuMzktMy4zOS0zLjM5LTguODgyLDAtMTIuMjcyYzIxLjk4My0yMS45OTEsMjEuOTgzLTU3Ljc4OCwwLTc5Ljc4Yy0zLjM5LTMuMzktMy4zOS04Ljg4MiwwLTEyLjI3MnM4Ljg4Mi0zLjM5LDEyLjI3MiwwYzI4Ljc1NCwyOC43NjMsMjguNzU0LDc1LjU1OSwwLDEwNC4zMjJDNDAxLjkyMywzMTQuMTk0LDM5OS43MDMsMzE1LjA0MiwzOTcuNDgyLDMxNS4wNDJ6Ii8+PHBhdGggc3R5bGU9ImZpbGw6I0FGQjlEMjsiIGQ9Ik00MjguMTYsMzQ1LjcyYy0yLjIyLDAtNC40NDEtMC44NDctNi4xMzUtMi41NDNjLTMuMzktMy4zOS0zLjM5LTguODgyLDAtMTIuMjcyYzM4LjkwNy0zOC45MTUsMzguOTA3LTEwMi4yMiwwLTE0MS4xMzVjLTMuMzktMy4zOS0zLjM5LTguODgyLDAtMTIuMjcyczguODgyLTMuMzksMTIuMjcyLDBjNDUuNjc4LDQ1LjY3OCw0NS42NzgsMTIwLDAsMTY1LjY3OEM0MzIuNjAxLDM0NC44NzIsNDMwLjM4LDM0NS43Miw0MjguMTYsMzQ1LjcyeiIvPjxwYXRoIHN0eWxlPSJmaWxsOiNDN0NGRTI7IiBkPSJNNDU4LjgzOSwzNzYuMzk4Yy0yLjIyLDAtNC40NDEtMC44NDctNi4xMzUtMi41NDNjLTMuMzktMy4zOS0zLjM5LTguODgyLDAtMTIuMjcyYzI3LjA1LTI3LjA0Miw0MS45NDEtNjIuOTk5LDQxLjk0MS0xMDEuMjQ1cy0xNC44OS03NC4yMDMtNDEuOTQxLTEwMS4yNDZjLTMuMzktMy4zOS0zLjM5LTguODgyLDAtMTIuMjcyczguODgyLTMuMzksMTIuMjcyLDBDNDk1LjMwNSwxNzcuMTQzLDUxMiwyMTcuNDU4LDUxMiwyNjAuMzM5cy0xNi42OTUsODMuMTk1LTQ3LjAyNiwxMTMuNTE2QzQ2My4yNzksMzc1LjU1MSw0NjEuMDU5LDM3Ni4zOTgsNDU4LjgzOSwzNzYuMzk4eiIvPjxwYXRoIHN0eWxlPSJmaWxsOiM3REM4NkU7IiBkPSJNMjE0LjQwNyw3Ni4zMDVjLTMuMzktMy4zOS04Ljg4Mi0zLjM5LTEyLjI3MiwwbC0yMi40OTksMjIuNDk5Yy0xMy4zMjItMzguMjg4LTMzLjg1Mi01Ni41NTEtMzUuMTI4LTU3LjY1MWMtMy42MTktMy4xMTktOS4xMDItMi43MjEtMTIuMjM3LDAuOTE2Yy0zLjEyNywzLjYyNy0yLjcyMSw5LjExLDAuOTE2LDEyLjIzN2MwLjM5OCwwLjM0Nyw0MC4zNzMsMzUuNzAyLDQwLjM3MywxMTQuOTE1aDE3LjM1NmMwLTE5LjUyMi0yLjMwOC0zNi41MTYtNS44LTUxLjM1MmwyOS4yOTEtMjkuMjkxQzIxNy43OTYsODUuMTg2LDIxNy43OTYsNzkuNjk1LDIxNC40MDcsNzYuMzA1eiIvPjxwYXRoIHN0eWxlPSJmaWxsOiM5QkY1N0Q7IiBkPSJNMzQyLjc0OSwzNDMuODQyYy0xLjY4NS0xLjI2NC0zLjY2My0yLjA1Mi01LjczNy0yLjQyYy0zOC42My02LjgzNi02Ny45OTUtNDAuNDktNjcuOTk1LTgxLjA4M2MwLTM0LjM4NSwyMS4wNTctNjMuODM1LDUwLjk3OC03Ni4xOTZjNi42MzUtMi43NDEsNy42NzUtMTEuODAzLDEuNjg3LTE1Ljc2NmMtMTcuMDg5LTExLjMxLTM3LjExOC0xNi41MTMtNTUuOTE5LTE2LjUxM2MtNDUuNTU5LDAtNTMuNzg1LDE0Ljk4OS04My41MjUsMTQuOTg5cy0zNy45NjYtMTQuOTg5LTgzLjUyNS0xNC45ODlTMCwxODEuODQyLDAsMjU2Ljc4OWMwLDExOS45MTMsNjguMzM5LDIyNC44MzksMTM2LjY3OCwyMjQuODM5YzMwLjM3MywwLDIyLjc4LTcuNDk0LDQ1LjU1OS03LjQ5NHMxNS4xODYsNy40OTQsNDUuNTU5LDcuNDk0YzQ3LjY4LDAsOTUuMjQ1LTUxLjE2NCwxMTkuNzAzLTEyMi43NzlDMzQ5LjM2NSwzNTMuMzgxLDM0Ny4zNywzNDcuMzA3LDM0Mi43NDksMzQzLjg0MkwzNDIuNzQ5LDM0My44NDJ6Ii8+PHBhdGggc3R5bGU9ImZpbGw6IzhDRTE2RTsiIGQ9Ik0xMDMuOTE1LDIyMy42OTdjMy4zNzQtMjkuOTQ4LDEyLjY5OC01Mi41MjksMjUuMjEyLTY5LjAwOWMtOC4xMzMtMS42NTktMTcuODE3LTIuODI0LTMwLjQxNS0yLjgyNEM1My4xNTMsMTUxLjg2NCwwLDE4MS44NDIsMCwyNTYuNzg5YzAsMTE5LjkxMyw2OC4zMzksMjI0LjgzOSwxMzYuNjc4LDIyNC44MzljMjcuNzExLDAsMjMuODg3LTYuMjIyLDQwLjI5My03LjMxNUMxMjYuNTY1LDQ0MC42MjcsOTEuMzIxLDMzNS40OTUsMTAzLjkxNSwyMjMuNjk3eiIvPjxnPjwvZz48Zz48L2c+PGc+PC9nPjxnPjwvZz48Zz48L2c+PGc+PC9nPjxnPjwvZz48Zz48L2c+PGc+PC9nPjxnPjwvZz48Zz48L2c+PGc+PC9nPjxnPjwvZz48Zz48L2c+PGc+PC9nPjwvc3ZnPg==', NULL, 'ICONO', 0, 1),
(3, 'Elemento-3', 'url-3', 'PD94bWwgdmVyc2lvbj0iMS4wIiBlbmNvZGluZz0iaXNvLTg4NTktMSI/PjxzdmcgdmVyc2lvbj0iMS4xIiBpZD0iTGF5ZXJfMSIgd2lkdGg9IjkwMCIgaGVpZ2h0PSI0ODAiIHhtbG5zPSJodHRwOi8vd3d3LnczLm9yZy8yMDAwL3N2ZyIgeG1sbnM6eGxpbms9Imh0dHA6Ly93d3cudzMub3JnLzE5OTkveGxpbmsiIHg9IjBweCIgeT0iMHB4IiB2aWV3Qm94PSIwIDAgNTEyIDUxMiIgc3R5bGU9ImVuYWJsZS1iYWNrZ3JvdW5kOm5ldyAwIDAgNTEyIDUxMjsiIHhtbDpzcGFjZT0icHJlc2VydmUiPjxwYXRoIHN0eWxlPSJmaWxsOiM5QkY1N0Q7IiBkPSJNMTczLjU1OSw5NS40NThjMCw2LjU3MSwwLjk5NSwxMi45MDcsMi44MDYsMTguODg5YzUuOTgsMS44MSwxMi4zMTYsMi44MDYsMTguODg5LDIuODA2YzM1Ljk0NSwwLDY1LjA4NS0yOS4xNCw2NS4wODUtNjUuMDg1YzAtNi41NzEtMC45OTUtMTIuOTA3LTIuODA2LTE4Ljg4OWMtNS45ODEtMS44MTItMTIuMzE3LTIuODA2LTE4Ljg4OS0yLjgwNkMyMDIuNjk5LDMwLjM3MywxNzMuNTU5LDU5LjUxMiwxNzMuNTU5LDk1LjQ1OHoiLz48cGF0aCBzdHlsZT0iZmlsbDojOENFMTZFOyIgZD0iTTI1Ny41MzIsMzMuMTc5bC04MS4xNjYsODEuMTY2YzUuOTgsMS44MTIsMTIuMzE2LDIuODA3LDE4Ljg4OSwyLjgwN2MzNS45NDUsMCw2NS4wODUtMjkuMTQsNjUuMDg1LTY1LjA4NUMyNjAuMzM5LDQ1LjQ5NSwyNTkuMzQ0LDM5LjE1OSwyNTcuNTMyLDMzLjE3OUwyNTcuNTMyLDMzLjE3OXoiLz48Y2lyY2xlIHN0eWxlPSJmaWxsOiM3Rjg0OTk7IiBjeD0iMzUxLjQ1OCIgY3k9IjI2MC4zMzkiIHI9IjIxLjY5NSIvPjxwYXRoIHN0eWxlPSJmaWxsOiM5NTlDQjU7IiBkPSJNMzk3LjQ4MiwzMTUuMDQyYy0yLjIyLDAtNC40NDEtMC44NDctNi4xMzUtMi41NDNjLTMuMzktMy4zOS0zLjM5LTguODgyLDAtMTIuMjcyYzIxLjk4My0yMS45OTEsMjEuOTgzLTU3Ljc4OCwwLTc5Ljc4Yy0zLjM5LTMuMzktMy4zOS04Ljg4MiwwLTEyLjI3MnM4Ljg4Mi0zLjM5LDEyLjI3MiwwYzI4Ljc1NCwyOC43NjMsMjguNzU0LDc1LjU1OSwwLDEwNC4zMjJDNDAxLjkyMywzMTQuMTk0LDM5OS43MDMsMzE1LjA0MiwzOTcuNDgyLDMxNS4wNDJ6Ii8+PHBhdGggc3R5bGU9ImZpbGw6I0FGQjlEMjsiIGQ9Ik00MjguMTYsMzQ1LjcyYy0yLjIyLDAtNC40NDEtMC44NDctNi4xMzUtMi41NDNjLTMuMzktMy4zOS0zLjM5LTguODgyLDAtMTIuMjcyYzM4LjkwNy0zOC45MTUsMzguOTA3LTEwMi4yMiwwLTE0MS4xMzVjLTMuMzktMy4zOS0zLjM5LTguODgyLDAtMTIuMjcyczguODgyLTMuMzksMTIuMjcyLDBjNDUuNjc4LDQ1LjY3OCw0NS42NzgsMTIwLDAsMTY1LjY3OEM0MzIuNjAxLDM0NC44NzIsNDMwLjM4LDM0NS43Miw0MjguMTYsMzQ1LjcyeiIvPjxwYXRoIHN0eWxlPSJmaWxsOiNDN0NGRTI7IiBkPSJNNDU4LjgzOSwzNzYuMzk4Yy0yLjIyLDAtNC40NDEtMC44NDctNi4xMzUtMi41NDNjLTMuMzktMy4zOS0zLjM5LTguODgyLDAtMTIuMjcyYzI3LjA1LTI3LjA0Miw0MS45NDEtNjIuOTk5LDQxLjk0MS0xMDEuMjQ1cy0xNC44OS03NC4yMDMtNDEuOTQxLTEwMS4yNDZjLTMuMzktMy4zOS0zLjM5LTguODgyLDAtMTIuMjcyczguODgyLTMuMzksMTIuMjcyLDBDNDk1LjMwNSwxNzcuMTQzLDUxMiwyMTcuNDU4LDUxMiwyNjAuMzM5cy0xNi42OTUsODMuMTk1LTQ3LjAyNiwxMTMuNTE2QzQ2My4yNzksMzc1LjU1MSw0NjEuMDU5LDM3Ni4zOTgsNDU4LjgzOSwzNzYuMzk4eiIvPjxwYXRoIHN0eWxlPSJmaWxsOiM3REM4NkU7IiBkPSJNMjE0LjQwNyw3Ni4zMDVjLTMuMzktMy4zOS04Ljg4Mi0zLjM5LTEyLjI3MiwwbC0yMi40OTksMjIuNDk5Yy0xMy4zMjItMzguMjg4LTMzLjg1Mi01Ni41NTEtMzUuMTI4LTU3LjY1MWMtMy42MTktMy4xMTktOS4xMDItMi43MjEtMTIuMjM3LDAuOTE2Yy0zLjEyNywzLjYyNy0yLjcyMSw5LjExLDAuOTE2LDEyLjIzN2MwLjM5OCwwLjM0Nyw0MC4zNzMsMzUuNzAyLDQwLjM3MywxMTQuOTE1aDE3LjM1NmMwLTE5LjUyMi0yLjMwOC0zNi41MTYtNS44LTUxLjM1MmwyOS4yOTEtMjkuMjkxQzIxNy43OTYsODUuMTg2LDIxNy43OTYsNzkuNjk1LDIxNC40MDcsNzYuMzA1eiIvPjxwYXRoIHN0eWxlPSJmaWxsOiM5QkY1N0Q7IiBkPSJNMzQyLjc0OSwzNDMuODQyYy0xLjY4NS0xLjI2NC0zLjY2My0yLjA1Mi01LjczNy0yLjQyYy0zOC42My02LjgzNi02Ny45OTUtNDAuNDktNjcuOTk1LTgxLjA4M2MwLTM0LjM4NSwyMS4wNTctNjMuODM1LDUwLjk3OC03Ni4xOTZjNi42MzUtMi43NDEsNy42NzUtMTEuODAzLDEuNjg3LTE1Ljc2NmMtMTcuMDg5LTExLjMxLTM3LjExOC0xNi41MTMtNTUuOTE5LTE2LjUxM2MtNDUuNTU5LDAtNTMuNzg1LDE0Ljk4OS04My41MjUsMTQuOTg5cy0zNy45NjYtMTQuOTg5LTgzLjUyNS0xNC45ODlTMCwxODEuODQyLDAsMjU2Ljc4OWMwLDExOS45MTMsNjguMzM5LDIyNC44MzksMTM2LjY3OCwyMjQuODM5YzMwLjM3MywwLDIyLjc4LTcuNDk0LDQ1LjU1OS03LjQ5NHMxNS4xODYsNy40OTQsNDUuNTU5LDcuNDk0YzQ3LjY4LDAsOTUuMjQ1LTUxLjE2NCwxMTkuNzAzLTEyMi43NzlDMzQ5LjM2NSwzNTMuMzgxLDM0Ny4zNywzNDcuMzA3LDM0Mi43NDksMzQzLjg0MkwzNDIuNzQ5LDM0My44NDJ6Ii8+PHBhdGggc3R5bGU9ImZpbGw6IzhDRTE2RTsiIGQ9Ik0xMDMuOTE1LDIyMy42OTdjMy4zNzQtMjkuOTQ4LDEyLjY5OC01Mi41MjksMjUuMjEyLTY5LjAwOWMtOC4xMzMtMS42NTktMTcuODE3LTIuODI0LTMwLjQxNS0yLjgyNEM1My4xNTMsMTUxLjg2NCwwLDE4MS44NDIsMCwyNTYuNzg5YzAsMTE5LjkxMyw2OC4zMzksMjI0LjgzOSwxMzYuNjc4LDIyNC44MzljMjcuNzExLDAsMjMuODg3LTYuMjIyLDQwLjI5My03LjMxNUMxMjYuNTY1LDQ0MC42MjcsOTEuMzIxLDMzNS40OTUsMTAzLjkxNSwyMjMuNjk3eiIvPjxnPjwvZz48Zz48L2c+PGc+PC9nPjxnPjwvZz48Zz48L2c+PGc+PC9nPjxnPjwvZz48Zz48L2c+PGc+PC9nPjxnPjwvZz48Zz48L2c+PGc+PC9nPjxnPjwvZz48Zz48L2c+PGc+PC9nPjwvc3ZnPg==', NULL, 'ICONO', 0, 2),
(4, 'Elemento-4', 'url-4', 'PD94bWwgdmVyc2lvbj0iMS4wIiBlbmNvZGluZz0iaXNvLTg4NTktMSI/PjxzdmcgdmVyc2lvbj0iMS4xIiBpZD0iTGF5ZXJfMSIgd2lkdGg9IjkwMCIgaGVpZ2h0PSI0ODAiIHhtbG5zPSJodHRwOi8vd3d3LnczLm9yZy8yMDAwL3N2ZyIgeG1sbnM6eGxpbms9Imh0dHA6Ly93d3cudzMub3JnLzE5OTkveGxpbmsiIHg9IjBweCIgeT0iMHB4IiB2aWV3Qm94PSIwIDAgNTEyIDUxMiIgc3R5bGU9ImVuYWJsZS1iYWNrZ3JvdW5kOm5ldyAwIDAgNTEyIDUxMjsiIHhtbDpzcGFjZT0icHJlc2VydmUiPjxwYXRoIHN0eWxlPSJmaWxsOiM5QkY1N0Q7IiBkPSJNMTczLjU1OSw5NS40NThjMCw2LjU3MSwwLjk5NSwxMi45MDcsMi44MDYsMTguODg5YzUuOTgsMS44MSwxMi4zMTYsMi44MDYsMTguODg5LDIuODA2YzM1Ljk0NSwwLDY1LjA4NS0yOS4xNCw2NS4wODUtNjUuMDg1YzAtNi41NzEtMC45OTUtMTIuOTA3LTIuODA2LTE4Ljg4OWMtNS45ODEtMS44MTItMTIuMzE3LTIuODA2LTE4Ljg4OS0yLjgwNkMyMDIuNjk5LDMwLjM3MywxNzMuNTU5LDU5LjUxMiwxNzMuNTU5LDk1LjQ1OHoiLz48cGF0aCBzdHlsZT0iZmlsbDojOENFMTZFOyIgZD0iTTI1Ny41MzIsMzMuMTc5bC04MS4xNjYsODEuMTY2YzUuOTgsMS44MTIsMTIuMzE2LDIuODA3LDE4Ljg4OSwyLjgwN2MzNS45NDUsMCw2NS4wODUtMjkuMTQsNjUuMDg1LTY1LjA4NUMyNjAuMzM5LDQ1LjQ5NSwyNTkuMzQ0LDM5LjE1OSwyNTcuNTMyLDMzLjE3OUwyNTcuNTMyLDMzLjE3OXoiLz48Y2lyY2xlIHN0eWxlPSJmaWxsOiM3Rjg0OTk7IiBjeD0iMzUxLjQ1OCIgY3k9IjI2MC4zMzkiIHI9IjIxLjY5NSIvPjxwYXRoIHN0eWxlPSJmaWxsOiM5NTlDQjU7IiBkPSJNMzk3LjQ4MiwzMTUuMDQyYy0yLjIyLDAtNC40NDEtMC44NDctNi4xMzUtMi41NDNjLTMuMzktMy4zOS0zLjM5LTguODgyLDAtMTIuMjcyYzIxLjk4My0yMS45OTEsMjEuOTgzLTU3Ljc4OCwwLTc5Ljc4Yy0zLjM5LTMuMzktMy4zOS04Ljg4MiwwLTEyLjI3MnM4Ljg4Mi0zLjM5LDEyLjI3MiwwYzI4Ljc1NCwyOC43NjMsMjguNzU0LDc1LjU1OSwwLDEwNC4zMjJDNDAxLjkyMywzMTQuMTk0LDM5OS43MDMsMzE1LjA0MiwzOTcuNDgyLDMxNS4wNDJ6Ii8+PHBhdGggc3R5bGU9ImZpbGw6I0FGQjlEMjsiIGQ9Ik00MjguMTYsMzQ1LjcyYy0yLjIyLDAtNC40NDEtMC44NDctNi4xMzUtMi41NDNjLTMuMzktMy4zOS0zLjM5LTguODgyLDAtMTIuMjcyYzM4LjkwNy0zOC45MTUsMzguOTA3LTEwMi4yMiwwLTE0MS4xMzVjLTMuMzktMy4zOS0zLjM5LTguODgyLDAtMTIuMjcyczguODgyLTMuMzksMTIuMjcyLDBjNDUuNjc4LDQ1LjY3OCw0NS42NzgsMTIwLDAsMTY1LjY3OEM0MzIuNjAxLDM0NC44NzIsNDMwLjM4LDM0NS43Miw0MjguMTYsMzQ1LjcyeiIvPjxwYXRoIHN0eWxlPSJmaWxsOiNDN0NGRTI7IiBkPSJNNDU4LjgzOSwzNzYuMzk4Yy0yLjIyLDAtNC40NDEtMC44NDctNi4xMzUtMi41NDNjLTMuMzktMy4zOS0zLjM5LTguODgyLDAtMTIuMjcyYzI3LjA1LTI3LjA0Miw0MS45NDEtNjIuOTk5LDQxLjk0MS0xMDEuMjQ1cy0xNC44OS03NC4yMDMtNDEuOTQxLTEwMS4yNDZjLTMuMzktMy4zOS0zLjM5LTguODgyLDAtMTIuMjcyczguODgyLTMuMzksMTIuMjcyLDBDNDk1LjMwNSwxNzcuMTQzLDUxMiwyMTcuNDU4LDUxMiwyNjAuMzM5cy0xNi42OTUsODMuMTk1LTQ3LjAyNiwxMTMuNTE2QzQ2My4yNzksMzc1LjU1MSw0NjEuMDU5LDM3Ni4zOTgsNDU4LjgzOSwzNzYuMzk4eiIvPjxwYXRoIHN0eWxlPSJmaWxsOiM3REM4NkU7IiBkPSJNMjE0LjQwNyw3Ni4zMDVjLTMuMzktMy4zOS04Ljg4Mi0zLjM5LTEyLjI3MiwwbC0yMi40OTksMjIuNDk5Yy0xMy4zMjItMzguMjg4LTMzLjg1Mi01Ni41NTEtMzUuMTI4LTU3LjY1MWMtMy42MTktMy4xMTktOS4xMDItMi43MjEtMTIuMjM3LDAuOTE2Yy0zLjEyNywzLjYyNy0yLjcyMSw5LjExLDAuOTE2LDEyLjIzN2MwLjM5OCwwLjM0Nyw0MC4zNzMsMzUuNzAyLDQwLjM3MywxMTQuOTE1aDE3LjM1NmMwLTE5LjUyMi0yLjMwOC0zNi41MTYtNS44LTUxLjM1MmwyOS4yOTEtMjkuMjkxQzIxNy43OTYsODUuMTg2LDIxNy43OTYsNzkuNjk1LDIxNC40MDcsNzYuMzA1eiIvPjxwYXRoIHN0eWxlPSJmaWxsOiM5QkY1N0Q7IiBkPSJNMzQyLjc0OSwzNDMuODQyYy0xLjY4NS0xLjI2NC0zLjY2My0yLjA1Mi01LjczNy0yLjQyYy0zOC42My02LjgzNi02Ny45OTUtNDAuNDktNjcuOTk1LTgxLjA4M2MwLTM0LjM4NSwyMS4wNTctNjMuODM1LDUwLjk3OC03Ni4xOTZjNi42MzUtMi43NDEsNy42NzUtMTEuODAzLDEuNjg3LTE1Ljc2NmMtMTcuMDg5LTExLjMxLTM3LjExOC0xNi41MTMtNTUuOTE5LTE2LjUxM2MtNDUuNTU5LDAtNTMuNzg1LDE0Ljk4OS04My41MjUsMTQuOTg5cy0zNy45NjYtMTQuOTg5LTgzLjUyNS0xNC45ODlTMCwxODEuODQyLDAsMjU2Ljc4OWMwLDExOS45MTMsNjguMzM5LDIyNC44MzksMTM2LjY3OCwyMjQuODM5YzMwLjM3MywwLDIyLjc4LTcuNDk0LDQ1LjU1OS03LjQ5NHMxNS4xODYsNy40OTQsNDUuNTU5LDcuNDk0YzQ3LjY4LDAsOTUuMjQ1LTUxLjE2NCwxMTkuNzAzLTEyMi43NzlDMzQ5LjM2NSwzNTMuMzgxLDM0Ny4zNywzNDcuMzA3LDM0Mi43NDksMzQzLjg0MkwzNDIuNzQ5LDM0My44NDJ6Ii8+PHBhdGggc3R5bGU9ImZpbGw6IzhDRTE2RTsiIGQ9Ik0xMDMuOTE1LDIyMy42OTdjMy4zNzQtMjkuOTQ4LDEyLjY5OC01Mi41MjksMjUuMjEyLTY5LjAwOWMtOC4xMzMtMS42NTktMTcuODE3LTIuODI0LTMwLjQxNS0yLjgyNEM1My4xNTMsMTUxLjg2NCwwLDE4MS44NDIsMCwyNTYuNzg5YzAsMTE5LjkxMyw2OC4zMzksMjI0LjgzOSwxMzYuNjc4LDIyNC44MzljMjcuNzExLDAsMjMuODg3LTYuMjIyLDQwLjI5My03LjMxNUMxMjYuNTY1LDQ0MC42MjcsOTEuMzIxLDMzNS40OTUsMTAzLjkxNSwyMjMuNjk3eiIvPjxnPjwvZz48Zz48L2c+PGc+PC9nPjxnPjwvZz48Zz48L2c+PGc+PC9nPjxnPjwvZz48Zz48L2c+PGc+PC9nPjxnPjwvZz48Zz48L2c+PGc+PC9nPjxnPjwvZz48Zz48L2c+PGc+PC9nPjwvc3ZnPg==', NULL, 'ICONO', 0, 2),
(5, 'Elemento-5', 'url-5', 'PD94bWwgdmVyc2lvbj0iMS4wIiBlbmNvZGluZz0iaXNvLTg4NTktMSI/PjxzdmcgdmVyc2lvbj0iMS4xIiBpZD0iTGF5ZXJfMSIgd2lkdGg9IjkwMCIgaGVpZ2h0PSI0ODAiIHhtbG5zPSJodHRwOi8vd3d3LnczLm9yZy8yMDAwL3N2ZyIgeG1sbnM6eGxpbms9Imh0dHA6Ly93d3cudzMub3JnLzE5OTkveGxpbmsiIHg9IjBweCIgeT0iMHB4IiB2aWV3Qm94PSIwIDAgNTEyIDUxMiIgc3R5bGU9ImVuYWJsZS1iYWNrZ3JvdW5kOm5ldyAwIDAgNTEyIDUxMjsiIHhtbDpzcGFjZT0icHJlc2VydmUiPjxwYXRoIHN0eWxlPSJmaWxsOiM5QkY1N0Q7IiBkPSJNMTczLjU1OSw5NS40NThjMCw2LjU3MSwwLjk5NSwxMi45MDcsMi44MDYsMTguODg5YzUuOTgsMS44MSwxMi4zMTYsMi44MDYsMTguODg5LDIuODA2YzM1Ljk0NSwwLDY1LjA4NS0yOS4xNCw2NS4wODUtNjUuMDg1YzAtNi41NzEtMC45OTUtMTIuOTA3LTIuODA2LTE4Ljg4OWMtNS45ODEtMS44MTItMTIuMzE3LTIuODA2LTE4Ljg4OS0yLjgwNkMyMDIuNjk5LDMwLjM3MywxNzMuNTU5LDU5LjUxMiwxNzMuNTU5LDk1LjQ1OHoiLz48cGF0aCBzdHlsZT0iZmlsbDojOENFMTZFOyIgZD0iTTI1Ny41MzIsMzMuMTc5bC04MS4xNjYsODEuMTY2YzUuOTgsMS44MTIsMTIuMzE2LDIuODA3LDE4Ljg4OSwyLjgwN2MzNS45NDUsMCw2NS4wODUtMjkuMTQsNjUuMDg1LTY1LjA4NUMyNjAuMzM5LDQ1LjQ5NSwyNTkuMzQ0LDM5LjE1OSwyNTcuNTMyLDMzLjE3OUwyNTcuNTMyLDMzLjE3OXoiLz48Y2lyY2xlIHN0eWxlPSJmaWxsOiM3Rjg0OTk7IiBjeD0iMzUxLjQ1OCIgY3k9IjI2MC4zMzkiIHI9IjIxLjY5NSIvPjxwYXRoIHN0eWxlPSJmaWxsOiM5NTlDQjU7IiBkPSJNMzk3LjQ4MiwzMTUuMDQyYy0yLjIyLDAtNC40NDEtMC44NDctNi4xMzUtMi41NDNjLTMuMzktMy4zOS0zLjM5LTguODgyLDAtMTIuMjcyYzIxLjk4My0yMS45OTEsMjEuOTgzLTU3Ljc4OCwwLTc5Ljc4Yy0zLjM5LTMuMzktMy4zOS04Ljg4MiwwLTEyLjI3MnM4Ljg4Mi0zLjM5LDEyLjI3MiwwYzI4Ljc1NCwyOC43NjMsMjguNzU0LDc1LjU1OSwwLDEwNC4zMjJDNDAxLjkyMywzMTQuMTk0LDM5OS43MDMsMzE1LjA0MiwzOTcuNDgyLDMxNS4wNDJ6Ii8+PHBhdGggc3R5bGU9ImZpbGw6I0FGQjlEMjsiIGQ9Ik00MjguMTYsMzQ1LjcyYy0yLjIyLDAtNC40NDEtMC44NDctNi4xMzUtMi41NDNjLTMuMzktMy4zOS0zLjM5LTguODgyLDAtMTIuMjcyYzM4LjkwNy0zOC45MTUsMzguOTA3LTEwMi4yMiwwLTE0MS4xMzVjLTMuMzktMy4zOS0zLjM5LTguODgyLDAtMTIuMjcyczguODgyLTMuMzksMTIuMjcyLDBjNDUuNjc4LDQ1LjY3OCw0NS42NzgsMTIwLDAsMTY1LjY3OEM0MzIuNjAxLDM0NC44NzIsNDMwLjM4LDM0NS43Miw0MjguMTYsMzQ1LjcyeiIvPjxwYXRoIHN0eWxlPSJmaWxsOiNDN0NGRTI7IiBkPSJNNDU4LjgzOSwzNzYuMzk4Yy0yLjIyLDAtNC40NDEtMC44NDctNi4xMzUtMi41NDNjLTMuMzktMy4zOS0zLjM5LTguODgyLDAtMTIuMjcyYzI3LjA1LTI3LjA0Miw0MS45NDEtNjIuOTk5LDQxLjk0MS0xMDEuMjQ1cy0xNC44OS03NC4yMDMtNDEuOTQxLTEwMS4yNDZjLTMuMzktMy4zOS0zLjM5LTguODgyLDAtMTIuMjcyczguODgyLTMuMzksMTIuMjcyLDBDNDk1LjMwNSwxNzcuMTQzLDUxMiwyMTcuNDU4LDUxMiwyNjAuMzM5cy0xNi42OTUsODMuMTk1LTQ3LjAyNiwxMTMuNTE2QzQ2My4yNzksMzc1LjU1MSw0NjEuMDU5LDM3Ni4zOTgsNDU4LjgzOSwzNzYuMzk4eiIvPjxwYXRoIHN0eWxlPSJmaWxsOiM3REM4NkU7IiBkPSJNMjE0LjQwNyw3Ni4zMDVjLTMuMzktMy4zOS04Ljg4Mi0zLjM5LTEyLjI3MiwwbC0yMi40OTksMjIuNDk5Yy0xMy4zMjItMzguMjg4LTMzLjg1Mi01Ni41NTEtMzUuMTI4LTU3LjY1MWMtMy42MTktMy4xMTktOS4xMDItMi43MjEtMTIuMjM3LDAuOTE2Yy0zLjEyNywzLjYyNy0yLjcyMSw5LjExLDAuOTE2LDEyLjIzN2MwLjM5OCwwLjM0Nyw0MC4zNzMsMzUuNzAyLDQwLjM3MywxMTQuOTE1aDE3LjM1NmMwLTE5LjUyMi0yLjMwOC0zNi41MTYtNS44LTUxLjM1MmwyOS4yOTEtMjkuMjkxQzIxNy43OTYsODUuMTg2LDIxNy43OTYsNzkuNjk1LDIxNC40MDcsNzYuMzA1eiIvPjxwYXRoIHN0eWxlPSJmaWxsOiM5QkY1N0Q7IiBkPSJNMzQyLjc0OSwzNDMuODQyYy0xLjY4NS0xLjI2NC0zLjY2My0yLjA1Mi01LjczNy0yLjQyYy0zOC42My02LjgzNi02Ny45OTUtNDAuNDktNjcuOTk1LTgxLjA4M2MwLTM0LjM4NSwyMS4wNTctNjMuODM1LDUwLjk3OC03Ni4xOTZjNi42MzUtMi43NDEsNy42NzUtMTEuODAzLDEuNjg3LTE1Ljc2NmMtMTcuMDg5LTExLjMxLTM3LjExOC0xNi41MTMtNTUuOTE5LTE2LjUxM2MtNDUuNTU5LDAtNTMuNzg1LDE0Ljk4OS04My41MjUsMTQuOTg5cy0zNy45NjYtMTQuOTg5LTgzLjUyNS0xNC45ODlTMCwxODEuODQyLDAsMjU2Ljc4OWMwLDExOS45MTMsNjguMzM5LDIyNC44MzksMTM2LjY3OCwyMjQuODM5YzMwLjM3MywwLDIyLjc4LTcuNDk0LDQ1LjU1OS03LjQ5NHMxNS4xODYsNy40OTQsNDUuNTU5LDcuNDk0YzQ3LjY4LDAsOTUuMjQ1LTUxLjE2NCwxMTkuNzAzLTEyMi43NzlDMzQ5LjM2NSwzNTMuMzgxLDM0Ny4zNywzNDcuMzA3LDM0Mi43NDksMzQzLjg0MkwzNDIuNzQ5LDM0My44NDJ6Ii8+PHBhdGggc3R5bGU9ImZpbGw6IzhDRTE2RTsiIGQ9Ik0xMDMuOTE1LDIyMy42OTdjMy4zNzQtMjkuOTQ4LDEyLjY5OC01Mi41MjksMjUuMjEyLTY5LjAwOWMtOC4xMzMtMS42NTktMTcuODE3LTIuODI0LTMwLjQxNS0yLjgyNEM1My4xNTMsMTUxLjg2NCwwLDE4MS44NDIsMCwyNTYuNzg5YzAsMTE5LjkxMyw2OC4zMzksMjI0LjgzOSwxMzYuNjc4LDIyNC44MzljMjcuNzExLDAsMjMuODg3LTYuMjIyLDQwLjI5My03LjMxNUMxMjYuNTY1LDQ0MC42MjcsOTEuMzIxLDMzNS40OTUsMTAzLjkxNSwyMjMuNjk3eiIvPjxnPjwvZz48Zz48L2c+PGc+PC9nPjxnPjwvZz48Zz48L2c+PGc+PC9nPjxnPjwvZz48Zz48L2c+PGc+PC9nPjxnPjwvZz48Zz48L2c+PGc+PC9nPjxnPjwvZz48Zz48L2c+PGc+PC9nPjwvc3ZnPg==', NULL, 'ICONO', 0, 1),
(6, 'Elemento-6', 'url-6', 'PD94bWwgdmVyc2lvbj0iMS4wIiBlbmNvZGluZz0iaXNvLTg4NTktMSI/PjxzdmcgdmVyc2lvbj0iMS4xIiBpZD0iTGF5ZXJfMSIgd2lkdGg9IjkwMCIgaGVpZ2h0PSI0ODAiIHhtbG5zPSJodHRwOi8vd3d3LnczLm9yZy8yMDAwL3N2ZyIgeG1sbnM6eGxpbms9Imh0dHA6Ly93d3cudzMub3JnLzE5OTkveGxpbmsiIHg9IjBweCIgeT0iMHB4IiB2aWV3Qm94PSIwIDAgNTEyIDUxMiIgc3R5bGU9ImVuYWJsZS1iYWNrZ3JvdW5kOm5ldyAwIDAgNTEyIDUxMjsiIHhtbDpzcGFjZT0icHJlc2VydmUiPjxwYXRoIHN0eWxlPSJmaWxsOiM5QkY1N0Q7IiBkPSJNMTczLjU1OSw5NS40NThjMCw2LjU3MSwwLjk5NSwxMi45MDcsMi44MDYsMTguODg5YzUuOTgsMS44MSwxMi4zMTYsMi44MDYsMTguODg5LDIuODA2YzM1Ljk0NSwwLDY1LjA4NS0yOS4xNCw2NS4wODUtNjUuMDg1YzAtNi41NzEtMC45OTUtMTIuOTA3LTIuODA2LTE4Ljg4OWMtNS45ODEtMS44MTItMTIuMzE3LTIuODA2LTE4Ljg4OS0yLjgwNkMyMDIuNjk5LDMwLjM3MywxNzMuNTU5LDU5LjUxMiwxNzMuNTU5LDk1LjQ1OHoiLz48cGF0aCBzdHlsZT0iZmlsbDojOENFMTZFOyIgZD0iTTI1Ny41MzIsMzMuMTc5bC04MS4xNjYsODEuMTY2YzUuOTgsMS44MTIsMTIuMzE2LDIuODA3LDE4Ljg4OSwyLjgwN2MzNS45NDUsMCw2NS4wODUtMjkuMTQsNjUuMDg1LTY1LjA4NUMyNjAuMzM5LDQ1LjQ5NSwyNTkuMzQ0LDM5LjE1OSwyNTcuNTMyLDMzLjE3OUwyNTcuNTMyLDMzLjE3OXoiLz48Y2lyY2xlIHN0eWxlPSJmaWxsOiM3Rjg0OTk7IiBjeD0iMzUxLjQ1OCIgY3k9IjI2MC4zMzkiIHI9IjIxLjY5NSIvPjxwYXRoIHN0eWxlPSJmaWxsOiM5NTlDQjU7IiBkPSJNMzk3LjQ4MiwzMTUuMDQyYy0yLjIyLDAtNC40NDEtMC44NDctNi4xMzUtMi41NDNjLTMuMzktMy4zOS0zLjM5LTguODgyLDAtMTIuMjcyYzIxLjk4My0yMS45OTEsMjEuOTgzLTU3Ljc4OCwwLTc5Ljc4Yy0zLjM5LTMuMzktMy4zOS04Ljg4MiwwLTEyLjI3MnM4Ljg4Mi0zLjM5LDEyLjI3MiwwYzI4Ljc1NCwyOC43NjMsMjguNzU0LDc1LjU1OSwwLDEwNC4zMjJDNDAxLjkyMywzMTQuMTk0LDM5OS43MDMsMzE1LjA0MiwzOTcuNDgyLDMxNS4wNDJ6Ii8+PHBhdGggc3R5bGU9ImZpbGw6I0FGQjlEMjsiIGQ9Ik00MjguMTYsMzQ1LjcyYy0yLjIyLDAtNC40NDEtMC44NDctNi4xMzUtMi41NDNjLTMuMzktMy4zOS0zLjM5LTguODgyLDAtMTIuMjcyYzM4LjkwNy0zOC45MTUsMzguOTA3LTEwMi4yMiwwLTE0MS4xMzVjLTMuMzktMy4zOS0zLjM5LTguODgyLDAtMTIuMjcyczguODgyLTMuMzksMTIuMjcyLDBjNDUuNjc4LDQ1LjY3OCw0NS42NzgsMTIwLDAsMTY1LjY3OEM0MzIuNjAxLDM0NC44NzIsNDMwLjM4LDM0NS43Miw0MjguMTYsMzQ1LjcyeiIvPjxwYXRoIHN0eWxlPSJmaWxsOiNDN0NGRTI7IiBkPSJNNDU4LjgzOSwzNzYuMzk4Yy0yLjIyLDAtNC40NDEtMC44NDctNi4xMzUtMi41NDNjLTMuMzktMy4zOS0zLjM5LTguODgyLDAtMTIuMjcyYzI3LjA1LTI3LjA0Miw0MS45NDEtNjIuOTk5LDQxLjk0MS0xMDEuMjQ1cy0xNC44OS03NC4yMDMtNDEuOTQxLTEwMS4yNDZjLTMuMzktMy4zOS0zLjM5LTguODgyLDAtMTIuMjcyczguODgyLTMuMzksMTIuMjcyLDBDNDk1LjMwNSwxNzcuMTQzLDUxMiwyMTcuNDU4LDUxMiwyNjAuMzM5cy0xNi42OTUsODMuMTk1LTQ3LjAyNiwxMTMuNTE2QzQ2My4yNzksMzc1LjU1MSw0NjEuMDU5LDM3Ni4zOTgsNDU4LjgzOSwzNzYuMzk4eiIvPjxwYXRoIHN0eWxlPSJmaWxsOiM3REM4NkU7IiBkPSJNMjE0LjQwNyw3Ni4zMDVjLTMuMzktMy4zOS04Ljg4Mi0zLjM5LTEyLjI3MiwwbC0yMi40OTksMjIuNDk5Yy0xMy4zMjItMzguMjg4LTMzLjg1Mi01Ni41NTEtMzUuMTI4LTU3LjY1MWMtMy42MTktMy4xMTktOS4xMDItMi43MjEtMTIuMjM3LDAuOTE2Yy0zLjEyNywzLjYyNy0yLjcyMSw5LjExLDAuOTE2LDEyLjIzN2MwLjM5OCwwLjM0Nyw0MC4zNzMsMzUuNzAyLDQwLjM3MywxMTQuOTE1aDE3LjM1NmMwLTE5LjUyMi0yLjMwOC0zNi41MTYtNS44LTUxLjM1MmwyOS4yOTEtMjkuMjkxQzIxNy43OTYsODUuMTg2LDIxNy43OTYsNzkuNjk1LDIxNC40MDcsNzYuMzA1eiIvPjxwYXRoIHN0eWxlPSJmaWxsOiM5QkY1N0Q7IiBkPSJNMzQyLjc0OSwzNDMuODQyYy0xLjY4NS0xLjI2NC0zLjY2My0yLjA1Mi01LjczNy0yLjQyYy0zOC42My02LjgzNi02Ny45OTUtNDAuNDktNjcuOTk1LTgxLjA4M2MwLTM0LjM4NSwyMS4wNTctNjMuODM1LDUwLjk3OC03Ni4xOTZjNi42MzUtMi43NDEsNy42NzUtMTEuODAzLDEuNjg3LTE1Ljc2NmMtMTcuMDg5LTExLjMxLTM3LjExOC0xNi41MTMtNTUuOTE5LTE2LjUxM2MtNDUuNTU5LDAtNTMuNzg1LDE0Ljk4OS04My41MjUsMTQuOTg5cy0zNy45NjYtMTQuOTg5LTgzLjUyNS0xNC45ODlTMCwxODEuODQyLDAsMjU2Ljc4OWMwLDExOS45MTMsNjguMzM5LDIyNC44MzksMTM2LjY3OCwyMjQuODM5YzMwLjM3MywwLDIyLjc4LTcuNDk0LDQ1LjU1OS03LjQ5NHMxNS4xODYsNy40OTQsNDUuNTU5LDcuNDk0YzQ3LjY4LDAsOTUuMjQ1LTUxLjE2NCwxMTkuNzAzLTEyMi43NzlDMzQ5LjM2NSwzNTMuMzgxLDM0Ny4zNywzNDcuMzA3LDM0Mi43NDksMzQzLjg0MkwzNDIuNzQ5LDM0My44NDJ6Ii8+PHBhdGggc3R5bGU9ImZpbGw6IzhDRTE2RTsiIGQ9Ik0xMDMuOTE1LDIyMy42OTdjMy4zNzQtMjkuOTQ4LDEyLjY5OC01Mi41MjksMjUuMjEyLTY5LjAwOWMtOC4xMzMtMS42NTktMTcuODE3LTIuODI0LTMwLjQxNS0yLjgyNEM1My4xNTMsMTUxLjg2NCwwLDE4MS44NDIsMCwyNTYuNzg5YzAsMTE5LjkxMyw2OC4zMzksMjI0LjgzOSwxMzYuNjc4LDIyNC44MzljMjcuNzExLDAsMjMuODg3LTYuMjIyLDQwLjI5My03LjMxNUMxMjYuNTY1LDQ0MC42MjcsOTEuMzIxLDMzNS40OTUsMTAzLjkxNSwyMjMuNjk3eiIvPjxnPjwvZz48Zz48L2c+PGc+PC9nPjxnPjwvZz48Zz48L2c+PGc+PC9nPjxnPjwvZz48Zz48L2c+PGc+PC9nPjxnPjwvZz48Zz48L2c+PGc+PC9nPjxnPjwvZz48Zz48L2c+PGc+PC9nPjwvc3ZnPg==', NULL, 'ICONO', 0, 1),
(7, 'Elemento-7', 'url-7', 'PD94bWwgdmVyc2lvbj0iMS4wIiBlbmNvZGluZz0iaXNvLTg4NTktMSI/PjxzdmcgdmVyc2lvbj0iMS4xIiBpZD0iTGF5ZXJfMSIgd2lkdGg9IjkwMCIgaGVpZ2h0PSI0ODAiIHhtbG5zPSJodHRwOi8vd3d3LnczLm9yZy8yMDAwL3N2ZyIgeG1sbnM6eGxpbms9Imh0dHA6Ly93d3cudzMub3JnLzE5OTkveGxpbmsiIHg9IjBweCIgeT0iMHB4IiB2aWV3Qm94PSIwIDAgNTEyIDUxMiIgc3R5bGU9ImVuYWJsZS1iYWNrZ3JvdW5kOm5ldyAwIDAgNTEyIDUxMjsiIHhtbDpzcGFjZT0icHJlc2VydmUiPjxwYXRoIHN0eWxlPSJmaWxsOiM5QkY1N0Q7IiBkPSJNMTczLjU1OSw5NS40NThjMCw2LjU3MSwwLjk5NSwxMi45MDcsMi44MDYsMTguODg5YzUuOTgsMS44MSwxMi4zMTYsMi44MDYsMTguODg5LDIuODA2YzM1Ljk0NSwwLDY1LjA4NS0yOS4xNCw2NS4wODUtNjUuMDg1YzAtNi41NzEtMC45OTUtMTIuOTA3LTIuODA2LTE4Ljg4OWMtNS45ODEtMS44MTItMTIuMzE3LTIuODA2LTE4Ljg4OS0yLjgwNkMyMDIuNjk5LDMwLjM3MywxNzMuNTU5LDU5LjUxMiwxNzMuNTU5LDk1LjQ1OHoiLz48cGF0aCBzdHlsZT0iZmlsbDojOENFMTZFOyIgZD0iTTI1Ny41MzIsMzMuMTc5bC04MS4xNjYsODEuMTY2YzUuOTgsMS44MTIsMTIuMzE2LDIuODA3LDE4Ljg4OSwyLjgwN2MzNS45NDUsMCw2NS4wODUtMjkuMTQsNjUuMDg1LTY1LjA4NUMyNjAuMzM5LDQ1LjQ5NSwyNTkuMzQ0LDM5LjE1OSwyNTcuNTMyLDMzLjE3OUwyNTcuNTMyLDMzLjE3OXoiLz48Y2lyY2xlIHN0eWxlPSJmaWxsOiM3Rjg0OTk7IiBjeD0iMzUxLjQ1OCIgY3k9IjI2MC4zMzkiIHI9IjIxLjY5NSIvPjxwYXRoIHN0eWxlPSJmaWxsOiM5NTlDQjU7IiBkPSJNMzk3LjQ4MiwzMTUuMDQyYy0yLjIyLDAtNC40NDEtMC44NDctNi4xMzUtMi41NDNjLTMuMzktMy4zOS0zLjM5LTguODgyLDAtMTIuMjcyYzIxLjk4My0yMS45OTEsMjEuOTgzLTU3Ljc4OCwwLTc5Ljc4Yy0zLjM5LTMuMzktMy4zOS04Ljg4MiwwLTEyLjI3MnM4Ljg4Mi0zLjM5LDEyLjI3MiwwYzI4Ljc1NCwyOC43NjMsMjguNzU0LDc1LjU1OSwwLDEwNC4zMjJDNDAxLjkyMywzMTQuMTk0LDM5OS43MDMsMzE1LjA0MiwzOTcuNDgyLDMxNS4wNDJ6Ii8+PHBhdGggc3R5bGU9ImZpbGw6I0FGQjlEMjsiIGQ9Ik00MjguMTYsMzQ1LjcyYy0yLjIyLDAtNC40NDEtMC44NDctNi4xMzUtMi41NDNjLTMuMzktMy4zOS0zLjM5LTguODgyLDAtMTIuMjcyYzM4LjkwNy0zOC45MTUsMzguOTA3LTEwMi4yMiwwLTE0MS4xMzVjLTMuMzktMy4zOS0zLjM5LTguODgyLDAtMTIuMjcyczguODgyLTMuMzksMTIuMjcyLDBjNDUuNjc4LDQ1LjY3OCw0NS42NzgsMTIwLDAsMTY1LjY3OEM0MzIuNjAxLDM0NC44NzIsNDMwLjM4LDM0NS43Miw0MjguMTYsMzQ1LjcyeiIvPjxwYXRoIHN0eWxlPSJmaWxsOiNDN0NGRTI7IiBkPSJNNDU4LjgzOSwzNzYuMzk4Yy0yLjIyLDAtNC40NDEtMC44NDctNi4xMzUtMi41NDNjLTMuMzktMy4zOS0zLjM5LTguODgyLDAtMTIuMjcyYzI3LjA1LTI3LjA0Miw0MS45NDEtNjIuOTk5LDQxLjk0MS0xMDEuMjQ1cy0xNC44OS03NC4yMDMtNDEuOTQxLTEwMS4yNDZjLTMuMzktMy4zOS0zLjM5LTguODgyLDAtMTIuMjcyczguODgyLTMuMzksMTIuMjcyLDBDNDk1LjMwNSwxNzcuMTQzLDUxMiwyMTcuNDU4LDUxMiwyNjAuMzM5cy0xNi42OTUsODMuMTk1LTQ3LjAyNiwxMTMuNTE2QzQ2My4yNzksMzc1LjU1MSw0NjEuMDU5LDM3Ni4zOTgsNDU4LjgzOSwzNzYuMzk4eiIvPjxwYXRoIHN0eWxlPSJmaWxsOiM3REM4NkU7IiBkPSJNMjE0LjQwNyw3Ni4zMDVjLTMuMzktMy4zOS04Ljg4Mi0zLjM5LTEyLjI3MiwwbC0yMi40OTksMjIuNDk5Yy0xMy4zMjItMzguMjg4LTMzLjg1Mi01Ni41NTEtMzUuMTI4LTU3LjY1MWMtMy42MTktMy4xMTktOS4xMDItMi43MjEtMTIuMjM3LDAuOTE2Yy0zLjEyNywzLjYyNy0yLjcyMSw5LjExLDAuOTE2LDEyLjIzN2MwLjM5OCwwLjM0Nyw0MC4zNzMsMzUuNzAyLDQwLjM3MywxMTQuOTE1aDE3LjM1NmMwLTE5LjUyMi0yLjMwOC0zNi41MTYtNS44LTUxLjM1MmwyOS4yOTEtMjkuMjkxQzIxNy43OTYsODUuMTg2LDIxNy43OTYsNzkuNjk1LDIxNC40MDcsNzYuMzA1eiIvPjxwYXRoIHN0eWxlPSJmaWxsOiM5QkY1N0Q7IiBkPSJNMzQyLjc0OSwzNDMuODQyYy0xLjY4NS0xLjI2NC0zLjY2My0yLjA1Mi01LjczNy0yLjQyYy0zOC42My02LjgzNi02Ny45OTUtNDAuNDktNjcuOTk1LTgxLjA4M2MwLTM0LjM4NSwyMS4wNTctNjMuODM1LDUwLjk3OC03Ni4xOTZjNi42MzUtMi43NDEsNy42NzUtMTEuODAzLDEuNjg3LTE1Ljc2NmMtMTcuMDg5LTExLjMxLTM3LjExOC0xNi41MTMtNTUuOTE5LTE2LjUxM2MtNDUuNTU5LDAtNTMuNzg1LDE0Ljk4OS04My41MjUsMTQuOTg5cy0zNy45NjYtMTQuOTg5LTgzLjUyNS0xNC45ODlTMCwxODEuODQyLDAsMjU2Ljc4OWMwLDExOS45MTMsNjguMzM5LDIyNC44MzksMTM2LjY3OCwyMjQuODM5YzMwLjM3MywwLDIyLjc4LTcuNDk0LDQ1LjU1OS03LjQ5NHMxNS4xODYsNy40OTQsNDUuNTU5LDcuNDk0YzQ3LjY4LDAsOTUuMjQ1LTUxLjE2NCwxMTkuNzAzLTEyMi43NzlDMzQ5LjM2NSwzNTMuMzgxLDM0Ny4zNywzNDcuMzA3LDM0Mi43NDksMzQzLjg0MkwzNDIuNzQ5LDM0My44NDJ6Ii8+PHBhdGggc3R5bGU9ImZpbGw6IzhDRTE2RTsiIGQ9Ik0xMDMuOTE1LDIyMy42OTdjMy4zNzQtMjkuOTQ4LDEyLjY5OC01Mi41MjksMjUuMjEyLTY5LjAwOWMtOC4xMzMtMS42NTktMTcuODE3LTIuODI0LTMwLjQxNS0yLjgyNEM1My4xNTMsMTUxLjg2NCwwLDE4MS44NDIsMCwyNTYuNzg5YzAsMTE5LjkxMyw2OC4zMzksMjI0LjgzOSwxMzYuNjc4LDIyNC44MzljMjcuNzExLDAsMjMuODg3LTYuMjIyLDQwLjI5My03LjMxNUMxMjYuNTY1LDQ0MC42MjcsOTEuMzIxLDMzNS40OTUsMTAzLjkxNSwyMjMuNjk3eiIvPjxnPjwvZz48Zz48L2c+PGc+PC9nPjxnPjwvZz48Zz48L2c+PGc+PC9nPjxnPjwvZz48Zz48L2c+PGc+PC9nPjxnPjwvZz48Zz48L2c+PGc+PC9nPjxnPjwvZz48Zz48L2c+PGc+PC9nPjwvc3ZnPg==', NULL, 'ICONO', 0, 2),
(8, 'Elemento-8', 'url-8', 'PD94bWwgdmVyc2lvbj0iMS4wIiBlbmNvZGluZz0iaXNvLTg4NTktMSI/PjxzdmcgdmVyc2lvbj0iMS4xIiBpZD0iTGF5ZXJfMSIgd2lkdGg9IjkwMCIgaGVpZ2h0PSI0ODAiIHhtbG5zPSJodHRwOi8vd3d3LnczLm9yZy8yMDAwL3N2ZyIgeG1sbnM6eGxpbms9Imh0dHA6Ly93d3cudzMub3JnLzE5OTkveGxpbmsiIHg9IjBweCIgeT0iMHB4IiB2aWV3Qm94PSIwIDAgNTEyIDUxMiIgc3R5bGU9ImVuYWJsZS1iYWNrZ3JvdW5kOm5ldyAwIDAgNTEyIDUxMjsiIHhtbDpzcGFjZT0icHJlc2VydmUiPjxwYXRoIHN0eWxlPSJmaWxsOiM5QkY1N0Q7IiBkPSJNMTczLjU1OSw5NS40NThjMCw2LjU3MSwwLjk5NSwxMi45MDcsMi44MDYsMTguODg5YzUuOTgsMS44MSwxMi4zMTYsMi44MDYsMTguODg5LDIuODA2YzM1Ljk0NSwwLDY1LjA4NS0yOS4xNCw2NS4wODUtNjUuMDg1YzAtNi41NzEtMC45OTUtMTIuOTA3LTIuODA2LTE4Ljg4OWMtNS45ODEtMS44MTItMTIuMzE3LTIuODA2LTE4Ljg4OS0yLjgwNkMyMDIuNjk5LDMwLjM3MywxNzMuNTU5LDU5LjUxMiwxNzMuNTU5LDk1LjQ1OHoiLz48cGF0aCBzdHlsZT0iZmlsbDojOENFMTZFOyIgZD0iTTI1Ny41MzIsMzMuMTc5bC04MS4xNjYsODEuMTY2YzUuOTgsMS44MTIsMTIuMzE2LDIuODA3LDE4Ljg4OSwyLjgwN2MzNS45NDUsMCw2NS4wODUtMjkuMTQsNjUuMDg1LTY1LjA4NUMyNjAuMzM5LDQ1LjQ5NSwyNTkuMzQ0LDM5LjE1OSwyNTcuNTMyLDMzLjE3OUwyNTcuNTMyLDMzLjE3OXoiLz48Y2lyY2xlIHN0eWxlPSJmaWxsOiM3Rjg0OTk7IiBjeD0iMzUxLjQ1OCIgY3k9IjI2MC4zMzkiIHI9IjIxLjY5NSIvPjxwYXRoIHN0eWxlPSJmaWxsOiM5NTlDQjU7IiBkPSJNMzk3LjQ4MiwzMTUuMDQyYy0yLjIyLDAtNC40NDEtMC44NDctNi4xMzUtMi41NDNjLTMuMzktMy4zOS0zLjM5LTguODgyLDAtMTIuMjcyYzIxLjk4My0yMS45OTEsMjEuOTgzLTU3Ljc4OCwwLTc5Ljc4Yy0zLjM5LTMuMzktMy4zOS04Ljg4MiwwLTEyLjI3MnM4Ljg4Mi0zLjM5LDEyLjI3MiwwYzI4Ljc1NCwyOC43NjMsMjguNzU0LDc1LjU1OSwwLDEwNC4zMjJDNDAxLjkyMywzMTQuMTk0LDM5OS43MDMsMzE1LjA0MiwzOTcuNDgyLDMxNS4wNDJ6Ii8+PHBhdGggc3R5bGU9ImZpbGw6I0FGQjlEMjsiIGQ9Ik00MjguMTYsMzQ1LjcyYy0yLjIyLDAtNC40NDEtMC44NDctNi4xMzUtMi41NDNjLTMuMzktMy4zOS0zLjM5LTguODgyLDAtMTIuMjcyYzM4LjkwNy0zOC45MTUsMzguOTA3LTEwMi4yMiwwLTE0MS4xMzVjLTMuMzktMy4zOS0zLjM5LTguODgyLDAtMTIuMjcyczguODgyLTMuMzksMTIuMjcyLDBjNDUuNjc4LDQ1LjY3OCw0NS42NzgsMTIwLDAsMTY1LjY3OEM0MzIuNjAxLDM0NC44NzIsNDMwLjM4LDM0NS43Miw0MjguMTYsMzQ1LjcyeiIvPjxwYXRoIHN0eWxlPSJmaWxsOiNDN0NGRTI7IiBkPSJNNDU4LjgzOSwzNzYuMzk4Yy0yLjIyLDAtNC40NDEtMC44NDctNi4xMzUtMi41NDNjLTMuMzktMy4zOS0zLjM5LTguODgyLDAtMTIuMjcyYzI3LjA1LTI3LjA0Miw0MS45NDEtNjIuOTk5LDQxLjk0MS0xMDEuMjQ1cy0xNC44OS03NC4yMDMtNDEuOTQxLTEwMS4yNDZjLTMuMzktMy4zOS0zLjM5LTguODgyLDAtMTIuMjcyczguODgyLTMuMzksMTIuMjcyLDBDNDk1LjMwNSwxNzcuMTQzLDUxMiwyMTcuNDU4LDUxMiwyNjAuMzM5cy0xNi42OTUsODMuMTk1LTQ3LjAyNiwxMTMuNTE2QzQ2My4yNzksMzc1LjU1MSw0NjEuMDU5LDM3Ni4zOTgsNDU4LjgzOSwzNzYuMzk4eiIvPjxwYXRoIHN0eWxlPSJmaWxsOiM3REM4NkU7IiBkPSJNMjE0LjQwNyw3Ni4zMDVjLTMuMzktMy4zOS04Ljg4Mi0zLjM5LTEyLjI3MiwwbC0yMi40OTksMjIuNDk5Yy0xMy4zMjItMzguMjg4LTMzLjg1Mi01Ni41NTEtMzUuMTI4LTU3LjY1MWMtMy42MTktMy4xMTktOS4xMDItMi43MjEtMTIuMjM3LDAuOTE2Yy0zLjEyNywzLjYyNy0yLjcyMSw5LjExLDAuOTE2LDEyLjIzN2MwLjM5OCwwLjM0Nyw0MC4zNzMsMzUuNzAyLDQwLjM3MywxMTQuOTE1aDE3LjM1NmMwLTE5LjUyMi0yLjMwOC0zNi41MTYtNS44LTUxLjM1MmwyOS4yOTEtMjkuMjkxQzIxNy43OTYsODUuMTg2LDIxNy43OTYsNzkuNjk1LDIxNC40MDcsNzYuMzA1eiIvPjxwYXRoIHN0eWxlPSJmaWxsOiM5QkY1N0Q7IiBkPSJNMzQyLjc0OSwzNDMuODQyYy0xLjY4NS0xLjI2NC0zLjY2My0yLjA1Mi01LjczNy0yLjQyYy0zOC42My02LjgzNi02Ny45OTUtNDAuNDktNjcuOTk1LTgxLjA4M2MwLTM0LjM4NSwyMS4wNTctNjMuODM1LDUwLjk3OC03Ni4xOTZjNi42MzUtMi43NDEsNy42NzUtMTEuODAzLDEuNjg3LTE1Ljc2NmMtMTcuMDg5LTExLjMxLTM3LjExOC0xNi41MTMtNTUuOTE5LTE2LjUxM2MtNDUuNTU5LDAtNTMuNzg1LDE0Ljk4OS04My41MjUsMTQuOTg5cy0zNy45NjYtMTQuOTg5LTgzLjUyNS0xNC45ODlTMCwxODEuODQyLDAsMjU2Ljc4OWMwLDExOS45MTMsNjguMzM5LDIyNC44MzksMTM2LjY3OCwyMjQuODM5YzMwLjM3MywwLDIyLjc4LTcuNDk0LDQ1LjU1OS03LjQ5NHMxNS4xODYsNy40OTQsNDUuNTU5LDcuNDk0YzQ3LjY4LDAsOTUuMjQ1LTUxLjE2NCwxMTkuNzAzLTEyMi43NzlDMzQ5LjM2NSwzNTMuMzgxLDM0Ny4zNywzNDcuMzA3LDM0Mi43NDksMzQzLjg0MkwzNDIuNzQ5LDM0My44NDJ6Ii8+PHBhdGggc3R5bGU9ImZpbGw6IzhDRTE2RTsiIGQ9Ik0xMDMuOTE1LDIyMy42OTdjMy4zNzQtMjkuOTQ4LDEyLjY5OC01Mi41MjksMjUuMjEyLTY5LjAwOWMtOC4xMzMtMS42NTktMTcuODE3LTIuODI0LTMwLjQxNS0yLjgyNEM1My4xNTMsMTUxLjg2NCwwLDE4MS44NDIsMCwyNTYuNzg5YzAsMTE5LjkxMyw2OC4zMzksMjI0LjgzOSwxMzYuNjc4LDIyNC44MzljMjcuNzExLDAsMjMuODg3LTYuMjIyLDQwLjI5My03LjMxNUMxMjYuNTY1LDQ0MC42MjcsOTEuMzIxLDMzNS40OTUsMTAzLjkxNSwyMjMuNjk3eiIvPjxnPjwvZz48Zz48L2c+PGc+PC9nPjxnPjwvZz48Zz48L2c+PGc+PC9nPjxnPjwvZz48Zz48L2c+PGc+PC9nPjxnPjwvZz48Zz48L2c+PGc+PC9nPjxnPjwvZz48Zz48L2c+PGc+PC9nPjwvc3ZnPg==', NULL, 'ICONO', 0, 2);

-- --------------------------------------------------------

--
-- Estructura de tabla para la tabla `elementos_has_etiquetas`
--

CREATE TABLE IF NOT EXISTS `elementos_has_etiquetas` (
  `elementos_idElemento` int(11) NOT NULL,
  `etiquetas_idEtiqueta` int(11) NOT NULL
) ENGINE=InnoDB DEFAULT CHARSET=utf8;

-- --------------------------------------------------------

--
-- Estructura de tabla para la tabla `elementos_has_preferencias`
--

CREATE TABLE IF NOT EXISTS `elementos_has_preferencias` (
  `elementos_idElemento` int(11) NOT NULL,
  `preferencias_idPreferencia` int(11) NOT NULL,
  `valor` int(11) NOT NULL
) ENGINE=InnoDB DEFAULT CHARSET=utf8;

--
-- Volcado de datos para la tabla `elementos_has_preferencias`
--

INSERT INTO `elementos_has_preferencias` (`elementos_idElemento`, `preferencias_idPreferencia`, `valor`) VALUES
(1, 1, 1),
(1, 2, 2),
(1, 3, 0),
(1, 4, 1),
(1, 5, 2),
(1, 6, 0),
(1, 7, 1),
(2, 1, 1),
(2, 2, 2),
(2, 3, 0),
(2, 4, 1),
(2, 5, 2),
(2, 6, 0),
(2, 7, 1),
(3, 1, 1),
(3, 2, 2),
(3, 3, 0),
(3, 4, 1),
(3, 5, 2),
(3, 6, 0),
(3, 7, 1),
(4, 1, 2),
(4, 2, 1),
(4, 3, 0),
(4, 4, 2),
(4, 5, 1),
(4, 6, 1),
(4, 7, 2),
(5, 1, 2),
(5, 2, 1),
(5, 3, 0),
(5, 4, 2),
(5, 5, 1),
(5, 6, 1),
(5, 7, 2),
(6, 1, 2),
(6, 2, 1),
(6, 3, 0),
(6, 4, 2),
(6, 5, 1),
(6, 6, 1),
(6, 7, 2),
(7, 1, 2),
(7, 2, 1),
(7, 3, 0),
(7, 4, 2),
(7, 5, 1),
(7, 6, 1),
(7, 7, 2),
(8, 1, 2),
(8, 2, 2),
(8, 3, 0),
(8, 4, 2),
(8, 5, 1),
(8, 6, 1),
(8, 7, 2);

-- --------------------------------------------------------

--
-- Estructura de tabla para la tabla `etiquetas`
--

CREATE TABLE IF NOT EXISTS `etiquetas` (
`idEtiqueta` int(11) NOT NULL,
  `nombreEtiqueta` varchar(45) NOT NULL
) ENGINE=InnoDB DEFAULT CHARSET=utf8 AUTO_INCREMENT=1 ;

-- --------------------------------------------------------

--
-- Estructura de tabla para la tabla `impuestos`
--

CREATE TABLE IF NOT EXISTS `impuestos` (
  `localidad` varchar(4) NOT NULL,
  `impuesto` float NOT NULL
) ENGINE=InnoDB DEFAULT CHARSET=utf8;

--
-- Volcado de datos para la tabla `impuestos`
--

INSERT INTO `impuestos` (`localidad`, `impuesto`) VALUES
('null', 0);

-- --------------------------------------------------------

--
-- Estructura de tabla para la tabla `logos`
--

CREATE TABLE IF NOT EXISTS `logos` (
`idLogo` int(11) NOT NULL,
  `estado` enum('Editable','Descargable') NOT NULL,
  `logo` text NOT NULL,
  `tipoLogo` enum('Logo y nombre','Tipografico','Solo nombre','') NOT NULL,
  `clientes_idCliente` int(11) NOT NULL,
  `elementos_idElemento` int(11) NOT NULL
) ENGINE=InnoDB  DEFAULT CHARSET=utf8 AUTO_INCREMENT=25 ;

--
-- Volcado de datos para la tabla `logos`
--

INSERT INTO `logos` (`idLogo`, `estado`, `logo`, `tipoLogo`, `clientes_idCliente`, `elementos_idElemento`) VALUES
(1, 'Descargable', 'PD94bWwgdmVyc2lvbj0iMS4wIiBlbmNvZGluZz0iaXNvLTg4NTktMSI/PjxzdmcgdmVyc2lvbj0iMS4xIiBpZD0iTGF5ZXJfMSIgd2lkdGg9IjkwMCIgaGVpZ2h0PSI0ODAiIHhtbG5zPSJodHRwOi8vd3d3LnczLm9yZy8yMDAwL3N2ZyIgeG1sbnM6eGxpbms9Imh0dHA6Ly93d3cudzMub3JnLzE5OTkveGxpbmsiIHg9IjBweCIgeT0iMHB4IiB2aWV3Qm94PSIwIDAgNTEyIDUxMiIgc3R5bGU9ImVuYWJsZS1iYWNrZ3JvdW5kOm5ldyAwIDAgNTEyIDUxMjsiIHhtbDpzcGFjZT0icHJlc2VydmUiPjxwYXRoIHN0eWxlPSJmaWxsOiM5QkY1N0Q7IiBkPSJNMTczLjU1OSw5NS40NThjMCw2LjU3MSwwLjk5NSwxMi45MDcsMi44MDYsMTguODg5YzUuOTgsMS44MSwxMi4zMTYsMi44MDYsMTguODg5LDIuODA2YzM1Ljk0NSwwLDY1LjA4NS0yOS4xNCw2NS4wODUtNjUuMDg1YzAtNi41NzEtMC45OTUtMTIuOTA3LTIuODA2LTE4Ljg4OWMtNS45ODEtMS44MTItMTIuMzE3LTIuODA2LTE4Ljg4OS0yLjgwNkMyMDIuNjk5LDMwLjM3MywxNzMuNTU5LDU5LjUxMiwxNzMuNTU5LDk1LjQ1OHoiLz48cGF0aCBzdHlsZT0iZmlsbDojOENFMTZFOyIgZD0iTTI1Ny41MzIsMzMuMTc5bC04MS4xNjYsODEuMTY2YzUuOTgsMS44MTIsMTIuMzE2LDIuODA3LDE4Ljg4OSwyLjgwN2MzNS45NDUsMCw2NS4wODUtMjkuMTQsNjUuMDg1LTY1LjA4NUMyNjAuMzM5LDQ1LjQ5NSwyNTkuMzQ0LDM5LjE1OSwyNTcuNTMyLDMzLjE3OUwyNTcuNTMyLDMzLjE3OXoiLz48Y2lyY2xlIHN0eWxlPSJmaWxsOiM3Rjg0OTk7IiBjeD0iMzUxLjQ1OCIgY3k9IjI2MC4zMzkiIHI9IjIxLjY5NSIvPjxwYXRoIHN0eWxlPSJmaWxsOiM5NTlDQjU7IiBkPSJNMzk3LjQ4MiwzMTUuMDQyYy0yLjIyLDAtNC40NDEtMC44NDctNi4xMzUtMi41NDNjLTMuMzktMy4zOS0zLjM5LTguODgyLDAtMTIuMjcyYzIxLjk4My0yMS45OTEsMjEuOTgzLTU3Ljc4OCwwLTc5Ljc4Yy0zLjM5LTMuMzktMy4zOS04Ljg4MiwwLTEyLjI3MnM4Ljg4Mi0zLjM5LDEyLjI3MiwwYzI4Ljc1NCwyOC43NjMsMjguNzU0LDc1LjU1OSwwLDEwNC4zMjJDNDAxLjkyMywzMTQuMTk0LDM5OS43MDMsMzE1LjA0MiwzOTcuNDgyLDMxNS4wNDJ6Ii8+PHBhdGggc3R5bGU9ImZpbGw6I0FGQjlEMjsiIGQ9Ik00MjguMTYsMzQ1LjcyYy0yLjIyLDAtNC40NDEtMC44NDctNi4xMzUtMi41NDNjLTMuMzktMy4zOS0zLjM5LTguODgyLDAtMTIuMjcyYzM4LjkwNy0zOC45MTUsMzguOTA3LTEwMi4yMiwwLTE0MS4xMzVjLTMuMzktMy4zOS0zLjM5LTguODgyLDAtMTIuMjcyczguODgyLTMuMzksMTIuMjcyLDBjNDUuNjc4LDQ1LjY3OCw0NS42NzgsMTIwLDAsMTY1LjY3OEM0MzIuNjAxLDM0NC44NzIsNDMwLjM4LDM0NS43Miw0MjguMTYsMzQ1LjcyeiIvPjxwYXRoIHN0eWxlPSJmaWxsOiNDN0NGRTI7IiBkPSJNNDU4LjgzOSwzNzYuMzk4Yy0yLjIyLDAtNC40NDEtMC44NDctNi4xMzUtMi41NDNjLTMuMzktMy4zOS0zLjM5LTguODgyLDAtMTIuMjcyYzI3LjA1LTI3LjA0Miw0MS45NDEtNjIuOTk5LDQxLjk0MS0xMDEuMjQ1cy0xNC44OS03NC4yMDMtNDEuOTQxLTEwMS4yNDZjLTMuMzktMy4zOS0zLjM5LTguODgyLDAtMTIuMjcyczguODgyLTMuMzksMTIuMjcyLDBDNDk1LjMwNSwxNzcuMTQzLDUxMiwyMTcuNDU4LDUxMiwyNjAuMzM5cy0xNi42OTUsODMuMTk1LTQ3LjAyNiwxMTMuNTE2QzQ2My4yNzksMzc1LjU1MSw0NjEuMDU5LDM3Ni4zOTgsNDU4LjgzOSwzNzYuMzk4eiIvPjxwYXRoIHN0eWxlPSJmaWxsOiM3REM4NkU7IiBkPSJNMjE0LjQwNyw3Ni4zMDVjLTMuMzktMy4zOS04Ljg4Mi0zLjM5LTEyLjI3MiwwbC0yMi40OTksMjIuNDk5Yy0xMy4zMjItMzguMjg4LTMzLjg1Mi01Ni41NTEtMzUuMTI4LTU3LjY1MWMtMy42MTktMy4xMTktOS4xMDItMi43MjEtMTIuMjM3LDAuOTE2Yy0zLjEyNywzLjYyNy0yLjcyMSw5LjExLDAuOTE2LDEyLjIzN2MwLjM5OCwwLjM0Nyw0MC4zNzMsMzUuNzAyLDQwLjM3MywxMTQuOTE1aDE3LjM1NmMwLTE5LjUyMi0yLjMwOC0zNi41MTYtNS44LTUxLjM1MmwyOS4yOTEtMjkuMjkxQzIxNy43OTYsODUuMTg2LDIxNy43OTYsNzkuNjk1LDIxNC40MDcsNzYuMzA1eiIvPjxwYXRoIHN0eWxlPSJmaWxsOiM5QkY1N0Q7IiBkPSJNMzQyLjc0OSwzNDMuODQyYy0xLjY4NS0xLjI2NC0zLjY2My0yLjA1Mi01LjczNy0yLjQyYy0zOC42My02LjgzNi02Ny45OTUtNDAuNDktNjcuOTk1LTgxLjA4M2MwLTM0LjM4NSwyMS4wNTctNjMuODM1LDUwLjk3OC03Ni4xOTZjNi42MzUtMi43NDEsNy42NzUtMTEuODAzLDEuNjg3LTE1Ljc2NmMtMTcuMDg5LTExLjMxLTM3LjExOC0xNi41MTMtNTUuOTE5LTE2LjUxM2MtNDUuNTU5LDAtNTMuNzg1LDE0Ljk4OS04My41MjUsMTQuOTg5cy0zNy45NjYtMTQuOTg5LTgzLjUyNS0xNC45ODlTMCwxODEuODQyLDAsMjU2Ljc4OWMwLDExOS45MTMsNjguMzM5LDIyNC44MzksMTM2LjY3OCwyMjQuODM5YzMwLjM3MywwLDIyLjc4LTcuNDk0LDQ1LjU1OS03LjQ5NHMxNS4xODYsNy40OTQsNDUuNTU5LDcuNDk0YzQ3LjY4LDAsOTUuMjQ1LTUxLjE2NCwxMTkuNzAzLTEyMi43NzlDMzQ5LjM2NSwzNTMuMzgxLDM0Ny4zNywzNDcuMzA3LDM0Mi43NDksMzQzLjg0MkwzNDIuNzQ5LDM0My44NDJ6Ii8+PHBhdGggc3R5bGU9ImZpbGw6IzhDRTE2RTsiIGQ9Ik0xMDMuOTE1LDIyMy42OTdjMy4zNzQtMjkuOTQ4LDEyLjY5OC01Mi41MjksMjUuMjEyLTY5LjAwOWMtOC4xMzMtMS42NTktMTcuODE3LTIuODI0LTMwLjQxNS0yLjgyNEM1My4xNTMsMTUxLjg2NCwwLDE4MS44NDIsMCwyNTYuNzg5YzAsMTE5LjkxMyw2OC4zMzksMjI0LjgzOSwxMzYuNjc4LDIyNC44MzljMjcuNzExLDAsMjMuODg3LTYuMjIyLDQwLjI5My03LjMxNUMxMjYuNTY1LDQ0MC42MjcsOTEuMzIxLDMzNS40OTUsMTAzLjkxNSwyMjMuNjk3eiIvPjxnPjwvZz48Zz48L2c+PGc+PC9nPjxnPjwvZz48Zz48L2c+PGc+PC9nPjxnPjwvZz48Zz48L2c+PGc+PC9nPjxnPjwvZz48Zz48L2c+PGc+PC9nPjxnPjwvZz48Zz48L2c+PGc+PC9nPjwvc3ZnPg==', 'Logo y nombre', 1, 1),
(2, 'Editable', 'PD94bWwgdmVyc2lvbj0iMS4wIiBlbmNvZGluZz0iaXNvLTg4NTktMSI/PjxzdmcgdmVyc2lvbj0iMS4xIiBpZD0iTGF5ZXJfMSIgd2lkdGg9IjkwMCIgaGVpZ2h0PSI0ODAiIHhtbG5zPSJodHRwOi8vd3d3LnczLm9yZy8yMDAwL3N2ZyIgeG1sbnM6eGxpbms9Imh0dHA6Ly93d3cudzMub3JnLzE5OTkveGxpbmsiIHg9IjBweCIgeT0iMHB4IiB2aWV3Qm94PSIwIDAgNTEyIDUxMiIgc3R5bGU9ImVuYWJsZS1iYWNrZ3JvdW5kOm5ldyAwIDAgNTEyIDUxMjsiIHhtbDpzcGFjZT0icHJlc2VydmUiPjxwYXRoIHN0eWxlPSJmaWxsOiM5QkY1N0Q7IiBkPSJNMTczLjU1OSw5NS40NThjMCw2LjU3MSwwLjk5NSwxMi45MDcsMi44MDYsMTguODg5YzUuOTgsMS44MSwxMi4zMTYsMi44MDYsMTguODg5LDIuODA2YzM1Ljk0NSwwLDY1LjA4NS0yOS4xNCw2NS4wODUtNjUuMDg1YzAtNi41NzEtMC45OTUtMTIuOTA3LTIuODA2LTE4Ljg4OWMtNS45ODEtMS44MTItMTIuMzE3LTIuODA2LTE4Ljg4OS0yLjgwNkMyMDIuNjk5LDMwLjM3MywxNzMuNTU5LDU5LjUxMiwxNzMuNTU5LDk1LjQ1OHoiLz48cGF0aCBzdHlsZT0iZmlsbDojOENFMTZFOyIgZD0iTTI1Ny41MzIsMzMuMTc5bC04MS4xNjYsODEuMTY2YzUuOTgsMS44MTIsMTIuMzE2LDIuODA3LDE4Ljg4OSwyLjgwN2MzNS45NDUsMCw2NS4wODUtMjkuMTQsNjUuMDg1LTY1LjA4NUMyNjAuMzM5LDQ1LjQ5NSwyNTkuMzQ0LDM5LjE1OSwyNTcuNTMyLDMzLjE3OUwyNTcuNTMyLDMzLjE3OXoiLz48Y2lyY2xlIHN0eWxlPSJmaWxsOiM3Rjg0OTk7IiBjeD0iMzUxLjQ1OCIgY3k9IjI2MC4zMzkiIHI9IjIxLjY5NSIvPjxwYXRoIHN0eWxlPSJmaWxsOiM5NTlDQjU7IiBkPSJNMzk3LjQ4MiwzMTUuMDQyYy0yLjIyLDAtNC40NDEtMC44NDctNi4xMzUtMi41NDNjLTMuMzktMy4zOS0zLjM5LTguODgyLDAtMTIuMjcyYzIxLjk4My0yMS45OTEsMjEuOTgzLTU3Ljc4OCwwLTc5Ljc4Yy0zLjM5LTMuMzktMy4zOS04Ljg4MiwwLTEyLjI3MnM4Ljg4Mi0zLjM5LDEyLjI3MiwwYzI4Ljc1NCwyOC43NjMsMjguNzU0LDc1LjU1OSwwLDEwNC4zMjJDNDAxLjkyMywzMTQuMTk0LDM5OS43MDMsMzE1LjA0MiwzOTcuNDgyLDMxNS4wNDJ6Ii8+PHBhdGggc3R5bGU9ImZpbGw6I0FGQjlEMjsiIGQ9Ik00MjguMTYsMzQ1LjcyYy0yLjIyLDAtNC40NDEtMC44NDctNi4xMzUtMi41NDNjLTMuMzktMy4zOS0zLjM5LTguODgyLDAtMTIuMjcyYzM4LjkwNy0zOC45MTUsMzguOTA3LTEwMi4yMiwwLTE0MS4xMzVjLTMuMzktMy4zOS0zLjM5LTguODgyLDAtMTIuMjcyczguODgyLTMuMzksMTIuMjcyLDBjNDUuNjc4LDQ1LjY3OCw0NS42NzgsMTIwLDAsMTY1LjY3OEM0MzIuNjAxLDM0NC44NzIsNDMwLjM4LDM0NS43Miw0MjguMTYsMzQ1LjcyeiIvPjxwYXRoIHN0eWxlPSJmaWxsOiNDN0NGRTI7IiBkPSJNNDU4LjgzOSwzNzYuMzk4Yy0yLjIyLDAtNC40NDEtMC44NDctNi4xMzUtMi41NDNjLTMuMzktMy4zOS0zLjM5LTguODgyLDAtMTIuMjcyYzI3LjA1LTI3LjA0Miw0MS45NDEtNjIuOTk5LDQxLjk0MS0xMDEuMjQ1cy0xNC44OS03NC4yMDMtNDEuOTQxLTEwMS4yNDZjLTMuMzktMy4zOS0zLjM5LTguODgyLDAtMTIuMjcyczguODgyLTMuMzksMTIuMjcyLDBDNDk1LjMwNSwxNzcuMTQzLDUxMiwyMTcuNDU4LDUxMiwyNjAuMzM5cy0xNi42OTUsODMuMTk1LTQ3LjAyNiwxMTMuNTE2QzQ2My4yNzksMzc1LjU1MSw0NjEuMDU5LDM3Ni4zOTgsNDU4LjgzOSwzNzYuMzk4eiIvPjxwYXRoIHN0eWxlPSJmaWxsOiM3REM4NkU7IiBkPSJNMjE0LjQwNyw3Ni4zMDVjLTMuMzktMy4zOS04Ljg4Mi0zLjM5LTEyLjI3MiwwbC0yMi40OTksMjIuNDk5Yy0xMy4zMjItMzguMjg4LTMzLjg1Mi01Ni41NTEtMzUuMTI4LTU3LjY1MWMtMy42MTktMy4xMTktOS4xMDItMi43MjEtMTIuMjM3LDAuOTE2Yy0zLjEyNywzLjYyNy0yLjcyMSw5LjExLDAuOTE2LDEyLjIzN2MwLjM5OCwwLjM0Nyw0MC4zNzMsMzUuNzAyLDQwLjM3MywxMTQuOTE1aDE3LjM1NmMwLTE5LjUyMi0yLjMwOC0zNi41MTYtNS44LTUxLjM1MmwyOS4yOTEtMjkuMjkxQzIxNy43OTYsODUuMTg2LDIxNy43OTYsNzkuNjk1LDIxNC40MDcsNzYuMzA1eiIvPjxwYXRoIHN0eWxlPSJmaWxsOiM5QkY1N0Q7IiBkPSJNMzQyLjc0OSwzNDMuODQyYy0xLjY4NS0xLjI2NC0zLjY2My0yLjA1Mi01LjczNy0yLjQyYy0zOC42My02LjgzNi02Ny45OTUtNDAuNDktNjcuOTk1LTgxLjA4M2MwLTM0LjM4NSwyMS4wNTctNjMuODM1LDUwLjk3OC03Ni4xOTZjNi42MzUtMi43NDEsNy42NzUtMTEuODAzLDEuNjg3LTE1Ljc2NmMtMTcuMDg5LTExLjMxLTM3LjExOC0xNi41MTMtNTUuOTE5LTE2LjUxM2MtNDUuNTU5LDAtNTMuNzg1LDE0Ljk4OS04My41MjUsMTQuOTg5cy0zNy45NjYtMTQuOTg5LTgzLjUyNS0xNC45ODlTMCwxODEuODQyLDAsMjU2Ljc4OWMwLDExOS45MTMsNjguMzM5LDIyNC44MzksMTM2LjY3OCwyMjQuODM5YzMwLjM3MywwLDIyLjc4LTcuNDk0LDQ1LjU1OS03LjQ5NHMxNS4xODYsNy40OTQsNDUuNTU5LDcuNDk0YzQ3LjY4LDAsOTUuMjQ1LTUxLjE2NCwxMTkuNzAzLTEyMi43NzlDMzQ5LjM2NSwzNTMuMzgxLDM0Ny4zNywzNDcuMzA3LDM0Mi43NDksMzQzLjg0MkwzNDIuNzQ5LDM0My44NDJ6Ii8+PHBhdGggc3R5bGU9ImZpbGw6IzhDRTE2RTsiIGQ9Ik0xMDMuOTE1LDIyMy42OTdjMy4zNzQtMjkuOTQ4LDEyLjY5OC01Mi41MjksMjUuMjEyLTY5LjAwOWMtOC4xMzMtMS42NTktMTcuODE3LTIuODI0LTMwLjQxNS0yLjgyNEM1My4xNTMsMTUxLjg2NCwwLDE4MS44NDIsMCwyNTYuNzg5YzAsMTE5LjkxMyw2OC4zMzksMjI0LjgzOSwxMzYuNjc4LDIyNC44MzljMjcuNzExLDAsMjMuODg3LTYuMjIyLDQwLjI5My03LjMxNUMxMjYuNTY1LDQ0MC42MjcsOTEuMzIxLDMzNS40OTUsMTAzLjkxNSwyMjMuNjk3eiIvPjxnPjwvZz48Zz48L2c+PGc+PC9nPjxnPjwvZz48Zz48L2c+PGc+PC9nPjxnPjwvZz48Zz48L2c+PGc+PC9nPjxnPjwvZz48Zz48L2c+PGc+PC9nPjxnPjwvZz48Zz48L2c+PGc+PC9nPjwvc3ZnPg==', 'Logo y nombre', 1, 2),
(3, 'Editable', 'PD94bWwgdmVyc2lvbj0iMS4wIiBlbmNvZGluZz0iaXNvLTg4NTktMSI/PjxzdmcgdmVyc2lvbj0iMS4xIiBpZD0iTGF5ZXJfMSIgd2lkdGg9IjkwMCIgaGVpZ2h0PSI0ODAiIHhtbG5zPSJodHRwOi8vd3d3LnczLm9yZy8yMDAwL3N2ZyIgeG1sbnM6eGxpbms9Imh0dHA6Ly93d3cudzMub3JnLzE5OTkveGxpbmsiIHg9IjBweCIgeT0iMHB4IiB2aWV3Qm94PSIwIDAgNTEyIDUxMiIgc3R5bGU9ImVuYWJsZS1iYWNrZ3JvdW5kOm5ldyAwIDAgNTEyIDUxMjsiIHhtbDpzcGFjZT0icHJlc2VydmUiPjxwYXRoIHN0eWxlPSJmaWxsOiM5QkY1N0Q7IiBkPSJNMTczLjU1OSw5NS40NThjMCw2LjU3MSwwLjk5NSwxMi45MDcsMi44MDYsMTguODg5YzUuOTgsMS44MSwxMi4zMTYsMi44MDYsMTguODg5LDIuODA2YzM1Ljk0NSwwLDY1LjA4NS0yOS4xNCw2NS4wODUtNjUuMDg1YzAtNi41NzEtMC45OTUtMTIuOTA3LTIuODA2LTE4Ljg4OWMtNS45ODEtMS44MTItMTIuMzE3LTIuODA2LTE4Ljg4OS0yLjgwNkMyMDIuNjk5LDMwLjM3MywxNzMuNTU5LDU5LjUxMiwxNzMuNTU5LDk1LjQ1OHoiLz48cGF0aCBzdHlsZT0iZmlsbDojOENFMTZFOyIgZD0iTTI1Ny41MzIsMzMuMTc5bC04MS4xNjYsODEuMTY2YzUuOTgsMS44MTIsMTIuMzE2LDIuODA3LDE4Ljg4OSwyLjgwN2MzNS45NDUsMCw2NS4wODUtMjkuMTQsNjUuMDg1LTY1LjA4NUMyNjAuMzM5LDQ1LjQ5NSwyNTkuMzQ0LDM5LjE1OSwyNTcuNTMyLDMzLjE3OUwyNTcuNTMyLDMzLjE3OXoiLz48Y2lyY2xlIHN0eWxlPSJmaWxsOiM3Rjg0OTk7IiBjeD0iMzUxLjQ1OCIgY3k9IjI2MC4zMzkiIHI9IjIxLjY5NSIvPjxwYXRoIHN0eWxlPSJmaWxsOiM5NTlDQjU7IiBkPSJNMzk3LjQ4MiwzMTUuMDQyYy0yLjIyLDAtNC40NDEtMC44NDctNi4xMzUtMi41NDNjLTMuMzktMy4zOS0zLjM5LTguODgyLDAtMTIuMjcyYzIxLjk4My0yMS45OTEsMjEuOTgzLTU3Ljc4OCwwLTc5Ljc4Yy0zLjM5LTMuMzktMy4zOS04Ljg4MiwwLTEyLjI3MnM4Ljg4Mi0zLjM5LDEyLjI3MiwwYzI4Ljc1NCwyOC43NjMsMjguNzU0LDc1LjU1OSwwLDEwNC4zMjJDNDAxLjkyMywzMTQuMTk0LDM5OS43MDMsMzE1LjA0MiwzOTcuNDgyLDMxNS4wNDJ6Ii8+PHBhdGggc3R5bGU9ImZpbGw6I0FGQjlEMjsiIGQ9Ik00MjguMTYsMzQ1LjcyYy0yLjIyLDAtNC40NDEtMC44NDctNi4xMzUtMi41NDNjLTMuMzktMy4zOS0zLjM5LTguODgyLDAtMTIuMjcyYzM4LjkwNy0zOC45MTUsMzguOTA3LTEwMi4yMiwwLTE0MS4xMzVjLTMuMzktMy4zOS0zLjM5LTguODgyLDAtMTIuMjcyczguODgyLTMuMzksMTIuMjcyLDBjNDUuNjc4LDQ1LjY3OCw0NS42NzgsMTIwLDAsMTY1LjY3OEM0MzIuNjAxLDM0NC44NzIsNDMwLjM4LDM0NS43Miw0MjguMTYsMzQ1LjcyeiIvPjxwYXRoIHN0eWxlPSJmaWxsOiNDN0NGRTI7IiBkPSJNNDU4LjgzOSwzNzYuMzk4Yy0yLjIyLDAtNC40NDEtMC44NDctNi4xMzUtMi41NDNjLTMuMzktMy4zOS0zLjM5LTguODgyLDAtMTIuMjcyYzI3LjA1LTI3LjA0Miw0MS45NDEtNjIuOTk5LDQxLjk0MS0xMDEuMjQ1cy0xNC44OS03NC4yMDMtNDEuOTQxLTEwMS4yNDZjLTMuMzktMy4zOS0zLjM5LTguODgyLDAtMTIuMjcyczguODgyLTMuMzksMTIuMjcyLDBDNDk1LjMwNSwxNzcuMTQzLDUxMiwyMTcuNDU4LDUxMiwyNjAuMzM5cy0xNi42OTUsODMuMTk1LTQ3LjAyNiwxMTMuNTE2QzQ2My4yNzksMzc1LjU1MSw0NjEuMDU5LDM3Ni4zOTgsNDU4LjgzOSwzNzYuMzk4eiIvPjxwYXRoIHN0eWxlPSJmaWxsOiM3REM4NkU7IiBkPSJNMjE0LjQwNyw3Ni4zMDVjLTMuMzktMy4zOS04Ljg4Mi0zLjM5LTEyLjI3MiwwbC0yMi40OTksMjIuNDk5Yy0xMy4zMjItMzguMjg4LTMzLjg1Mi01Ni41NTEtMzUuMTI4LTU3LjY1MWMtMy42MTktMy4xMTktOS4xMDItMi43MjEtMTIuMjM3LDAuOTE2Yy0zLjEyNywzLjYyNy0yLjcyMSw5LjExLDAuOTE2LDEyLjIzN2MwLjM5OCwwLjM0Nyw0MC4zNzMsMzUuNzAyLDQwLjM3MywxMTQuOTE1aDE3LjM1NmMwLTE5LjUyMi0yLjMwOC0zNi41MTYtNS44LTUxLjM1MmwyOS4yOTEtMjkuMjkxQzIxNy43OTYsODUuMTg2LDIxNy43OTYsNzkuNjk1LDIxNC40MDcsNzYuMzA1eiIvPjxwYXRoIHN0eWxlPSJmaWxsOiM5QkY1N0Q7IiBkPSJNMzQyLjc0OSwzNDMuODQyYy0xLjY4NS0xLjI2NC0zLjY2My0yLjA1Mi01LjczNy0yLjQyYy0zOC42My02LjgzNi02Ny45OTUtNDAuNDktNjcuOTk1LTgxLjA4M2MwLTM0LjM4NSwyMS4wNTctNjMuODM1LDUwLjk3OC03Ni4xOTZjNi42MzUtMi43NDEsNy42NzUtMTEuODAzLDEuNjg3LTE1Ljc2NmMtMTcuMDg5LTExLjMxLTM3LjExOC0xNi41MTMtNTUuOTE5LTE2LjUxM2MtNDUuNTU5LDAtNTMuNzg1LDE0Ljk4OS04My41MjUsMTQuOTg5cy0zNy45NjYtMTQuOTg5LTgzLjUyNS0xNC45ODlTMCwxODEuODQyLDAsMjU2Ljc4OWMwLDExOS45MTMsNjguMzM5LDIyNC44MzksMTM2LjY3OCwyMjQuODM5YzMwLjM3MywwLDIyLjc4LTcuNDk0LDQ1LjU1OS03LjQ5NHMxNS4xODYsNy40OTQsNDUuNTU5LDcuNDk0YzQ3LjY4LDAsOTUuMjQ1LTUxLjE2NCwxMTkuNzAzLTEyMi43NzlDMzQ5LjM2NSwzNTMuMzgxLDM0Ny4zNywzNDcuMzA3LDM0Mi43NDksMzQzLjg0MkwzNDIuNzQ5LDM0My44NDJ6Ii8+PHBhdGggc3R5bGU9ImZpbGw6IzhDRTE2RTsiIGQ9Ik0xMDMuOTE1LDIyMy42OTdjMy4zNzQtMjkuOTQ4LDEyLjY5OC01Mi41MjksMjUuMjEyLTY5LjAwOWMtOC4xMzMtMS42NTktMTcuODE3LTIuODI0LTMwLjQxNS0yLjgyNEM1My4xNTMsMTUxLjg2NCwwLDE4MS44NDIsMCwyNTYuNzg5YzAsMTE5LjkxMyw2OC4zMzksMjI0LjgzOSwxMzYuNjc4LDIyNC44MzljMjcuNzExLDAsMjMuODg3LTYuMjIyLDQwLjI5My03LjMxNUMxMjYuNTY1LDQ0MC42MjcsOTEuMzIxLDMzNS40OTUsMTAzLjkxNSwyMjMuNjk3eiIvPjxnPjwvZz48Zz48L2c+PGc+PC9nPjxnPjwvZz48Zz48L2c+PGc+PC9nPjxnPjwvZz48Zz48L2c+PGc+PC9nPjxnPjwvZz48Zz48L2c+PGc+PC9nPjxnPjwvZz48Zz48L2c+PGc+PC9nPjwvc3ZnPg==', 'Logo y nombre', 2, 3),
(4, 'Descargable', 'PD94bWwgdmVyc2lvbj0iMS4wIiBlbmNvZGluZz0iaXNvLTg4NTktMSI/PjxzdmcgdmVyc2lvbj0iMS4xIiBpZD0iTGF5ZXJfMSIgd2lkdGg9IjkwMCIgaGVpZ2h0PSI0ODAiIHhtbG5zPSJodHRwOi8vd3d3LnczLm9yZy8yMDAwL3N2ZyIgeG1sbnM6eGxpbms9Imh0dHA6Ly93d3cudzMub3JnLzE5OTkveGxpbmsiIHg9IjBweCIgeT0iMHB4IiB2aWV3Qm94PSIwIDAgNTEyIDUxMiIgc3R5bGU9ImVuYWJsZS1iYWNrZ3JvdW5kOm5ldyAwIDAgNTEyIDUxMjsiIHhtbDpzcGFjZT0icHJlc2VydmUiPjxwYXRoIHN0eWxlPSJmaWxsOiM5QkY1N0Q7IiBkPSJNMTczLjU1OSw5NS40NThjMCw2LjU3MSwwLjk5NSwxMi45MDcsMi44MDYsMTguODg5YzUuOTgsMS44MSwxMi4zMTYsMi44MDYsMTguODg5LDIuODA2YzM1Ljk0NSwwLDY1LjA4NS0yOS4xNCw2NS4wODUtNjUuMDg1YzAtNi41NzEtMC45OTUtMTIuOTA3LTIuODA2LTE4Ljg4OWMtNS45ODEtMS44MTItMTIuMzE3LTIuODA2LTE4Ljg4OS0yLjgwNkMyMDIuNjk5LDMwLjM3MywxNzMuNTU5LDU5LjUxMiwxNzMuNTU5LDk1LjQ1OHoiLz48cGF0aCBzdHlsZT0iZmlsbDojOENFMTZFOyIgZD0iTTI1Ny41MzIsMzMuMTc5bC04MS4xNjYsODEuMTY2YzUuOTgsMS44MTIsMTIuMzE2LDIuODA3LDE4Ljg4OSwyLjgwN2MzNS45NDUsMCw2NS4wODUtMjkuMTQsNjUuMDg1LTY1LjA4NUMyNjAuMzM5LDQ1LjQ5NSwyNTkuMzQ0LDM5LjE1OSwyNTcuNTMyLDMzLjE3OUwyNTcuNTMyLDMzLjE3OXoiLz48Y2lyY2xlIHN0eWxlPSJmaWxsOiM3Rjg0OTk7IiBjeD0iMzUxLjQ1OCIgY3k9IjI2MC4zMzkiIHI9IjIxLjY5NSIvPjxwYXRoIHN0eWxlPSJmaWxsOiM5NTlDQjU7IiBkPSJNMzk3LjQ4MiwzMTUuMDQyYy0yLjIyLDAtNC40NDEtMC44NDctNi4xMzUtMi41NDNjLTMuMzktMy4zOS0zLjM5LTguODgyLDAtMTIuMjcyYzIxLjk4My0yMS45OTEsMjEuOTgzLTU3Ljc4OCwwLTc5Ljc4Yy0zLjM5LTMuMzktMy4zOS04Ljg4MiwwLTEyLjI3MnM4Ljg4Mi0zLjM5LDEyLjI3MiwwYzI4Ljc1NCwyOC43NjMsMjguNzU0LDc1LjU1OSwwLDEwNC4zMjJDNDAxLjkyMywzMTQuMTk0LDM5OS43MDMsMzE1LjA0MiwzOTcuNDgyLDMxNS4wNDJ6Ii8+PHBhdGggc3R5bGU9ImZpbGw6I0FGQjlEMjsiIGQ9Ik00MjguMTYsMzQ1LjcyYy0yLjIyLDAtNC40NDEtMC44NDctNi4xMzUtMi41NDNjLTMuMzktMy4zOS0zLjM5LTguODgyLDAtMTIuMjcyYzM4LjkwNy0zOC45MTUsMzguOTA3LTEwMi4yMiwwLTE0MS4xMzVjLTMuMzktMy4zOS0zLjM5LTguODgyLDAtMTIuMjcyczguODgyLTMuMzksMTIuMjcyLDBjNDUuNjc4LDQ1LjY3OCw0NS42NzgsMTIwLDAsMTY1LjY3OEM0MzIuNjAxLDM0NC44NzIsNDMwLjM4LDM0NS43Miw0MjguMTYsMzQ1LjcyeiIvPjxwYXRoIHN0eWxlPSJmaWxsOiNDN0NGRTI7IiBkPSJNNDU4LjgzOSwzNzYuMzk4Yy0yLjIyLDAtNC40NDEtMC44NDctNi4xMzUtMi41NDNjLTMuMzktMy4zOS0zLjM5LTguODgyLDAtMTIuMjcyYzI3LjA1LTI3LjA0Miw0MS45NDEtNjIuOTk5LDQxLjk0MS0xMDEuMjQ1cy0xNC44OS03NC4yMDMtNDEuOTQxLTEwMS4yNDZjLTMuMzktMy4zOS0zLjM5LTguODgyLDAtMTIuMjcyczguODgyLTMuMzksMTIuMjcyLDBDNDk1LjMwNSwxNzcuMTQzLDUxMiwyMTcuNDU4LDUxMiwyNjAuMzM5cy0xNi42OTUsODMuMTk1LTQ3LjAyNiwxMTMuNTE2QzQ2My4yNzksMzc1LjU1MSw0NjEuMDU5LDM3Ni4zOTgsNDU4LjgzOSwzNzYuMzk4eiIvPjxwYXRoIHN0eWxlPSJmaWxsOiM3REM4NkU7IiBkPSJNMjE0LjQwNyw3Ni4zMDVjLTMuMzktMy4zOS04Ljg4Mi0zLjM5LTEyLjI3MiwwbC0yMi40OTksMjIuNDk5Yy0xMy4zMjItMzguMjg4LTMzLjg1Mi01Ni41NTEtMzUuMTI4LTU3LjY1MWMtMy42MTktMy4xMTktOS4xMDItMi43MjEtMTIuMjM3LDAuOTE2Yy0zLjEyNywzLjYyNy0yLjcyMSw5LjExLDAuOTE2LDEyLjIzN2MwLjM5OCwwLjM0Nyw0MC4zNzMsMzUuNzAyLDQwLjM3MywxMTQuOTE1aDE3LjM1NmMwLTE5LjUyMi0yLjMwOC0zNi41MTYtNS44LTUxLjM1MmwyOS4yOTEtMjkuMjkxQzIxNy43OTYsODUuMTg2LDIxNy43OTYsNzkuNjk1LDIxNC40MDcsNzYuMzA1eiIvPjxwYXRoIHN0eWxlPSJmaWxsOiM5QkY1N0Q7IiBkPSJNMzQyLjc0OSwzNDMuODQyYy0xLjY4NS0xLjI2NC0zLjY2My0yLjA1Mi01LjczNy0yLjQyYy0zOC42My02LjgzNi02Ny45OTUtNDAuNDktNjcuOTk1LTgxLjA4M2MwLTM0LjM4NSwyMS4wNTctNjMuODM1LDUwLjk3OC03Ni4xOTZjNi42MzUtMi43NDEsNy42NzUtMTEuODAzLDEuNjg3LTE1Ljc2NmMtMTcuMDg5LTExLjMxLTM3LjExOC0xNi41MTMtNTUuOTE5LTE2LjUxM2MtNDUuNTU5LDAtNTMuNzg1LDE0Ljk4OS04My41MjUsMTQuOTg5cy0zNy45NjYtMTQuOTg5LTgzLjUyNS0xNC45ODlTMCwxODEuODQyLDAsMjU2Ljc4OWMwLDExOS45MTMsNjguMzM5LDIyNC44MzksMTM2LjY3OCwyMjQuODM5YzMwLjM3MywwLDIyLjc4LTcuNDk0LDQ1LjU1OS03LjQ5NHMxNS4xODYsNy40OTQsNDUuNTU5LDcuNDk0YzQ3LjY4LDAsOTUuMjQ1LTUxLjE2NCwxMTkuNzAzLTEyMi43NzlDMzQ5LjM2NSwzNTMuMzgxLDM0Ny4zNywzNDcuMzA3LDM0Mi43NDksMzQzLjg0MkwzNDIuNzQ5LDM0My44NDJ6Ii8+PHBhdGggc3R5bGU9ImZpbGw6IzhDRTE2RTsiIGQ9Ik0xMDMuOTE1LDIyMy42OTdjMy4zNzQtMjkuOTQ4LDEyLjY5OC01Mi41MjksMjUuMjEyLTY5LjAwOWMtOC4xMzMtMS42NTktMTcuODE3LTIuODI0LTMwLjQxNS0yLjgyNEM1My4xNTMsMTUxLjg2NCwwLDE4MS44NDIsMCwyNTYuNzg5YzAsMTE5LjkxMyw2OC4zMzksMjI0LjgzOSwxMzYuNjc4LDIyNC44MzljMjcuNzExLDAsMjMuODg3LTYuMjIyLDQwLjI5My03LjMxNUMxMjYuNTY1LDQ0MC42MjcsOTEuMzIxLDMzNS40OTUsMTAzLjkxNSwyMjMuNjk3eiIvPjxnPjwvZz48Zz48L2c+PGc+PC9nPjxnPjwvZz48Zz48L2c+PGc+PC9nPjxnPjwvZz48Zz48L2c+PGc+PC9nPjxnPjwvZz48Zz48L2c+PGc+PC9nPjxnPjwvZz48Zz48L2c+PGc+PC9nPjwvc3ZnPg==', 'Logo y nombre', 2, 4),
(5, 'Descargable', 'PD94bWwgdmVyc2lvbj0iMS4wIiBlbmNvZGluZz0iaXNvLTg4NTktMSI/PjxzdmcgdmVyc2lvbj0iMS4xIiBpZD0iTGF5ZXJfMSIgd2lkdGg9IjkwMCIgaGVpZ2h0PSI0ODAiIHhtbG5zPSJodHRwOi8vd3d3LnczLm9yZy8yMDAwL3N2ZyIgeG1sbnM6eGxpbms9Imh0dHA6Ly93d3cudzMub3JnLzE5OTkveGxpbmsiIHg9IjBweCIgeT0iMHB4IiB2aWV3Qm94PSIwIDAgNTEyIDUxMiIgc3R5bGU9ImVuYWJsZS1iYWNrZ3JvdW5kOm5ldyAwIDAgNTEyIDUxMjsiIHhtbDpzcGFjZT0icHJlc2VydmUiPjxwYXRoIHN0eWxlPSJmaWxsOiM5QkY1N0Q7IiBkPSJNMTczLjU1OSw5NS40NThjMCw2LjU3MSwwLjk5NSwxMi45MDcsMi44MDYsMTguODg5YzUuOTgsMS44MSwxMi4zMTYsMi44MDYsMTguODg5LDIuODA2YzM1Ljk0NSwwLDY1LjA4NS0yOS4xNCw2NS4wODUtNjUuMDg1YzAtNi41NzEtMC45OTUtMTIuOTA3LTIuODA2LTE4Ljg4OWMtNS45ODEtMS44MTItMTIuMzE3LTIuODA2LTE4Ljg4OS0yLjgwNkMyMDIuNjk5LDMwLjM3MywxNzMuNTU5LDU5LjUxMiwxNzMuNTU5LDk1LjQ1OHoiLz48cGF0aCBzdHlsZT0iZmlsbDojOENFMTZFOyIgZD0iTTI1Ny41MzIsMzMuMTc5bC04MS4xNjYsODEuMTY2YzUuOTgsMS44MTIsMTIuMzE2LDIuODA3LDE4Ljg4OSwyLjgwN2MzNS45NDUsMCw2NS4wODUtMjkuMTQsNjUuMDg1LTY1LjA4NUMyNjAuMzM5LDQ1LjQ5NSwyNTkuMzQ0LDM5LjE1OSwyNTcuNTMyLDMzLjE3OUwyNTcuNTMyLDMzLjE3OXoiLz48Y2lyY2xlIHN0eWxlPSJmaWxsOiM3Rjg0OTk7IiBjeD0iMzUxLjQ1OCIgY3k9IjI2MC4zMzkiIHI9IjIxLjY5NSIvPjxwYXRoIHN0eWxlPSJmaWxsOiM5NTlDQjU7IiBkPSJNMzk3LjQ4MiwzMTUuMDQyYy0yLjIyLDAtNC40NDEtMC44NDctNi4xMzUtMi41NDNjLTMuMzktMy4zOS0zLjM5LTguODgyLDAtMTIuMjcyYzIxLjk4My0yMS45OTEsMjEuOTgzLTU3Ljc4OCwwLTc5Ljc4Yy0zLjM5LTMuMzktMy4zOS04Ljg4MiwwLTEyLjI3MnM4Ljg4Mi0zLjM5LDEyLjI3MiwwYzI4Ljc1NCwyOC43NjMsMjguNzU0LDc1LjU1OSwwLDEwNC4zMjJDNDAxLjkyMywzMTQuMTk0LDM5OS43MDMsMzE1LjA0MiwzOTcuNDgyLDMxNS4wNDJ6Ii8+PHBhdGggc3R5bGU9ImZpbGw6I0FGQjlEMjsiIGQ9Ik00MjguMTYsMzQ1LjcyYy0yLjIyLDAtNC40NDEtMC44NDctNi4xMzUtMi41NDNjLTMuMzktMy4zOS0zLjM5LTguODgyLDAtMTIuMjcyYzM4LjkwNy0zOC45MTUsMzguOTA3LTEwMi4yMiwwLTE0MS4xMzVjLTMuMzktMy4zOS0zLjM5LTguODgyLDAtMTIuMjcyczguODgyLTMuMzksMTIuMjcyLDBjNDUuNjc4LDQ1LjY3OCw0NS42NzgsMTIwLDAsMTY1LjY3OEM0MzIuNjAxLDM0NC44NzIsNDMwLjM4LDM0NS43Miw0MjguMTYsMzQ1LjcyeiIvPjxwYXRoIHN0eWxlPSJmaWxsOiNDN0NGRTI7IiBkPSJNNDU4LjgzOSwzNzYuMzk4Yy0yLjIyLDAtNC40NDEtMC44NDctNi4xMzUtMi41NDNjLTMuMzktMy4zOS0zLjM5LTguODgyLDAtMTIuMjcyYzI3LjA1LTI3LjA0Miw0MS45NDEtNjIuOTk5LDQxLjk0MS0xMDEuMjQ1cy0xNC44OS03NC4yMDMtNDEuOTQxLTEwMS4yNDZjLTMuMzktMy4zOS0zLjM5LTguODgyLDAtMTIuMjcyczguODgyLTMuMzksMTIuMjcyLDBDNDk1LjMwNSwxNzcuMTQzLDUxMiwyMTcuNDU4LDUxMiwyNjAuMzM5cy0xNi42OTUsODMuMTk1LTQ3LjAyNiwxMTMuNTE2QzQ2My4yNzksMzc1LjU1MSw0NjEuMDU5LDM3Ni4zOTgsNDU4LjgzOSwzNzYuMzk4eiIvPjxwYXRoIHN0eWxlPSJmaWxsOiM3REM4NkU7IiBkPSJNMjE0LjQwNyw3Ni4zMDVjLTMuMzktMy4zOS04Ljg4Mi0zLjM5LTEyLjI3MiwwbC0yMi40OTksMjIuNDk5Yy0xMy4zMjItMzguMjg4LTMzLjg1Mi01Ni41NTEtMzUuMTI4LTU3LjY1MWMtMy42MTktMy4xMTktOS4xMDItMi43MjEtMTIuMjM3LDAuOTE2Yy0zLjEyNywzLjYyNy0yLjcyMSw5LjExLDAuOTE2LDEyLjIzN2MwLjM5OCwwLjM0Nyw0MC4zNzMsMzUuNzAyLDQwLjM3MywxMTQuOTE1aDE3LjM1NmMwLTE5LjUyMi0yLjMwOC0zNi41MTYtNS44LTUxLjM1MmwyOS4yOTEtMjkuMjkxQzIxNy43OTYsODUuMTg2LDIxNy43OTYsNzkuNjk1LDIxNC40MDcsNzYuMzA1eiIvPjxwYXRoIHN0eWxlPSJmaWxsOiM5QkY1N0Q7IiBkPSJNMzQyLjc0OSwzNDMuODQyYy0xLjY4NS0xLjI2NC0zLjY2My0yLjA1Mi01LjczNy0yLjQyYy0zOC42My02LjgzNi02Ny45OTUtNDAuNDktNjcuOTk1LTgxLjA4M2MwLTM0LjM4NSwyMS4wNTctNjMuODM1LDUwLjk3OC03Ni4xOTZjNi42MzUtMi43NDEsNy42NzUtMTEuODAzLDEuNjg3LTE1Ljc2NmMtMTcuMDg5LTExLjMxLTM3LjExOC0xNi41MTMtNTUuOTE5LTE2LjUxM2MtNDUuNTU5LDAtNTMuNzg1LDE0Ljk4OS04My41MjUsMTQuOTg5cy0zNy45NjYtMTQuOTg5LTgzLjUyNS0xNC45ODlTMCwxODEuODQyLDAsMjU2Ljc4OWMwLDExOS45MTMsNjguMzM5LDIyNC44MzksMTM2LjY3OCwyMjQuODM5YzMwLjM3MywwLDIyLjc4LTcuNDk0LDQ1LjU1OS03LjQ5NHMxNS4xODYsNy40OTQsNDUuNTU5LDcuNDk0YzQ3LjY4LDAsOTUuMjQ1LTUxLjE2NCwxMTkuNzAzLTEyMi43NzlDMzQ5LjM2NSwzNTMuMzgxLDM0Ny4zNywzNDcuMzA3LDM0Mi43NDksMzQzLjg0MkwzNDIuNzQ5LDM0My44NDJ6Ii8+PHBhdGggc3R5bGU9ImZpbGw6IzhDRTE2RTsiIGQ9Ik0xMDMuOTE1LDIyMy42OTdjMy4zNzQtMjkuOTQ4LDEyLjY5OC01Mi41MjksMjUuMjEyLTY5LjAwOWMtOC4xMzMtMS42NTktMTcuODE3LTIuODI0LTMwLjQxNS0yLjgyNEM1My4xNTMsMTUxLjg2NCwwLDE4MS44NDIsMCwyNTYuNzg5YzAsMTE5LjkxMyw2OC4zMzksMjI0LjgzOSwxMzYuNjc4LDIyNC44MzljMjcuNzExLDAsMjMuODg3LTYuMjIyLDQwLjI5My03LjMxNUMxMjYuNTY1LDQ0MC42MjcsOTEuMzIxLDMzNS40OTUsMTAzLjkxNSwyMjMuNjk3eiIvPjxnPjwvZz48Zz48L2c+PGc+PC9nPjxnPjwvZz48Zz48L2c+PGc+PC9nPjxnPjwvZz48Zz48L2c+PGc+PC9nPjxnPjwvZz48Zz48L2c+PGc+PC9nPjxnPjwvZz48Zz48L2c+PGc+PC9nPjwvc3ZnPg==', 'Logo y nombre', 2, 5),
(6, 'Descargable', 'PD94bWwgdmVyc2lvbj0iMS4wIiBlbmNvZGluZz0iaXNvLTg4NTktMSI', 'Logo y nombre', 1, 1),
(7, 'Descargable', 'PD94bWwgdmVyc2lvbj0iMS4wIiBlbmNvZGluZz0iaXNvLTg4NTktMSI', 'Logo y nombre', 1, 1),
(8, 'Descargable', 'PD94bWwgdmVyc2lvbj0iMS4wIiBlbmNvZGluZz0iaXNvLTg4NTktMSI', 'Logo y nombre', 1, 1),
(9, 'Descargable', 'PD94bWwgdmVyc2lvbj0iMS4wIiBlbmNvZGluZz0iaXNvLTg4NTktMSI', 'Logo y nombre', 1, 1),
(10, 'Descargable', 'PD94bWwgdmVyc2lvbj0iMS4wIiBlbmNvZGluZz0iaXNvLTg4NTktMSI', 'Logo y nombre', 1, 1),
(11, 'Descargable', 'PD94bWwgdmVyc2lvbj0iMS4wIiBlbmNvZGluZz0iaXNvLTg4NTktMSI', 'Logo y nombre', 1, 1),
(12, 'Editable', 'PD94bWwgdmVyc2lvbj0iMS4wIiBlbmNvZGluZz0iaXNvLTg4NTktMSI', 'Logo y nombre', 1, 1),
(13, 'Editable', 'PD94bWwgdmVyc2lvbj0iMS4wIiBlbmNvZGluZz0iaXNvLTg4NTktMSI', 'Logo y nombre', 1, 1),
(14, 'Editable', 'PD94bWwgdmVyc2lvbj0iMS4wIiBlbmNvZGluZz0iaXNvLTg4NTktMSI', 'Logo y nombre', 1, 1),
(15, 'Editable', 'PD94bWwgdmVyc2lvbj0iMS4wIiBlbmNvZGluZz0iaXNvLTg4NTktMSI', 'Logo y nombre', 1, 1),
(16, 'Descargable', 'PD94bWwgdmVyc2lvbj0iMS4wIiBlbmNvZGluZz0iaXNvLTg4NTktMSI', 'Logo y nombre', 1, 1),
(17, 'Descargable', 'PD94bWwgdmVyc2lvbj0iMS4wIiBlbmNvZGluZz0iaXNvLTg4NTktMSI', 'Logo y nombre', 1, 1),
(18, 'Descargable', 'PD94bWwgdmVyc2lvbj0iMS4wIiBlbmNvZGluZz0iaXNvLTg4NTktMSI', 'Logo y nombre', 1, 1),
(19, 'Descargable', 'PD94bWwgdmVyc2lvbj0iMS4wIiBlbmNvZGluZz0iaXNvLTg4NTktMSI', 'Logo y nombre', 1, 1),
(20, 'Descargable', 'PD94bWwgdmVyc2lvbj0iMS4wIiBlbmNvZGluZz0iaXNvLTg4NTktMSI', 'Logo y nombre', 1, 1),
(21, 'Editable', 'PD94bWwgdmVyc2lvbj0iMS4wIiBlbmNvZGluZz0iaXNvLTg4NTktMSI', 'Logo y nombre', 1, 1),
(22, 'Editable', 'PD94bWwgdmVyc2lvbj0iMS4wIiBlbmNvZGluZz0iaXNvLTg4NTktMSI', 'Logo y nombre', 1, 1),
(23, 'Editable', 'PD94bWwgdmVyc2lvbj0iMS4wIiBlbmNvZGluZz0iaXNvLTg4NTktMSI', 'Logo y nombre', 1, 1),
(24, 'Descargable', 'PD94bWwgdmVyc2lvbj0iMS4wIiBlbmNvZGluZz0iaXNvLTg4NTktMSI', 'Logo y nombre', 1, 1);

-- --------------------------------------------------------

--
-- Estructura de tabla para la tabla `pagos`
--

CREATE TABLE IF NOT EXISTS `pagos` (
`idpagos` int(11) NOT NULL,
  `fechaPago` date NOT NULL,
  `subcripciones_idSubcripcion` int(10) unsigned NOT NULL
) ENGINE=InnoDB DEFAULT CHARSET=utf8 AUTO_INCREMENT=1 ;

-- --------------------------------------------------------

--
-- Estructura de tabla para la tabla `pedidos`
--

CREATE TABLE IF NOT EXISTS `pedidos` (
`idPedido` int(11) NOT NULL,
  `fecha` date NOT NULL,
  `estado` enum('EN ESPERA','CANCELADO','COMPLETADO','EN PROCESO') NOT NULL,
  `logos_idLogo` int(11) NOT NULL,
  `impuestos_localidad` varchar(4) NOT NULL,
  `precios_idPrecio` int(11) NOT NULL
) ENGINE=InnoDB  DEFAULT CHARSET=utf8 AUTO_INCREMENT=21 ;

--
-- Volcado de datos para la tabla `pedidos`
--

INSERT INTO `pedidos` (`idPedido`, `fecha`, `estado`, `logos_idLogo`, `impuestos_localidad`, `precios_idPrecio`) VALUES
(1, '2017-03-01', 'EN ESPERA', 1, '', 0),
(2, '2017-03-01', 'EN ESPERA', 4, '', 0),
(3, '2017-03-03', 'EN ESPERA', 5, '', 0),
(4, '2017-04-21', 'EN ESPERA', 7, 'null', 1),
(5, '2017-04-21', 'EN ESPERA', 8, 'null', 1),
(6, '2017-04-21', 'EN ESPERA', 9, 'null', 1),
(7, '2017-04-21', 'EN ESPERA', 10, 'null', 1),
(8, '2017-04-21', 'EN ESPERA', 11, 'null', 1),
(9, '2017-04-24', 'EN ESPERA', 13, 'null', 1),
(10, '2017-04-24', 'EN ESPERA', 14, 'null', 1),
(11, '2017-04-24', 'EN ESPERA', 15, 'null', 1),
(12, '2017-04-24', 'EN ESPERA', 16, 'null', 1),
(13, '2017-04-24', 'EN ESPERA', 17, 'null', 1),
(14, '2017-04-24', 'EN ESPERA', 18, 'null', 1),
(15, '2017-04-24', 'EN ESPERA', 19, 'null', 1),
(16, '2017-04-24', 'EN ESPERA', 20, 'null', 1),
(17, '2017-04-24', 'EN ESPERA', 21, 'null', 1),
(18, '2017-04-24', 'EN ESPERA', 22, 'null', 1),
(19, '2017-04-25', 'EN ESPERA', 23, 'null', 1),
(20, '2017-04-25', 'EN ESPERA', 24, 'null', 1);

-- --------------------------------------------------------

--
-- Estructura de tabla para la tabla `planes`
--

CREATE TABLE IF NOT EXISTS `planes` (
`idPlan` int(11) NOT NULL,
  `plan` varchar(45) NOT NULL
) ENGINE=InnoDB  DEFAULT CHARSET=utf8 AUTO_INCREMENT=2 ;

--
-- Volcado de datos para la tabla `planes`
--

INSERT INTO `planes` (`idPlan`, `plan`) VALUES
(1, 'Plan Basico');

-- --------------------------------------------------------

--
-- Estructura de tabla para la tabla `precios`
--

CREATE TABLE IF NOT EXISTS `precios` (
`idPrecio` int(11) NOT NULL,
  `precio` float NOT NULL,
  `moneda` varchar(4) NOT NULL,
  `planes_idPlan` int(11) NOT NULL
) ENGINE=InnoDB  DEFAULT CHARSET=utf8 AUTO_INCREMENT=2 ;

--
-- Volcado de datos para la tabla `precios`
--

INSERT INTO `precios` (`idPrecio`, `precio`, `moneda`, `planes_idPlan`) VALUES
(1, 50, 'USD', 1);

-- --------------------------------------------------------

--
-- Estructura de tabla para la tabla `preferencias`
--

CREATE TABLE IF NOT EXISTS `preferencias` (
`idPreferencia` int(11) NOT NULL,
  `nombre1` varchar(45) NOT NULL,
  `nombre2` varchar(45) NOT NULL
) ENGINE=InnoDB  DEFAULT CHARSET=utf8 AUTO_INCREMENT=8 ;

--
-- Volcado de datos para la tabla `preferencias`
--

INSERT INTO `preferencias` (`idPreferencia`, `nombre1`, `nombre2`) VALUES
(1, 'Femenino', 'Masculino'),
(2, 'Economico', 'Lujoso'),
(3, 'Clasico', 'Moderno'),
(4, 'Sutil', 'Evidente'),
(5, 'Simple', 'Detallado'),
(6, 'Joven', 'Adulto'),
(7, 'Formal', 'Divertido');

-- --------------------------------------------------------

--
-- Estructura de tabla para la tabla `subcripciones`
--

CREATE TABLE IF NOT EXISTS `subcripciones` (
`idSubcripcion` int(10) unsigned NOT NULL,
  `fechaIni` date NOT NULL,
  `fechaFin` date NOT NULL,
  `estadoSub` int(11) NOT NULL,
  `pedidos_idPedido` int(11) NOT NULL
) ENGINE=InnoDB DEFAULT CHARSET=utf8 AUTO_INCREMENT=1 ;

-- --------------------------------------------------------

--
-- Estructura de tabla para la tabla `usuarios`
--

CREATE TABLE IF NOT EXISTS `usuarios` (
`idUsuario` int(11) NOT NULL,
  `nombreUser` varchar(45) NOT NULL,
  `correo` varchar(45) NOT NULL,
  `pass` varchar(45) NOT NULL
) ENGINE=InnoDB DEFAULT CHARSET=utf8 AUTO_INCREMENT=1 ;

--
-- Índices para tablas volcadas
--

--
-- Indices de la tabla `atributos`
--
ALTER TABLE `atributos`
 ADD PRIMARY KEY (`idAtributo`), ADD KEY `fk_atributos_logos1_idx` (`logos_idLogo`);

--
-- Indices de la tabla `categorias`
--
ALTER TABLE `categorias`
 ADD PRIMARY KEY (`idCategoria`);

--
-- Indices de la tabla `clientes`
--
ALTER TABLE `clientes`
 ADD PRIMARY KEY (`idCliente`);

--
-- Indices de la tabla `elementos`
--
ALTER TABLE `elementos`
 ADD PRIMARY KEY (`idElemento`), ADD KEY `fk_elementos_categorias1_idx` (`categorias_idCategoria`);

--
-- Indices de la tabla `elementos_has_etiquetas`
--
ALTER TABLE `elementos_has_etiquetas`
 ADD PRIMARY KEY (`elementos_idElemento`,`etiquetas_idEtiqueta`), ADD KEY `fk_elementos_has_categorias_categorias1_idx` (`etiquetas_idEtiqueta`), ADD KEY `fk_elementos_has_categorias_elementos1_idx` (`elementos_idElemento`);

--
-- Indices de la tabla `elementos_has_preferencias`
--
ALTER TABLE `elementos_has_preferencias`
 ADD PRIMARY KEY (`elementos_idElemento`,`preferencias_idPreferencia`), ADD KEY `fk_elementos_has_preferencias_preferencias1_idx` (`preferencias_idPreferencia`), ADD KEY `fk_elementos_has_preferencias_elementos1_idx` (`elementos_idElemento`);

--
-- Indices de la tabla `etiquetas`
--
ALTER TABLE `etiquetas`
 ADD PRIMARY KEY (`idEtiqueta`);

--
-- Indices de la tabla `impuestos`
--
ALTER TABLE `impuestos`
 ADD PRIMARY KEY (`localidad`);

--
-- Indices de la tabla `logos`
--
ALTER TABLE `logos`
 ADD PRIMARY KEY (`idLogo`,`elementos_idElemento`), ADD KEY `fk_logos_clientes_idx` (`clientes_idCliente`), ADD KEY `fk_logos_elementos1_idx` (`elementos_idElemento`);

--
-- Indices de la tabla `pagos`
--
ALTER TABLE `pagos`
 ADD PRIMARY KEY (`idpagos`), ADD KEY `fk_pagos_subcripciones1_idx` (`subcripciones_idSubcripcion`);

--
-- Indices de la tabla `pedidos`
--
ALTER TABLE `pedidos`
 ADD PRIMARY KEY (`idPedido`), ADD KEY `fk_pedidos_logos1_idx` (`logos_idLogo`), ADD KEY `fk_pedidos_impuestos1_idx` (`impuestos_localidad`), ADD KEY `fk_pedidos_precios1_idx` (`precios_idPrecio`);

--
-- Indices de la tabla `planes`
--
ALTER TABLE `planes`
 ADD PRIMARY KEY (`idPlan`);

--
-- Indices de la tabla `precios`
--
ALTER TABLE `precios`
 ADD PRIMARY KEY (`idPrecio`), ADD KEY `fk_precios_planes1_idx` (`planes_idPlan`);

--
-- Indices de la tabla `preferencias`
--
ALTER TABLE `preferencias`
 ADD PRIMARY KEY (`idPreferencia`);

--
-- Indices de la tabla `subcripciones`
--
ALTER TABLE `subcripciones`
 ADD PRIMARY KEY (`idSubcripcion`), ADD KEY `fk_subcripciones_pedidos1_idx` (`pedidos_idPedido`);

--
-- Indices de la tabla `usuarios`
--
ALTER TABLE `usuarios`
 ADD PRIMARY KEY (`idUsuario`);

--
-- AUTO_INCREMENT de las tablas volcadas
--

--
-- AUTO_INCREMENT de la tabla `atributos`
--
ALTER TABLE `atributos`
MODIFY `idAtributo` int(11) NOT NULL AUTO_INCREMENT;
--
-- AUTO_INCREMENT de la tabla `categorias`
--
ALTER TABLE `categorias`
MODIFY `idCategoria` int(11) NOT NULL AUTO_INCREMENT,AUTO_INCREMENT=4;
--
-- AUTO_INCREMENT de la tabla `clientes`
--
ALTER TABLE `clientes`
MODIFY `idCliente` int(11) NOT NULL AUTO_INCREMENT,AUTO_INCREMENT=3;
--
-- AUTO_INCREMENT de la tabla `elementos`
--
ALTER TABLE `elementos`
MODIFY `idElemento` int(11) NOT NULL AUTO_INCREMENT,AUTO_INCREMENT=9;
--
-- AUTO_INCREMENT de la tabla `etiquetas`
--
ALTER TABLE `etiquetas`
MODIFY `idEtiqueta` int(11) NOT NULL AUTO_INCREMENT;
--
-- AUTO_INCREMENT de la tabla `logos`
--
ALTER TABLE `logos`
MODIFY `idLogo` int(11) NOT NULL AUTO_INCREMENT,AUTO_INCREMENT=25;
--
-- AUTO_INCREMENT de la tabla `pagos`
--
ALTER TABLE `pagos`
MODIFY `idpagos` int(11) NOT NULL AUTO_INCREMENT;
--
-- AUTO_INCREMENT de la tabla `pedidos`
--
ALTER TABLE `pedidos`
MODIFY `idPedido` int(11) NOT NULL AUTO_INCREMENT,AUTO_INCREMENT=21;
--
-- AUTO_INCREMENT de la tabla `planes`
--
ALTER TABLE `planes`
MODIFY `idPlan` int(11) NOT NULL AUTO_INCREMENT,AUTO_INCREMENT=2;
--
-- AUTO_INCREMENT de la tabla `precios`
--
ALTER TABLE `precios`
MODIFY `idPrecio` int(11) NOT NULL AUTO_INCREMENT,AUTO_INCREMENT=2;
--
-- AUTO_INCREMENT de la tabla `preferencias`
--
ALTER TABLE `preferencias`
MODIFY `idPreferencia` int(11) NOT NULL AUTO_INCREMENT,AUTO_INCREMENT=8;
--
-- AUTO_INCREMENT de la tabla `subcripciones`
--
ALTER TABLE `subcripciones`
MODIFY `idSubcripcion` int(10) unsigned NOT NULL AUTO_INCREMENT;
--
-- AUTO_INCREMENT de la tabla `usuarios`
--
ALTER TABLE `usuarios`
MODIFY `idUsuario` int(11) NOT NULL AUTO_INCREMENT;
--
-- Restricciones para tablas volcadas
--

--
-- Filtros para la tabla `atributos`
--
ALTER TABLE `atributos`
ADD CONSTRAINT `fk_atributos_logos1` FOREIGN KEY (`logos_idLogo`) REFERENCES `logos` (`idLogo`) ON DELETE NO ACTION ON UPDATE NO ACTION;

--
-- Filtros para la tabla `elementos`
--
ALTER TABLE `elementos`
ADD CONSTRAINT `fk_elementos_categorias1` FOREIGN KEY (`categorias_idCategoria`) REFERENCES `categorias` (`idCategoria`) ON DELETE NO ACTION ON UPDATE NO ACTION;

--
-- Filtros para la tabla `elementos_has_etiquetas`
--
ALTER TABLE `elementos_has_etiquetas`
ADD CONSTRAINT `fk_elementos_has_categorias_categorias1` FOREIGN KEY (`etiquetas_idEtiqueta`) REFERENCES `etiquetas` (`idEtiqueta`) ON DELETE NO ACTION ON UPDATE NO ACTION,
ADD CONSTRAINT `fk_elementos_has_categorias_elementos1` FOREIGN KEY (`elementos_idElemento`) REFERENCES `elementos` (`idElemento`) ON DELETE NO ACTION ON UPDATE NO ACTION;

--
-- Filtros para la tabla `elementos_has_preferencias`
--
ALTER TABLE `elementos_has_preferencias`
ADD CONSTRAINT `fk_elementos_has_preferencias_elementos1` FOREIGN KEY (`elementos_idElemento`) REFERENCES `elementos` (`idElemento`) ON DELETE NO ACTION ON UPDATE NO ACTION,
ADD CONSTRAINT `fk_elementos_has_preferencias_preferencias1` FOREIGN KEY (`preferencias_idPreferencia`) REFERENCES `preferencias` (`idPreferencia`) ON DELETE NO ACTION ON UPDATE NO ACTION;

--
-- Filtros para la tabla `logos`
--
ALTER TABLE `logos`
ADD CONSTRAINT `fk_logos_clientes` FOREIGN KEY (`clientes_idCliente`) REFERENCES `clientes` (`idCliente`) ON DELETE NO ACTION ON UPDATE NO ACTION,
ADD CONSTRAINT `fk_logos_elementos1` FOREIGN KEY (`elementos_idElemento`) REFERENCES `elementos` (`idElemento`) ON DELETE NO ACTION ON UPDATE NO ACTION;

--
-- Filtros para la tabla `pagos`
--
ALTER TABLE `pagos`
ADD CONSTRAINT `fk_pagos_subcripciones1` FOREIGN KEY (`subcripciones_idSubcripcion`) REFERENCES `subcripciones` (`idSubcripcion`) ON DELETE NO ACTION ON UPDATE NO ACTION;

--
-- Filtros para la tabla `pedidos`
--
ALTER TABLE `pedidos`
ADD CONSTRAINT `fk_pedidos_impuestos1` FOREIGN KEY (`impuestos_localidad`) REFERENCES `impuestos` (`localidad`) ON DELETE NO ACTION ON UPDATE NO ACTION,
ADD CONSTRAINT `fk_pedidos_logos1` FOREIGN KEY (`logos_idLogo`) REFERENCES `logos` (`idLogo`) ON DELETE NO ACTION ON UPDATE NO ACTION,
ADD CONSTRAINT `fk_pedidos_precios1` FOREIGN KEY (`precios_idPrecio`) REFERENCES `precios` (`idPrecio`) ON DELETE NO ACTION ON UPDATE NO ACTION;

--
-- Filtros para la tabla `precios`
--
ALTER TABLE `precios`
ADD CONSTRAINT `fk_precios_planes1` FOREIGN KEY (`planes_idPlan`) REFERENCES `planes` (`idPlan`) ON DELETE NO ACTION ON UPDATE NO ACTION;

--
-- Filtros para la tabla `subcripciones`
--
ALTER TABLE `subcripciones`
ADD CONSTRAINT `fk_subcripciones_pedidos1` FOREIGN KEY (`pedidos_idPedido`) REFERENCES `pedidos` (`idPedido`) ON DELETE NO ACTION ON UPDATE NO ACTION;

/*!40101 SET CHARACTER_SET_CLIENT=@OLD_CHARACTER_SET_CLIENT */;
/*!40101 SET CHARACTER_SET_RESULTS=@OLD_CHARACTER_SET_RESULTS */;
/*!40101 SET COLLATION_CONNECTION=@OLD_COLLATION_CONNECTION */;
