<?xml version="1.0" encoding="UTF-8" standalone="yes"?><p:notes xmlns:a="http://schemas.openxmlformats.org/drawingml/2006/main" xmlns:r="http://schemas.openxmlformats.org/officeDocument/2006/relationships" xmlns:mc="http://schemas.openxmlformats.org/markup-compatibility/2006" xmlns:mv="urn:schemas-microsoft-com:mac:vml" xmlns:p="http://schemas.openxmlformats.org/presentationml/2006/main" xmlns:c="http://schemas.openxmlformats.org/drawingml/2006/chart" xmlns:dgm="http://schemas.openxmlformats.org/drawingml/2006/diagram" xmlns:o="urn:schemas-microsoft-com:office:office" xmlns:v="urn:schemas-microsoft-com:vml" xmlns:pvml="urn:schemas-microsoft-com:office:powerpoint" xmlns:com="http://schemas.openxmlformats.org/drawingml/2006/compatibility" xmlns:p14="http://schemas.microsoft.com/office/powerpoint/2010/main" xmlns:p15="http://schemas.microsoft.com/office/powerpoint/2012/main" showMasterPhAnim="0" showMasterSp="0"><p:cSld><p:spTree><p:nvGrpSpPr><p:cNvPr id="168" name="Shape 168"/><p:cNvGrpSpPr/><p:nvPr/></p:nvGrpSpPr><p:grpSpPr><a:xfrm><a:off x="0" y="0"/><a:ext cx="0" cy="0"/><a:chOff x="0" y="0"/><a:chExt cx="0" cy="0"/></a:xfrm></p:grpSpPr><p:sp><p:nvSpPr><p:cNvPr id="169" name="Shape 169"/><p:cNvSpPr/><p:nvPr><p:ph idx="2" type="sldImg"/></p:nvPr></p:nvSpPr><p:spPr><a:xfrm><a:off x="381175" y="685800"/><a:ext cx="6096300" cy="3429000"/></a:xfrm><a:custGeom><a:pathLst><a:path extrusionOk="0" h="120000" w="120000"><a:moveTo><a:pt x="0" y="0"/></a:moveTo><a:lnTo><a:pt x="120000" y="0"/></a:lnTo><a:lnTo><a:pt x="120000" y="120000"/></a:lnTo><a:lnTo><a:pt x="0" y="120000"/></a:lnTo><a:close/></a:path></a:pathLst></a:custGeom></p:spPr></p:sp><p:sp><p:nvSpPr><p:cNvPr id="170" name="Shape 170"/><p:cNvSpPr txBox="1"/><p:nvPr><p:ph idx="1" type="body"/></p:nvPr></p:nvSpPr><p:spPr><a:xfrm><a:off x="685800" y="4343400"/><a:ext cx="5486400" cy="4114800"/></a:xfrm><a:prstGeom prst="rect"><a:avLst/></a:prstGeom></p:spPr><p:txBody><a:bodyPr anchorCtr="0" anchor="t" bIns="91425" lIns="91425" spcFirstLastPara="1" rIns="91425" wrap="square" tIns="91425"><a:noAutofit/></a:bodyPr><a:lstStyle/><a:p><a:pPr indent="0" lvl="0" marL="0"><a:spcBef><a:spcPts val="0"/></a:spcBef><a:spcAft><a:spcPts val="0"/></a:spcAft><a:buNone/></a:pPr><a:r><a:t></a:t></a:r><a:endParaRPr/></a:p></p:txBody></p:sp></p:spTree></p:cSld><p:clrMapOvr><a:masterClrMapping/></p:clrMapOvr></p:notes>