<?xml version="1.0" encoding="UTF-8" standalone="yes"?><p:sldMaster xmlns:a="http://schemas.openxmlformats.org/drawingml/2006/main" xmlns:r="http://schemas.openxmlformats.org/officeDocument/2006/relationships" xmlns:mc="http://schemas.openxmlformats.org/markup-compatibility/2006" xmlns:mv="urn:schemas-microsoft-com:mac:vml" xmlns:p="http://schemas.openxmlformats.org/presentationml/2006/main" xmlns:c="http://schemas.openxmlformats.org/drawingml/2006/chart" xmlns:dgm="http://schemas.openxmlformats.org/drawingml/2006/diagram" xmlns:o="urn:schemas-microsoft-com:office:office" xmlns:v="urn:schemas-microsoft-com:vml" xmlns:pvml="urn:schemas-microsoft-com:office:powerpoint" xmlns:com="http://schemas.openxmlformats.org/drawingml/2006/compatibility" xmlns:p14="http://schemas.microsoft.com/office/powerpoint/2010/main" xmlns:p15="http://schemas.microsoft.com/office/powerpoint/2012/main"><p:cSld name="simple-light"><p:bg><p:bgPr><a:solidFill><a:srgbClr val="CCCCCC"/></a:solidFill></p:bgPr></p:bg><p:spTree><p:nvGrpSpPr><p:cNvPr id="5" name="Shape 5"/><p:cNvGrpSpPr/><p:nvPr/></p:nvGrpSpPr><p:grpSpPr><a:xfrm><a:off x="0" y="0"/><a:ext cx="0" cy="0"/><a:chOff x="0" y="0"/><a:chExt cx="0" cy="0"/></a:xfrm></p:grpSpPr><p:sp><p:nvSpPr><p:cNvPr id="6" name="Shape 6"/><p:cNvSpPr txBox="1"/><p:nvPr><p:ph type="title"/></p:nvPr></p:nvSpPr><p:spPr><a:xfrm><a:off x="457200" y="1348975"/><a:ext cx="5511300" cy="857400"/></a:xfrm><a:prstGeom prst="rect"><a:avLst/></a:prstGeom><a:noFill/><a:ln><a:noFill/></a:ln></p:spPr><p:txBody><a:bodyPr anchorCtr="0" anchor="b" bIns="91425" lIns="91425" spcFirstLastPara="1" rIns="91425" wrap="square" tIns="91425"/><a:lstStyle><a:lvl1pPr lvl="0"><a:spcBef><a:spcPts val="0"/></a:spcBef><a:spcAft><a:spcPts val="0"/></a:spcAft><a:buClr><a:srgbClr val="434343"/></a:buClr><a:buSzPts val="4800"/><a:buFont typeface="Lato Hairline"/><a:buNone/><a:defRPr sz="4800"><a:solidFill><a:srgbClr val="434343"/></a:solidFill><a:latin typeface="Lato Hairline"/><a:ea typeface="Lato Hairline"/><a:cs typeface="Lato Hairline"/><a:sym typeface="Lato Hairline"/></a:defRPr></a:lvl1pPr><a:lvl2pPr lvl="1"><a:spcBef><a:spcPts val="0"/></a:spcBef><a:spcAft><a:spcPts val="0"/></a:spcAft><a:buClr><a:srgbClr val="434343"/></a:buClr><a:buSzPts val="4800"/><a:buFont typeface="Lato Hairline"/><a:buNone/><a:defRPr sz="4800"><a:solidFill><a:srgbClr val="434343"/></a:solidFill><a:latin typeface="Lato Hairline"/><a:ea typeface="Lato Hairline"/><a:cs typeface="Lato Hairline"/><a:sym typeface="Lato Hairline"/></a:defRPr></a:lvl2pPr><a:lvl3pPr lvl="2"><a:spcBef><a:spcPts val="0"/></a:spcBef><a:spcAft><a:spcPts val="0"/></a:spcAft><a:buClr><a:srgbClr val="434343"/></a:buClr><a:buSzPts val="4800"/><a:buFont typeface="Lato Hairline"/><a:buNone/><a:defRPr sz="4800"><a:solidFill><a:srgbClr val="434343"/></a:solidFill><a:latin typeface="Lato Hairline"/><a:ea typeface="Lato Hairline"/><a:cs typeface="Lato Hairline"/><a:sym typeface="Lato Hairline"/></a:defRPr></a:lvl3pPr><a:lvl4pPr lvl="3"><a:spcBef><a:spcPts val="0"/></a:spcBef><a:spcAft><a:spcPts val="0"/></a:spcAft><a:buClr><a:srgbClr val="434343"/></a:buClr><a:buSzPts val="4800"/><a:buFont typeface="Lato Hairline"/><a:buNone/><a:defRPr sz="4800"><a:solidFill><a:srgbClr val="434343"/></a:solidFill><a:latin typeface="Lato Hairline"/><a:ea typeface="Lato Hairline"/><a:cs typeface="Lato Hairline"/><a:sym typeface="Lato Hairline"/></a:defRPr></a:lvl4pPr><a:lvl5pPr lvl="4"><a:spcBef><a:spcPts val="0"/></a:spcBef><a:spcAft><a:spcPts val="0"/></a:spcAft><a:buClr><a:srgbClr val="434343"/></a:buClr><a:buSzPts val="4800"/><a:buFont typeface="Lato Hairline"/><a:buNone/><a:defRPr sz="4800"><a:solidFill><a:srgbClr val="434343"/></a:solidFill><a:latin typeface="Lato Hairline"/><a:ea typeface="Lato Hairline"/><a:cs typeface="Lato Hairline"/><a:sym typeface="Lato Hairline"/></a:defRPr></a:lvl5pPr><a:lvl6pPr lvl="5"><a:spcBef><a:spcPts val="0"/></a:spcBef><a:spcAft><a:spcPts val="0"/></a:spcAft><a:buClr><a:srgbClr val="434343"/></a:buClr><a:buSzPts val="4800"/><a:buFont typeface="Lato Hairline"/><a:buNone/><a:defRPr sz="4800"><a:solidFill><a:srgbClr val="434343"/></a:solidFill><a:latin typeface="Lato Hairline"/><a:ea typeface="Lato Hairline"/><a:cs typeface="Lato Hairline"/><a:sym typeface="Lato Hairline"/></a:defRPr></a:lvl6pPr><a:lvl7pPr lvl="6"><a:spcBef><a:spcPts val="0"/></a:spcBef><a:spcAft><a:spcPts val="0"/></a:spcAft><a:buClr><a:srgbClr val="434343"/></a:buClr><a:buSzPts val="4800"/><a:buFont typeface="Lato Hairline"/><a:buNone/><a:defRPr sz="4800"><a:solidFill><a:srgbClr val="434343"/></a:solidFill><a:latin typeface="Lato Hairline"/><a:ea typeface="Lato Hairline"/><a:cs typeface="Lato Hairline"/><a:sym typeface="Lato Hairline"/></a:defRPr></a:lvl7pPr><a:lvl8pPr lvl="7"><a:spcBef><a:spcPts val="0"/></a:spcBef><a:spcAft><a:spcPts val="0"/></a:spcAft><a:buClr><a:srgbClr val="434343"/></a:buClr><a:buSzPts val="4800"/><a:buFont typeface="Lato Hairline"/><a:buNone/><a:defRPr sz="4800"><a:solidFill><a:srgbClr val="434343"/></a:solidFill><a:latin typeface="Lato Hairline"/><a:ea typeface="Lato Hairline"/><a:cs typeface="Lato Hairline"/><a:sym typeface="Lato Hairline"/></a:defRPr></a:lvl8pPr><a:lvl9pPr lvl="8"><a:spcBef><a:spcPts val="0"/></a:spcBef><a:spcAft><a:spcPts val="0"/></a:spcAft><a:buClr><a:srgbClr val="434343"/></a:buClr><a:buSzPts val="4800"/><a:buFont typeface="Lato Hairline"/><a:buNone/><a:defRPr sz="4800"><a:solidFill><a:srgbClr val="434343"/></a:solidFill><a:latin typeface="Lato Hairline"/><a:ea typeface="Lato Hairline"/><a:cs typeface="Lato Hairline"/><a:sym typeface="Lato Hairline"/></a:defRPr></a:lvl9pPr></a:lstStyle><a:p/></p:txBody></p:sp><p:sp><p:nvSpPr><p:cNvPr id="7" name="Shape 7"/><p:cNvSpPr txBox="1"/><p:nvPr><p:ph idx="1" type="body"/></p:nvPr></p:nvSpPr><p:spPr><a:xfrm><a:off x="457200" y="2244400"/><a:ext cx="5511300" cy="2605200"/></a:xfrm><a:prstGeom prst="rect"><a:avLst/></a:prstGeom><a:noFill/><a:ln><a:noFill/></a:ln></p:spPr><p:txBody><a:bodyPr anchorCtr="0" anchor="t" bIns="91425" lIns="91425" spcFirstLastPara="1" rIns="91425" wrap="square" tIns="91425"/><a:lstStyle><a:lvl1pPr indent="-342900" lvl="0" marL="457200"><a:spcBef><a:spcPts val="600"/></a:spcBef><a:spcAft><a:spcPts val="0"/></a:spcAft><a:buClr><a:srgbClr val="B7B7B7"/></a:buClr><a:buSzPts val="1800"/><a:buFont typeface="Lato Light"/><a:buChar char="×"/><a:defRPr sz="1800"><a:solidFill><a:srgbClr val="666666"/></a:solidFill><a:latin typeface="Lato Light"/><a:ea typeface="Lato Light"/><a:cs typeface="Lato Light"/><a:sym typeface="Lato Light"/></a:defRPr></a:lvl1pPr><a:lvl2pPr indent="-342900" lvl="1" marL="914400"><a:spcBef><a:spcPts val="0"/></a:spcBef><a:spcAft><a:spcPts val="0"/></a:spcAft><a:buClr><a:srgbClr val="B7B7B7"/></a:buClr><a:buSzPts val="1800"/><a:buFont typeface="Lato Light"/><a:buChar char="×"/><a:defRPr sz="1800"><a:solidFill><a:srgbClr val="666666"/></a:solidFill><a:latin typeface="Lato Light"/><a:ea typeface="Lato Light"/><a:cs typeface="Lato Light"/><a:sym typeface="Lato Light"/></a:defRPr></a:lvl2pPr><a:lvl3pPr indent="-342900" lvl="2" marL="1371600"><a:spcBef><a:spcPts val="0"/></a:spcBef><a:spcAft><a:spcPts val="0"/></a:spcAft><a:buClr><a:srgbClr val="B7B7B7"/></a:buClr><a:buSzPts val="1800"/><a:buFont typeface="Lato Light"/><a:buChar char="×"/><a:defRPr sz="1800"><a:solidFill><a:srgbClr val="666666"/></a:solidFill><a:latin typeface="Lato Light"/><a:ea typeface="Lato Light"/><a:cs typeface="Lato Light"/><a:sym typeface="Lato Light"/></a:defRPr></a:lvl3pPr><a:lvl4pPr indent="-342900" lvl="3" marL="1828800"><a:spcBef><a:spcPts val="0"/></a:spcBef><a:spcAft><a:spcPts val="0"/></a:spcAft><a:buClr><a:srgbClr val="B7B7B7"/></a:buClr><a:buSzPts val="1800"/><a:buFont typeface="Lato Light"/><a:buChar char="×"/><a:defRPr sz="1800"><a:solidFill><a:srgbClr val="666666"/></a:solidFill><a:latin typeface="Lato Light"/><a:ea typeface="Lato Light"/><a:cs typeface="Lato Light"/><a:sym typeface="Lato Light"/></a:defRPr></a:lvl4pPr><a:lvl5pPr indent="-342900" lvl="4" marL="2286000"><a:spcBef><a:spcPts val="0"/></a:spcBef><a:spcAft><a:spcPts val="0"/></a:spcAft><a:buClr><a:srgbClr val="B7B7B7"/></a:buClr><a:buSzPts val="1800"/><a:buFont typeface="Lato Light"/><a:buChar char="○"/><a:defRPr sz="1800"><a:solidFill><a:srgbClr val="666666"/></a:solidFill><a:latin typeface="Lato Light"/><a:ea typeface="Lato Light"/><a:cs typeface="Lato Light"/><a:sym typeface="Lato Light"/></a:defRPr></a:lvl5pPr><a:lvl6pPr indent="-342900" lvl="5" marL="2743200"><a:spcBef><a:spcPts val="0"/></a:spcBef><a:spcAft><a:spcPts val="0"/></a:spcAft><a:buClr><a:srgbClr val="B7B7B7"/></a:buClr><a:buSzPts val="1800"/><a:buFont typeface="Lato Light"/><a:buChar char="■"/><a:defRPr sz="1800"><a:solidFill><a:srgbClr val="666666"/></a:solidFill><a:latin typeface="Lato Light"/><a:ea typeface="Lato Light"/><a:cs typeface="Lato Light"/><a:sym typeface="Lato Light"/></a:defRPr></a:lvl6pPr><a:lvl7pPr indent="-342900" lvl="6" marL="3200400"><a:spcBef><a:spcPts val="0"/></a:spcBef><a:spcAft><a:spcPts val="0"/></a:spcAft><a:buClr><a:srgbClr val="B7B7B7"/></a:buClr><a:buSzPts val="1800"/><a:buFont typeface="Lato Light"/><a:buChar char="●"/><a:defRPr sz="1800"><a:solidFill><a:srgbClr val="666666"/></a:solidFill><a:latin typeface="Lato Light"/><a:ea typeface="Lato Light"/><a:cs typeface="Lato Light"/><a:sym typeface="Lato Light"/></a:defRPr></a:lvl7pPr><a:lvl8pPr indent="-342900" lvl="7" marL="3657600"><a:spcBef><a:spcPts val="0"/></a:spcBef><a:spcAft><a:spcPts val="0"/></a:spcAft><a:buClr><a:srgbClr val="B7B7B7"/></a:buClr><a:buSzPts val="1800"/><a:buFont typeface="Lato Light"/><a:buChar char="○"/><a:defRPr sz="1800"><a:solidFill><a:srgbClr val="666666"/></a:solidFill><a:latin typeface="Lato Light"/><a:ea typeface="Lato Light"/><a:cs typeface="Lato Light"/><a:sym typeface="Lato Light"/></a:defRPr></a:lvl8pPr><a:lvl9pPr indent="-342900" lvl="8" marL="4114800"><a:spcBef><a:spcPts val="0"/></a:spcBef><a:spcAft><a:spcPts val="0"/></a:spcAft><a:buClr><a:srgbClr val="B7B7B7"/></a:buClr><a:buSzPts val="1800"/><a:buFont typeface="Lato Light"/><a:buChar char="■"/><a:defRPr sz="1800"><a:solidFill><a:srgbClr val="666666"/></a:solidFill><a:latin typeface="Lato Light"/><a:ea typeface="Lato Light"/><a:cs typeface="Lato Light"/><a:sym typeface="Lato Light"/></a:defRPr></a:lvl9pPr></a:lstStyle><a:p/></p:txBody></p:sp><p:sp><p:nvSpPr><p:cNvPr id="8" name="Shape 8"/><p:cNvSpPr txBox="1"/><p:nvPr><p:ph idx="12" type="sldNum"/></p:nvPr></p:nvSpPr><p:spPr><a:xfrm><a:off x="8480584" y="4673651"/><a:ext cx="548700" cy="393600"/></a:xfrm><a:prstGeom prst="rect"><a:avLst/></a:prstGeom><a:noFill/><a:ln><a:noFill/></a:ln></p:spPr><p:txBody><a:bodyPr anchorCtr="0" anchor="ctr" bIns="91425" lIns="91425" spcFirstLastPara="1" rIns="91425" wrap="square" tIns="91425"><a:noAutofit/></a:bodyPr><a:lstStyle><a:lvl1pPr lvl="0" algn="r"><a:buNone/><a:defRPr sz="1800"><a:solidFill><a:srgbClr val="FFFFFF"/></a:solidFill><a:latin typeface="Lato Light"/><a:ea typeface="Lato Light"/><a:cs typeface="Lato Light"/><a:sym typeface="Lato Light"/></a:defRPr></a:lvl1pPr><a:lvl2pPr lvl="1" algn="r"><a:buNone/><a:defRPr sz="1800"><a:solidFill><a:srgbClr val="FFFFFF"/></a:solidFill><a:latin typeface="Lato Light"/><a:ea typeface="Lato Light"/><a:cs typeface="Lato Light"/><a:sym typeface="Lato Light"/></a:defRPr></a:lvl2pPr><a:lvl3pPr lvl="2" algn="r"><a:buNone/><a:defRPr sz="1800"><a:solidFill><a:srgbClr val="FFFFFF"/></a:solidFill><a:latin typeface="Lato Light"/><a:ea typeface="Lato Light"/><a:cs typeface="Lato Light"/><a:sym typeface="Lato Light"/></a:defRPr></a:lvl3pPr><a:lvl4pPr lvl="3" algn="r"><a:buNone/><a:defRPr sz="1800"><a:solidFill><a:srgbClr val="FFFFFF"/></a:solidFill><a:latin typeface="Lato Light"/><a:ea typeface="Lato Light"/><a:cs typeface="Lato Light"/><a:sym typeface="Lato Light"/></a:defRPr></a:lvl4pPr><a:lvl5pPr lvl="4" algn="r"><a:buNone/><a:defRPr sz="1800"><a:solidFill><a:srgbClr val="FFFFFF"/></a:solidFill><a:latin typeface="Lato Light"/><a:ea typeface="Lato Light"/><a:cs typeface="Lato Light"/><a:sym typeface="Lato Light"/></a:defRPr></a:lvl5pPr><a:lvl6pPr lvl="5" algn="r"><a:buNone/><a:defRPr sz="1800"><a:solidFill><a:srgbClr val="FFFFFF"/></a:solidFill><a:latin typeface="Lato Light"/><a:ea typeface="Lato Light"/><a:cs typeface="Lato Light"/><a:sym typeface="Lato Light"/></a:defRPr></a:lvl6pPr><a:lvl7pPr lvl="6" algn="r"><a:buNone/><a:defRPr sz="1800"><a:solidFill><a:srgbClr val="FFFFFF"/></a:solidFill><a:latin typeface="Lato Light"/><a:ea typeface="Lato Light"/><a:cs typeface="Lato Light"/><a:sym typeface="Lato Light"/></a:defRPr></a:lvl7pPr><a:lvl8pPr lvl="7" algn="r"><a:buNone/><a:defRPr sz="1800"><a:solidFill><a:srgbClr val="FFFFFF"/></a:solidFill><a:latin typeface="Lato Light"/><a:ea typeface="Lato Light"/><a:cs typeface="Lato Light"/><a:sym typeface="Lato Light"/></a:defRPr></a:lvl8pPr><a:lvl9pPr lvl="8" algn="r"><a:buNone/><a:defRPr sz="1800"><a:solidFill><a:srgbClr val="FFFFFF"/></a:solidFill><a:latin typeface="Lato Light"/><a:ea typeface="Lato Light"/><a:cs typeface="Lato Light"/><a:sym typeface="Lato Light"/></a:defRPr></a:lvl9pPr></a:lstStyle><a:p><a:pPr indent="0" lvl="0" marL="0"><a:spcBef><a:spcPts val="0"/></a:spcBef><a:spcAft><a:spcPts val="0"/></a:spcAft><a:buNone/></a:pPr><a:fld id="{00000000-1234-1234-1234-123412341234}" type="slidenum"><a:rPr lang="en"/><a:t>‹#›</a:t></a:fld><a:endParaRPr/></a:p></p:txBody></p:sp></p:spTree></p:cSld><p:clrMap accent1="accent1" accent2="accent2" accent3="accent3" accent4="accent4" accent5="accent5" accent6="accent6" bg1="lt1" bg2="dk2" tx1="dk1" tx2="lt2" folHlink="folHlink" hlink="hlink"/><p:sldLayoutIdLst><p:sldLayoutId id="2147483648" r:id="rId1"/><p:sldLayoutId id="2147483649" r:id="rId2"/><p:sldLayoutId id="2147483650" r:id="rId3"/><p:sldLayoutId id="2147483651" r:id="rId4"/><p:sldLayoutId id="2147483652" r:id="rId5"/><p:sldLayoutId id="2147483653" r:id="rId6"/><p:sldLayoutId id="2147483654" r:id="rId7"/><p:sldLayoutId id="2147483655" r:id="rId8"/><p:sldLayoutId id="2147483656" r:id="rId9"/><p:sldLayoutId id="2147483657" r:id="rId10"/><p:sldLayoutId id="2147483658" r:id="rId11"/></p:sldLayoutIdLst><p:transition><p:fade thruBlk="1"/></p:transition><p:hf dt="0" ftr="0" hdr="0"/><p:txStyles><p:titleStyle><a:defPPr lvl="0" marR="0" rtl="0" algn="l"><a:lnSpc><a:spcPct val="100000"/></a:lnSpc><a:spcBef><a:spcPts val="0"/></a:spcBef><a:spcAft><a:spcPts val="0"/></a:spcAft></a:defPPr><a:lvl1pPr lvl="0" marR="0" rtl="0" algn="l"><a:lnSpc><a:spcPct val="100000"/></a:lnSpc><a:spcBef><a:spcPts val="0"/></a:spcBef><a:spcAft><a:spcPts val="0"/></a:spcAft><a:buClr><a:srgbClr val="000000"/></a:buClr><a:buFont typeface="Arial"/><a:defRPr b="0" i="0" sz="1400" u="none" cap="none" strike="noStrike"><a:solidFill><a:srgbClr val="000000"/></a:solidFill><a:latin typeface="Arial"/><a:ea typeface="Arial"/><a:cs typeface="Arial"/><a:sym typeface="Arial"/></a:defRPr></a:lvl1pPr><a:lvl2pPr lvl="1" marR="0" rtl="0" algn="l"><a:lnSpc><a:spcPct val="100000"/></a:lnSpc><a:spcBef><a:spcPts val="0"/></a:spcBef><a:spcAft><a:spcPts val="0"/></a:spcAft><a:buClr><a:srgbClr val="000000"/></a:buClr><a:buFont typeface="Arial"/><a:defRPr b="0" i="0" sz="1400" u="none" cap="none" strike="noStrike"><a:solidFill><a:srgbClr val="000000"/></a:solidFill><a:latin typeface="Arial"/><a:ea typeface="Arial"/><a:cs typeface="Arial"/><a:sym typeface="Arial"/></a:defRPr></a:lvl2pPr><a:lvl3pPr lvl="2" marR="0" rtl="0" algn="l"><a:lnSpc><a:spcPct val="100000"/></a:lnSpc><a:spcBef><a:spcPts val="0"/></a:spcBef><a:spcAft><a:spcPts val="0"/></a:spcAft><a:buClr><a:srgbClr val="000000"/></a:buClr><a:buFont typeface="Arial"/><a:defRPr b="0" i="0" sz="1400" u="none" cap="none" strike="noStrike"><a:solidFill><a:srgbClr val="000000"/></a:solidFill><a:latin typeface="Arial"/><a:ea typeface="Arial"/><a:cs typeface="Arial"/><a:sym typeface="Arial"/></a:defRPr></a:lvl3pPr><a:lvl4pPr lvl="3" marR="0" rtl="0" algn="l"><a:lnSpc><a:spcPct val="100000"/></a:lnSpc><a:spcBef><a:spcPts val="0"/></a:spcBef><a:spcAft><a:spcPts val="0"/></a:spcAft><a:buClr><a:srgbClr val="000000"/></a:buClr><a:buFont typeface="Arial"/><a:defRPr b="0" i="0" sz="1400" u="none" cap="none" strike="noStrike"><a:solidFill><a:srgbClr val="000000"/></a:solidFill><a:latin typeface="Arial"/><a:ea typeface="Arial"/><a:cs typeface="Arial"/><a:sym typeface="Arial"/></a:defRPr></a:lvl4pPr><a:lvl5pPr lvl="4" marR="0" rtl="0" algn="l"><a:lnSpc><a:spcPct val="100000"/></a:lnSpc><a:spcBef><a:spcPts val="0"/></a:spcBef><a:spcAft><a:spcPts val="0"/></a:spcAft><a:buClr><a:srgbClr val="000000"/></a:buClr><a:buFont typeface="Arial"/><a:defRPr b="0" i="0" sz="1400" u="none" cap="none" strike="noStrike"><a:solidFill><a:srgbClr val="000000"/></a:solidFill><a:latin typeface="Arial"/><a:ea typeface="Arial"/><a:cs typeface="Arial"/><a:sym typeface="Arial"/></a:defRPr></a:lvl5pPr><a:lvl6pPr lvl="5" marR="0" rtl="0" algn="l"><a:lnSpc><a:spcPct val="100000"/></a:lnSpc><a:spcBef><a:spcPts val="0"/></a:spcBef><a:spcAft><a:spcPts val="0"/></a:spcAft><a:buClr><a:srgbClr val="000000"/></a:buClr><a:buFont typeface="Arial"/><a:defRPr b="0" i="0" sz="1400" u="none" cap="none" strike="noStrike"><a:solidFill><a:srgbClr val="000000"/></a:solidFill><a:latin typeface="Arial"/><a:ea typeface="Arial"/><a:cs typeface="Arial"/><a:sym typeface="Arial"/></a:defRPr></a:lvl6pPr><a:lvl7pPr lvl="6" marR="0" rtl="0" algn="l"><a:lnSpc><a:spcPct val="100000"/></a:lnSpc><a:spcBef><a:spcPts val="0"/></a:spcBef><a:spcAft><a:spcPts val="0"/></a:spcAft><a:buClr><a:srgbClr val="000000"/></a:buClr><a:buFont typeface="Arial"/><a:defRPr b="0" i="0" sz="1400" u="none" cap="none" strike="noStrike"><a:solidFill><a:srgbClr val="000000"/></a:solidFill><a:latin typeface="Arial"/><a:ea typeface="Arial"/><a:cs typeface="Arial"/><a:sym typeface="Arial"/></a:defRPr></a:lvl7pPr><a:lvl8pPr lvl="7" marR="0" rtl="0" algn="l"><a:lnSpc><a:spcPct val="100000"/></a:lnSpc><a:spcBef><a:spcPts val="0"/></a:spcBef><a:spcAft><a:spcPts val="0"/></a:spcAft><a:buClr><a:srgbClr val="000000"/></a:buClr><a:buFont typeface="Arial"/><a:defRPr b="0" i="0" sz="1400" u="none" cap="none" strike="noStrike"><a:solidFill><a:srgbClr val="000000"/></a:solidFill><a:latin typeface="Arial"/><a:ea typeface="Arial"/><a:cs typeface="Arial"/><a:sym typeface="Arial"/></a:defRPr></a:lvl8pPr><a:lvl9pPr lvl="8" marR="0" rtl="0" algn="l"><a:lnSpc><a:spcPct val="100000"/></a:lnSpc><a:spcBef><a:spcPts val="0"/></a:spcBef><a:spcAft><a:spcPts val="0"/></a:spcAft><a:buClr><a:srgbClr val="000000"/></a:buClr><a:buFont typeface="Arial"/><a:defRPr b="0" i="0" sz="1400" u="none" cap="none" strike="noStrike"><a:solidFill><a:srgbClr val="000000"/></a:solidFill><a:latin typeface="Arial"/><a:ea typeface="Arial"/><a:cs typeface="Arial"/><a:sym typeface="Arial"/></a:defRPr></a:lvl9pPr></p:titleStyle><p:bodyStyle><a:defPPr lvl="0" marR="0" rtl="0" algn="l"><a:lnSpc><a:spcPct val="100000"/></a:lnSpc><a:spcBef><a:spcPts val="0"/></a:spcBef><a:spcAft><a:spcPts val="0"/></a:spcAft></a:defPPr><a:lvl1pPr lvl="0" marR="0" rtl="0" algn="l"><a:lnSpc><a:spcPct val="100000"/></a:lnSpc><a:spcBef><a:spcPts val="0"/></a:spcBef><a:spcAft><a:spcPts val="0"/></a:spcAft><a:buClr><a:srgbClr val="000000"/></a:buClr><a:buFont typeface="Arial"/><a:defRPr b="0" i="0" sz="1400" u="none" cap="none" strike="noStrike"><a:solidFill><a:srgbClr val="000000"/></a:solidFill><a:latin typeface="Arial"/><a:ea typeface="Arial"/><a:cs typeface="Arial"/><a:sym typeface="Arial"/></a:defRPr></a:lvl1pPr><a:lvl2pPr lvl="1" marR="0" rtl="0" algn="l"><a:lnSpc><a:spcPct val="100000"/></a:lnSpc><a:spcBef><a:spcPts val="0"/></a:spcBef><a:spcAft><a:spcPts val="0"/></a:spcAft><a:buClr><a:srgbClr val="000000"/></a:buClr><a:buFont typeface="Arial"/><a:defRPr b="0" i="0" sz="1400" u="none" cap="none" strike="noStrike"><a:solidFill><a:srgbClr val="000000"/></a:solidFill><a:latin typeface="Arial"/><a:ea typeface="Arial"/><a:cs typeface="Arial"/><a:sym typeface="Arial"/></a:defRPr></a:lvl2pPr><a:lvl3pPr lvl="2" marR="0" rtl="0" algn="l"><a:lnSpc><a:spcPct val="100000"/></a:lnSpc><a:spcBef><a:spcPts val="0"/></a:spcBef><a:spcAft><a:spcPts val="0"/></a:spcAft><a:buClr><a:srgbClr val="000000"/></a:buClr><a:buFont typeface="Arial"/><a:defRPr b="0" i="0" sz="1400" u="none" cap="none" strike="noStrike"><a:solidFill><a:srgbClr val="000000"/></a:solidFill><a:latin typeface="Arial"/><a:ea typeface="Arial"/><a:cs typeface="Arial"/><a:sym typeface="Arial"/></a:defRPr></a:lvl3pPr><a:lvl4pPr lvl="3" marR="0" rtl="0" algn="l"><a:lnSpc><a:spcPct val="100000"/></a:lnSpc><a:spcBef><a:spcPts val="0"/></a:spcBef><a:spcAft><a:spcPts val="0"/></a:spcAft><a:buClr><a:srgbClr val="000000"/></a:buClr><a:buFont typeface="Arial"/><a:defRPr b="0" i="0" sz="1400" u="none" cap="none" strike="noStrike"><a:solidFill><a:srgbClr val="000000"/></a:solidFill><a:latin typeface="Arial"/><a:ea typeface="Arial"/><a:cs typeface="Arial"/><a:sym typeface="Arial"/></a:defRPr></a:lvl4pPr><a:lvl5pPr lvl="4" marR="0" rtl="0" algn="l"><a:lnSpc><a:spcPct val="100000"/></a:lnSpc><a:spcBef><a:spcPts val="0"/></a:spcBef><a:spcAft><a:spcPts val="0"/></a:spcAft><a:buClr><a:srgbClr val="000000"/></a:buClr><a:buFont typeface="Arial"/><a:defRPr b="0" i="0" sz="1400" u="none" cap="none" strike="noStrike"><a:solidFill><a:srgbClr val="000000"/></a:solidFill><a:latin typeface="Arial"/><a:ea typeface="Arial"/><a:cs typeface="Arial"/><a:sym typeface="Arial"/></a:defRPr></a:lvl5pPr><a:lvl6pPr lvl="5" marR="0" rtl="0" algn="l"><a:lnSpc><a:spcPct val="100000"/></a:lnSpc><a:spcBef><a:spcPts val="0"/></a:spcBef><a:spcAft><a:spcPts val="0"/></a:spcAft><a:buClr><a:srgbClr val="000000"/></a:buClr><a:buFont typeface="Arial"/><a:defRPr b="0" i="0" sz="1400" u="none" cap="none" strike="noStrike"><a:solidFill><a:srgbClr val="000000"/></a:solidFill><a:latin typeface="Arial"/><a:ea typeface="Arial"/><a:cs typeface="Arial"/><a:sym typeface="Arial"/></a:defRPr></a:lvl6pPr><a:lvl7pPr lvl="6" marR="0" rtl="0" algn="l"><a:lnSpc><a:spcPct val="100000"/></a:lnSpc><a:spcBef><a:spcPts val="0"/></a:spcBef><a:spcAft><a:spcPts val="0"/></a:spcAft><a:buClr><a:srgbClr val="000000"/></a:buClr><a:buFont typeface="Arial"/><a:defRPr b="0" i="0" sz="1400" u="none" cap="none" strike="noStrike"><a:solidFill><a:srgbClr val="000000"/></a:solidFill><a:latin typeface="Arial"/><a:ea typeface="Arial"/><a:cs typeface="Arial"/><a:sym typeface="Arial"/></a:defRPr></a:lvl7pPr><a:lvl8pPr lvl="7" marR="0" rtl="0" algn="l"><a:lnSpc><a:spcPct val="100000"/></a:lnSpc><a:spcBef><a:spcPts val="0"/></a:spcBef><a:spcAft><a:spcPts val="0"/></a:spcAft><a:buClr><a:srgbClr val="000000"/></a:buClr><a:buFont typeface="Arial"/><a:defRPr b="0" i="0" sz="1400" u="none" cap="none" strike="noStrike"><a:solidFill><a:srgbClr val="000000"/></a:solidFill><a:latin typeface="Arial"/><a:ea typeface="Arial"/><a:cs typeface="Arial"/><a:sym typeface="Arial"/></a:defRPr></a:lvl8pPr><a:lvl9pPr lvl="8" marR="0" rtl="0" algn="l"><a:lnSpc><a:spcPct val="100000"/></a:lnSpc><a:spcBef><a:spcPts val="0"/></a:spcBef><a:spcAft><a:spcPts val="0"/></a:spcAft><a:buClr><a:srgbClr val="000000"/></a:buClr><a:buFont typeface="Arial"/><a:defRPr b="0" i="0" sz="1400" u="none" cap="none" strike="noStrike"><a:solidFill><a:srgbClr val="000000"/></a:solidFill><a:latin typeface="Arial"/><a:ea typeface="Arial"/><a:cs typeface="Arial"/><a:sym typeface="Arial"/></a:defRPr></a:lvl9pPr></p:bodyStyle><p:otherStyle><a:defPPr lvl="0" marR="0" rtl="0" algn="l"><a:lnSpc><a:spcPct val="100000"/></a:lnSpc><a:spcBef><a:spcPts val="0"/></a:spcBef><a:spcAft><a:spcPts val="0"/></a:spcAft></a:defPPr><a:lvl1pPr lvl="0" marR="0" rtl="0" algn="l"><a:lnSpc><a:spcPct val="100000"/></a:lnSpc><a:spcBef><a:spcPts val="0"/></a:spcBef><a:spcAft><a:spcPts val="0"/></a:spcAft><a:buClr><a:srgbClr val="000000"/></a:buClr><a:buFont typeface="Arial"/><a:defRPr b="0" i="0" sz="1400" u="none" cap="none" strike="noStrike"><a:solidFill><a:srgbClr val="000000"/></a:solidFill><a:latin typeface="Arial"/><a:ea typeface="Arial"/><a:cs typeface="Arial"/><a:sym typeface="Arial"/></a:defRPr></a:lvl1pPr><a:lvl2pPr lvl="1" marR="0" rtl="0" algn="l"><a:lnSpc><a:spcPct val="100000"/></a:lnSpc><a:spcBef><a:spcPts val="0"/></a:spcBef><a:spcAft><a:spcPts val="0"/></a:spcAft><a:buClr><a:srgbClr val="000000"/></a:buClr><a:buFont typeface="Arial"/><a:defRPr b="0" i="0" sz="1400" u="none" cap="none" strike="noStrike"><a:solidFill><a:srgbClr val="000000"/></a:solidFill><a:latin typeface="Arial"/><a:ea typeface="Arial"/><a:cs typeface="Arial"/><a:sym typeface="Arial"/></a:defRPr></a:lvl2pPr><a:lvl3pPr lvl="2" marR="0" rtl="0" algn="l"><a:lnSpc><a:spcPct val="100000"/></a:lnSpc><a:spcBef><a:spcPts val="0"/></a:spcBef><a:spcAft><a:spcPts val="0"/></a:spcAft><a:buClr><a:srgbClr val="000000"/></a:buClr><a:buFont typeface="Arial"/><a:defRPr b="0" i="0" sz="1400" u="none" cap="none" strike="noStrike"><a:solidFill><a:srgbClr val="000000"/></a:solidFill><a:latin typeface="Arial"/><a:ea typeface="Arial"/><a:cs typeface="Arial"/><a:sym typeface="Arial"/></a:defRPr></a:lvl3pPr><a:lvl4pPr lvl="3" marR="0" rtl="0" algn="l"><a:lnSpc><a:spcPct val="100000"/></a:lnSpc><a:spcBef><a:spcPts val="0"/></a:spcBef><a:spcAft><a:spcPts val="0"/></a:spcAft><a:buClr><a:srgbClr val="000000"/></a:buClr><a:buFont typeface="Arial"/><a:defRPr b="0" i="0" sz="1400" u="none" cap="none" strike="noStrike"><a:solidFill><a:srgbClr val="000000"/></a:solidFill><a:latin typeface="Arial"/><a:ea typeface="Arial"/><a:cs typeface="Arial"/><a:sym typeface="Arial"/></a:defRPr></a:lvl4pPr><a:lvl5pPr lvl="4" marR="0" rtl="0" algn="l"><a:lnSpc><a:spcPct val="100000"/></a:lnSpc><a:spcBef><a:spcPts val="0"/></a:spcBef><a:spcAft><a:spcPts val="0"/></a:spcAft><a:buClr><a:srgbClr val="000000"/></a:buClr><a:buFont typeface="Arial"/><a:defRPr b="0" i="0" sz="1400" u="none" cap="none" strike="noStrike"><a:solidFill><a:srgbClr val="000000"/></a:solidFill><a:latin typeface="Arial"/><a:ea typeface="Arial"/><a:cs typeface="Arial"/><a:sym typeface="Arial"/></a:defRPr></a:lvl5pPr><a:lvl6pPr lvl="5" marR="0" rtl="0" algn="l"><a:lnSpc><a:spcPct val="100000"/></a:lnSpc><a:spcBef><a:spcPts val="0"/></a:spcBef><a:spcAft><a:spcPts val="0"/></a:spcAft><a:buClr><a:srgbClr val="000000"/></a:buClr><a:buFont typeface="Arial"/><a:defRPr b="0" i="0" sz="1400" u="none" cap="none" strike="noStrike"><a:solidFill><a:srgbClr val="000000"/></a:solidFill><a:latin typeface="Arial"/><a:ea typeface="Arial"/><a:cs typeface="Arial"/><a:sym typeface="Arial"/></a:defRPr></a:lvl6pPr><a:lvl7pPr lvl="6" marR="0" rtl="0" algn="l"><a:lnSpc><a:spcPct val="100000"/></a:lnSpc><a:spcBef><a:spcPts val="0"/></a:spcBef><a:spcAft><a:spcPts val="0"/></a:spcAft><a:buClr><a:srgbClr val="000000"/></a:buClr><a:buFont typeface="Arial"/><a:defRPr b="0" i="0" sz="1400" u="none" cap="none" strike="noStrike"><a:solidFill><a:srgbClr val="000000"/></a:solidFill><a:latin typeface="Arial"/><a:ea typeface="Arial"/><a:cs typeface="Arial"/><a:sym typeface="Arial"/></a:defRPr></a:lvl7pPr><a:lvl8pPr lvl="7" marR="0" rtl="0" algn="l"><a:lnSpc><a:spcPct val="100000"/></a:lnSpc><a:spcBef><a:spcPts val="0"/></a:spcBef><a:spcAft><a:spcPts val="0"/></a:spcAft><a:buClr><a:srgbClr val="000000"/></a:buClr><a:buFont typeface="Arial"/><a:defRPr b="0" i="0" sz="1400" u="none" cap="none" strike="noStrike"><a:solidFill><a:srgbClr val="000000"/></a:solidFill><a:latin typeface="Arial"/><a:ea typeface="Arial"/><a:cs typeface="Arial"/><a:sym typeface="Arial"/></a:defRPr></a:lvl8pPr><a:lvl9pPr lvl="8" marR="0" rtl="0" algn="l"><a:lnSpc><a:spcPct val="100000"/></a:lnSpc><a:spcBef><a:spcPts val="0"/></a:spcBef><a:spcAft><a:spcPts val="0"/></a:spcAft><a:buClr><a:srgbClr val="000000"/></a:buClr><a:buFont typeface="Arial"/><a:defRPr b="0" i="0" sz="1400" u="none" cap="none" strike="noStrike"><a:solidFill><a:srgbClr val="000000"/></a:solidFill><a:latin typeface="Arial"/><a:ea typeface="Arial"/><a:cs typeface="Arial"/><a:sym typeface="Arial"/></a:defRPr></a:lvl9pPr></p:otherStyle></p:txStyles></p:sldMaster>