<?xml version="1.0" encoding="UTF-8" standalone="yes"?>
<p:sldMaster xmlns:a="http://schemas.openxmlformats.org/drawingml/2006/main" xmlns:r="http://schemas.openxmlformats.org/officeDocument/2006/relationships" xmlns:p="http://schemas.openxmlformats.org/presentationml/2006/main"><p:cSld><p:bg><p:bgRef idx="1003"><a:schemeClr val="bg1"/></p:bgRef></p:bg><p:spTree><p:nvGrpSpPr><p:cNvPr id="1" name=""/><p:cNvGrpSpPr/><p:nvPr/></p:nvGrpSpPr><p:grpSpPr><a:xfrm><a:off x="0" y="0"/><a:ext cx="0" cy="0"/><a:chOff x="0" y="0"/><a:chExt cx="0" cy="0"/></a:xfrm></p:grpSpPr><p:pic><p:nvPicPr><p:cNvPr id="7" name="Picture 6" descr="Brickwork-HD-R1a.jpg"/><p:cNvPicPr><a:picLocks noChangeAspect="1"/></p:cNvPicPr><p:nvPr/></p:nvPicPr><p:blipFill><a:blip r:embed="rId19"><a:extLst><a:ext uri="{28A0092B-C50C-407E-A947-70E740481C1C}"><a14:useLocalDpi xmlns:a14="http://schemas.microsoft.com/office/drawing/2010/main" val="0"/></a:ext></a:extLst></a:blip><a:stretch><a:fillRect/></a:stretch></p:blipFill><p:spPr><a:xfrm><a:off x="0" y="0"/><a:ext cx="12192000" cy="6858000"/></a:xfrm><a:prstGeom prst="rect"><a:avLst/></a:prstGeom></p:spPr></p:pic><p:grpSp><p:nvGrpSpPr><p:cNvPr id="10" name="Group 9"/><p:cNvGrpSpPr/><p:nvPr/></p:nvGrpSpPr><p:grpSpPr><a:xfrm><a:off x="-25397" y="0"/><a:ext cx="12005350" cy="6644081"/><a:chOff x="-25397" y="0"/><a:chExt cx="12005350" cy="6644081"/></a:xfrm></p:grpSpPr><p:sp useBgFill="1"><p:nvSpPr><p:cNvPr id="11" name="Rectangle 10"/><p:cNvSpPr/><p:nvPr/></p:nvSpPr><p:spPr><a:xfrm><a:off x="1" y="0"/><a:ext cx="11979952" cy="6644081"/></a:xfrm><a:prstGeom prst="rect"><a:avLst/></a:prstGeom><a:ln><a:noFill/></a:ln><a:effectLst><a:outerShdw blurRad="98425" dist="76200" dir="4380000" algn="tl" rotWithShape="0"><a:srgbClr val="000000"><a:alpha val="68000"/></a:srgbClr></a:outerShdw></a:effectLst></p:spPr><p:style><a:lnRef idx="1"><a:schemeClr val="accent1"/></a:lnRef><a:fillRef idx="3"><a:schemeClr val="accent1"/></a:fillRef><a:effectRef idx="2"><a:schemeClr val="accent1"/></a:effectRef><a:fontRef idx="minor"><a:schemeClr val="lt1"/></a:fontRef></p:style></p:sp><p:sp><p:nvSpPr><p:cNvPr id="12" name="Freeform 11"/><p:cNvSpPr/><p:nvPr/></p:nvSpPr><p:spPr><a:xfrm><a:off x="-25397" y="0"/><a:ext cx="11773291" cy="6419514"/></a:xfrm><a:custGeom><a:avLst/><a:gdLst/><a:ahLst/><a:cxnLst/><a:rect l="l" t="t" r="r" b="b"/><a:pathLst><a:path w="11773291" h="6419514"><a:moveTo><a:pt x="11750059" y="0"/></a:moveTo><a:lnTo><a:pt x="11773291" y="6419514"/></a:lnTo><a:lnTo><a:pt x="0" y="6411047"/></a:lnTo></a:path></a:pathLst></a:custGeom><a:ln w="82550"><a:solidFill><a:schemeClr val="tx1"><a:lumMod val="50000"/><a:lumOff val="50000"/></a:schemeClr></a:solidFill><a:miter lim="800000"/></a:ln></p:spPr><p:style><a:lnRef idx="2"><a:schemeClr val="accent1"/></a:lnRef><a:fillRef idx="0"><a:schemeClr val="accent1"/></a:fillRef><a:effectRef idx="1"><a:schemeClr val="accent1"/></a:effectRef><a:fontRef idx="minor"><a:schemeClr val="tx1"/></a:fontRef></p:style></p:sp><p:sp><p:nvSpPr><p:cNvPr id="13" name="Rectangle 12"/><p:cNvSpPr/><p:nvPr/></p:nvSpPr><p:spPr><a:xfrm><a:off x="1" y="5600215"/><a:ext cx="11706512" cy="780581"/></a:xfrm><a:prstGeom prst="rect"><a:avLst/></a:prstGeom><a:gradFill flip="none" rotWithShape="1"><a:gsLst><a:gs pos="34000"><a:schemeClr val="accent1"/></a:gs><a:gs pos="100000"><a:schemeClr val="accent1"><a:lumMod val="50000"/></a:schemeClr></a:gs></a:gsLst><a:path path="circle"><a:fillToRect l="50000" t="50000" r="50000" b="50000"/></a:path><a:tileRect/></a:gradFill><a:ln><a:noFill/></a:ln></p:spPr><p:style><a:lnRef idx="1"><a:schemeClr val="accent1"/></a:lnRef><a:fillRef idx="3"><a:schemeClr val="accent1"/></a:fillRef><a:effectRef idx="2"><a:schemeClr val="accent1"/></a:effectRef><a:fontRef idx="minor"><a:schemeClr val="lt1"/></a:fontRef></p:style></p:sp></p:grpSp><p:sp><p:nvSpPr><p:cNvPr id="2" name="Title Placeholder 1"/><p:cNvSpPr><a:spLocks noGrp="1"/></p:cNvSpPr><p:nvPr><p:ph type="title"/></p:nvPr></p:nvSpPr><p:spPr><a:xfrm><a:off x="685801" y="685800"/><a:ext cx="10396882" cy="1151965"/></a:xfrm><a:prstGeom prst="rect"><a:avLst/></a:prstGeom></p:spPr><p:txBody><a:bodyPr vert="horz" lIns="91440" tIns="45720" rIns="91440" bIns="45720" rtlCol="0" anchor="ctr"><a:normAutofit/></a:bodyPr><a:lstStyle/><a:p><a:r><a:rPr lang="es-ES"/><a:t>Haga clic para modificar el estilo de título del patrón</a:t></a:r><a:endParaRPr lang="en-US" dirty="0"/></a:p></p:txBody></p:sp><p:sp><p:nvSpPr><p:cNvPr id="3" name="Text Placeholder 2"/><p:cNvSpPr><a:spLocks noGrp="1"/></p:cNvSpPr><p:nvPr><p:ph type="body" idx="1"/></p:nvPr></p:nvSpPr><p:spPr><a:xfrm><a:off x="685800" y="2063396"/><a:ext cx="10396883" cy="3311189"/></a:xfrm><a:prstGeom prst="rect"><a:avLst/></a:prstGeom></p:spPr><p:txBody><a:bodyPr vert="horz" lIns="91440" tIns="45720" rIns="91440" bIns="45720" rtlCol="0" anchor="ctr"><a:normAutofit/></a:bodyPr><a:lstStyle/><a:p><a:pPr lvl="0"/><a:r><a:rPr lang="es-ES"/><a:t>Editar los estilos de texto del patrón</a:t></a:r></a:p><a:p><a:pPr lvl="1"/><a:r><a:rPr lang="es-ES"/><a:t>Segundo nivel</a:t></a:r></a:p><a:p><a:pPr lvl="2"/><a:r><a:rPr lang="es-ES"/><a:t>Tercer nivel</a:t></a:r></a:p><a:p><a:pPr lvl="3"/><a:r><a:rPr lang="es-ES"/><a:t>Cuarto nivel</a:t></a:r></a:p><a:p><a:pPr lvl="4"/><a:r><a:rPr lang="es-ES"/><a:t>Quinto nivel</a:t></a:r><a:endParaRPr lang="en-US" dirty="0"/></a:p></p:txBody></p:sp><p:sp><p:nvSpPr><p:cNvPr id="4" name="Date Placeholder 3"/><p:cNvSpPr><a:spLocks noGrp="1"/></p:cNvSpPr><p:nvPr><p:ph type="dt" sz="half" idx="2"/></p:nvPr></p:nvSpPr><p:spPr><a:xfrm><a:off x="7298083" y="5757334"/><a:ext cx="3784600" cy="498470"/></a:xfrm><a:prstGeom prst="rect"><a:avLst/></a:prstGeom></p:spPr><p:txBody><a:bodyPr vert="horz" lIns="91440" tIns="45720" rIns="91440" bIns="45720" rtlCol="0" anchor="ctr"/><a:lstStyle><a:lvl1pPr algn="r"><a:defRPr sz="3200" cap="all" baseline="0"><a:solidFill><a:schemeClr val="accent1"><a:lumMod val="60000"/><a:lumOff val="40000"/></a:schemeClr></a:solidFill></a:defRPr></a:lvl1pPr></a:lstStyle><a:p><a:fld id="{863C9A6D-E680-44CD-951E-CE37632503E6}" type="datetimeFigureOut"><a:rPr lang="es-419" smtClean="0"/><a:t>16/5/2018</a:t></a:fld><a:endParaRPr lang="es-419"/></a:p></p:txBody></p:sp><p:sp><p:nvSpPr><p:cNvPr id="5" name="Footer Placeholder 4"/><p:cNvSpPr><a:spLocks noGrp="1"/></p:cNvSpPr><p:nvPr><p:ph type="ftr" sz="quarter" idx="3"/></p:nvPr></p:nvSpPr><p:spPr><a:xfrm><a:off x="685801" y="5757334"/><a:ext cx="5499719" cy="498470"/></a:xfrm><a:prstGeom prst="rect"><a:avLst/></a:prstGeom></p:spPr><p:txBody><a:bodyPr vert="horz" lIns="91440" tIns="45720" rIns="91440" bIns="45720" rtlCol="0" anchor="ctr"/><a:lstStyle><a:lvl1pPr algn="l"><a:defRPr sz="3200" cap="all" baseline="0"><a:solidFill><a:schemeClr val="accent1"><a:lumMod val="60000"/><a:lumOff val="40000"/></a:schemeClr></a:solidFill></a:defRPr></a:lvl1pPr></a:lstStyle><a:p><a:endParaRPr lang="es-419"/></a:p></p:txBody></p:sp><p:sp><p:nvSpPr><p:cNvPr id="6" name="Slide Number Placeholder 5"/><p:cNvSpPr><a:spLocks noGrp="1"/></p:cNvSpPr><p:nvPr><p:ph type="sldNum" sz="quarter" idx="4"/></p:nvPr></p:nvSpPr><p:spPr><a:xfrm><a:off x="6287121" y="5757334"/><a:ext cx="907186" cy="498470"/></a:xfrm><a:prstGeom prst="rect"><a:avLst/></a:prstGeom></p:spPr><p:txBody><a:bodyPr vert="horz" lIns="91440" tIns="45720" rIns="91440" bIns="45720" rtlCol="0" anchor="ctr"/><a:lstStyle><a:lvl1pPr algn="ctr"><a:defRPr sz="3200" cap="all" baseline="0"><a:solidFill><a:schemeClr val="accent1"><a:lumMod val="60000"/><a:lumOff val="40000"/></a:schemeClr></a:solidFill></a:defRPr></a:lvl1pPr></a:lstStyle><a:p><a:fld id="{429EA623-7ED6-4CF1-B6D0-70E8425C971F}" type="slidenum"><a:rPr lang="es-419" smtClean="0"/><a:t>‹Nº›</a:t></a:fld><a:endParaRPr lang="es-419"/></a:p></p:txBody></p:sp></p:spTree><p:extLst><p:ext uri="{BB962C8B-B14F-4D97-AF65-F5344CB8AC3E}"><p14:creationId xmlns:p14="http://schemas.microsoft.com/office/powerpoint/2010/main" val="4080543262"/></p:ext></p:extLst></p:cSld><p:clrMap bg1="lt1" tx1="dk1" bg2="lt2" tx2="dk2" accent1="accent1" accent2="accent2" accent3="accent3" accent4="accent4" accent5="accent5" accent6="accent6" hlink="hlink" folHlink="folHlink"/><p:sldLayoutIdLst><p:sldLayoutId id="2147483679" r:id="rId1"/><p:sldLayoutId id="2147483680" r:id="rId2"/><p:sldLayoutId id="2147483681" r:id="rId3"/><p:sldLayoutId id="2147483682" r:id="rId4"/><p:sldLayoutId id="2147483683" r:id="rId5"/><p:sldLayoutId id="2147483684" r:id="rId6"/><p:sldLayoutId id="2147483685" r:id="rId7"/><p:sldLayoutId id="2147483686" r:id="rId8"/><p:sldLayoutId id="2147483687" r:id="rId9"/><p:sldLayoutId id="2147483688" r:id="rId10"/><p:sldLayoutId id="2147483689" r:id="rId11"/><p:sldLayoutId id="2147483690" r:id="rId12"/><p:sldLayoutId id="2147483691" r:id="rId13"/><p:sldLayoutId id="2147483692" r:id="rId14"/><p:sldLayoutId id="2147483693" r:id="rId15"/><p:sldLayoutId id="2147483694" r:id="rId16"/><p:sldLayoutId id="2147483695" r:id="rId17"/></p:sldLayoutIdLst><p:txStyles><p:titleStyle><a:lvl1pPr algn="l" defTabSz="914400" rtl="0" eaLnBrk="1" latinLnBrk="0" hangingPunct="1"><a:lnSpc><a:spcPct val="90000"/></a:lnSpc><a:spcBef><a:spcPct val="0"/></a:spcBef><a:buNone/><a:defRPr sz="5400" kern="1200" cap="all" baseline="0"><a:solidFill><a:schemeClr val="accent1"><a:lumMod val="60000"/><a:lumOff val="40000"/></a:schemeClr></a:solidFill><a:effectLst/><a:latin typeface="+mj-lt"/><a:ea typeface="+mj-ea"/><a:cs typeface="+mj-cs"/></a:defRPr></a:lvl1pPr></p:titleStyle><p:bodyStyle><a:lvl1pPr marL="228600" indent="-228600" algn="l" defTabSz="914400" rtl="0" eaLnBrk="1" latinLnBrk="0" hangingPunct="1"><a:lnSpc><a:spcPct val="120000"/></a:lnSpc><a:spcBef><a:spcPts val="1000"/></a:spcBef><a:buClr><a:schemeClr val="accent1"><a:lumMod val="60000"/><a:lumOff val="40000"/></a:schemeClr></a:buClr><a:buSzPct val="160000"/><a:buFont typeface="Arial" panose="020B0604020202020204" pitchFamily="34" charset="0"/><a:buChar char="•"/><a:defRPr sz="2000" kern="1200" cap="all" baseline="0"><a:solidFill><a:schemeClr val="tx1"/></a:solidFill><a:effectLst/><a:latin typeface="+mn-lt"/><a:ea typeface="+mn-ea"/><a:cs typeface="+mn-cs"/></a:defRPr></a:lvl1pPr><a:lvl2pPr marL="685800" indent="-228600" algn="l" defTabSz="914400" rtl="0" eaLnBrk="1" latinLnBrk="0" hangingPunct="1"><a:lnSpc><a:spcPct val="120000"/></a:lnSpc><a:spcBef><a:spcPts val="500"/></a:spcBef><a:buClr><a:schemeClr val="accent1"><a:lumMod val="60000"/><a:lumOff val="40000"/></a:schemeClr></a:buClr><a:buSzPct val="160000"/><a:buFont typeface="Arial" panose="020B0604020202020204" pitchFamily="34" charset="0"/><a:buChar char="•"/><a:defRPr sz="1800" kern="1200" cap="all" baseline="0"><a:solidFill><a:schemeClr val="tx1"/></a:solidFill><a:effectLst/><a:latin typeface="+mn-lt"/><a:ea typeface="+mn-ea"/><a:cs typeface="+mn-cs"/></a:defRPr></a:lvl2pPr><a:lvl3pPr marL="1143000" indent="-228600" algn="l" defTabSz="914400" rtl="0" eaLnBrk="1" latinLnBrk="0" hangingPunct="1"><a:lnSpc><a:spcPct val="120000"/></a:lnSpc><a:spcBef><a:spcPts val="500"/></a:spcBef><a:buClr><a:schemeClr val="accent1"><a:lumMod val="60000"/><a:lumOff val="40000"/></a:schemeClr></a:buClr><a:buSzPct val="160000"/><a:buFont typeface="Arial" panose="020B0604020202020204" pitchFamily="34" charset="0"/><a:buChar char="•"/><a:defRPr sz="1600" kern="1200" cap="all" baseline="0"><a:solidFill><a:schemeClr val="tx1"/></a:solidFill><a:effectLst/><a:latin typeface="+mn-lt"/><a:ea typeface="+mn-ea"/><a:cs typeface="+mn-cs"/></a:defRPr></a:lvl3pPr><a:lvl4pPr marL="1600200" indent="-228600" algn="l" defTabSz="914400" rtl="0" eaLnBrk="1" latinLnBrk="0" hangingPunct="1"><a:lnSpc><a:spcPct val="120000"/></a:lnSpc><a:spcBef><a:spcPts val="500"/></a:spcBef><a:buClr><a:schemeClr val="accent1"><a:lumMod val="60000"/><a:lumOff val="40000"/></a:schemeClr></a:buClr><a:buSzPct val="160000"/><a:buFont typeface="Arial" panose="020B0604020202020204" pitchFamily="34" charset="0"/><a:buChar char="•"/><a:defRPr sz="1400" kern="1200" cap="all" baseline="0"><a:solidFill><a:schemeClr val="tx1"/></a:solidFill><a:effectLst/><a:latin typeface="+mn-lt"/><a:ea typeface="+mn-ea"/><a:cs typeface="+mn-cs"/></a:defRPr></a:lvl4pPr><a:lvl5pPr marL="2057400" indent="-228600" algn="l" defTabSz="914400" rtl="0" eaLnBrk="1" latinLnBrk="0" hangingPunct="1"><a:lnSpc><a:spcPct val="120000"/></a:lnSpc><a:spcBef><a:spcPts val="500"/></a:spcBef><a:buClr><a:schemeClr val="accent1"><a:lumMod val="60000"/><a:lumOff val="40000"/></a:schemeClr></a:buClr><a:buSzPct val="160000"/><a:buFont typeface="Arial" panose="020B0604020202020204" pitchFamily="34" charset="0"/><a:buChar char="•"/><a:defRPr sz="1400" kern="1200" cap="all" baseline="0"><a:solidFill><a:schemeClr val="tx1"/></a:solidFill><a:effectLst/><a:latin typeface="+mn-lt"/><a:ea typeface="+mn-ea"/><a:cs typeface="+mn-cs"/></a:defRPr></a:lvl5pPr><a:lvl6pPr marL="2514600" indent="-228600" algn="l" defTabSz="914400" rtl="0" eaLnBrk="1" latinLnBrk="0" hangingPunct="1"><a:lnSpc><a:spcPct val="120000"/></a:lnSpc><a:spcBef><a:spcPts val="500"/></a:spcBef><a:buClr><a:schemeClr val="accent1"><a:lumMod val="60000"/><a:lumOff val="40000"/></a:schemeClr></a:buClr><a:buSzPct val="160000"/><a:buFont typeface="Arial" panose="020B0604020202020204" pitchFamily="34" charset="0"/><a:buChar char="•"/><a:defRPr sz="1400" kern="1200" cap="all" baseline="0"><a:solidFill><a:schemeClr val="tx1"/></a:solidFill><a:effectLst/><a:latin typeface="+mn-lt"/><a:ea typeface="+mn-ea"/><a:cs typeface="+mn-cs"/></a:defRPr></a:lvl6pPr><a:lvl7pPr marL="2971800" indent="-228600" algn="l" defTabSz="914400" rtl="0" eaLnBrk="1" latinLnBrk="0" hangingPunct="1"><a:lnSpc><a:spcPct val="120000"/></a:lnSpc><a:spcBef><a:spcPts val="500"/></a:spcBef><a:buClr><a:schemeClr val="accent1"><a:lumMod val="60000"/><a:lumOff val="40000"/></a:schemeClr></a:buClr><a:buSzPct val="160000"/><a:buFont typeface="Arial" panose="020B0604020202020204" pitchFamily="34" charset="0"/><a:buChar char="•"/><a:defRPr sz="1400" kern="1200" cap="all" baseline="0"><a:solidFill><a:schemeClr val="tx1"/></a:solidFill><a:effectLst/><a:latin typeface="+mn-lt"/><a:ea typeface="+mn-ea"/><a:cs typeface="+mn-cs"/></a:defRPr></a:lvl7pPr><a:lvl8pPr marL="3429000" indent="-228600" algn="l" defTabSz="914400" rtl="0" eaLnBrk="1" latinLnBrk="0" hangingPunct="1"><a:lnSpc><a:spcPct val="120000"/></a:lnSpc><a:spcBef><a:spcPts val="500"/></a:spcBef><a:buClr><a:schemeClr val="accent1"><a:lumMod val="60000"/><a:lumOff val="40000"/></a:schemeClr></a:buClr><a:buSzPct val="160000"/><a:buFont typeface="Arial" panose="020B0604020202020204" pitchFamily="34" charset="0"/><a:buChar char="•"/><a:defRPr sz="1400" kern="1200" cap="all" baseline="0"><a:solidFill><a:schemeClr val="tx1"/></a:solidFill><a:effectLst/><a:latin typeface="+mn-lt"/><a:ea typeface="+mn-ea"/><a:cs typeface="+mn-cs"/></a:defRPr></a:lvl8pPr><a:lvl9pPr marL="3886200" indent="-228600" algn="l" defTabSz="914400" rtl="0" eaLnBrk="1" latinLnBrk="0" hangingPunct="1"><a:lnSpc><a:spcPct val="120000"/></a:lnSpc><a:spcBef><a:spcPts val="500"/></a:spcBef><a:buClr><a:schemeClr val="accent1"><a:lumMod val="60000"/><a:lumOff val="40000"/></a:schemeClr></a:buClr><a:buSzPct val="160000"/><a:buFont typeface="Arial" panose="020B0604020202020204" pitchFamily="34" charset="0"/><a:buChar char="•"/><a:defRPr sz="1400" kern="1200" cap="all" baseline="0"><a:solidFill><a:schemeClr val="tx1"/></a:solidFill><a:effectLst/><a:latin typeface="+mn-lt"/><a:ea typeface="+mn-ea"/><a:cs typeface="+mn-cs"/></a:defRPr></a:lvl9pPr></p:bodyStyle><p:otherStyle><a:defPPr><a:defRPr lang="en-US"/></a:defPPr><a:lvl1pPr marL="0" algn="l" defTabSz="914400" rtl="0" eaLnBrk="1" latinLnBrk="0" hangingPunct="1"><a:defRPr sz="1800" kern="1200"><a:solidFill><a:schemeClr val="tx1"/></a:solidFill><a:latin typeface="+mn-lt"/><a:ea typeface="+mn-ea"/><a:cs typeface="+mn-cs"/></a:defRPr></a:lvl1pPr><a:lvl2pPr marL="457200" algn="l" defTabSz="914400" rtl="0" eaLnBrk="1" latinLnBrk="0" hangingPunct="1"><a:defRPr sz="1800" kern="1200"><a:solidFill><a:schemeClr val="tx1"/></a:solidFill><a:latin typeface="+mn-lt"/><a:ea typeface="+mn-ea"/><a:cs typeface="+mn-cs"/></a:defRPr></a:lvl2pPr><a:lvl3pPr marL="914400" algn="l" defTabSz="914400" rtl="0" eaLnBrk="1" latinLnBrk="0" hangingPunct="1"><a:defRPr sz="1800" kern="1200"><a:solidFill><a:schemeClr val="tx1"/></a:solidFill><a:latin typeface="+mn-lt"/><a:ea typeface="+mn-ea"/><a:cs typeface="+mn-cs"/></a:defRPr></a:lvl3pPr><a:lvl4pPr marL="1371600" algn="l" defTabSz="914400" rtl="0" eaLnBrk="1" latinLnBrk="0" hangingPunct="1"><a:defRPr sz="1800" kern="1200"><a:solidFill><a:schemeClr val="tx1"/></a:solidFill><a:latin typeface="+mn-lt"/><a:ea typeface="+mn-ea"/><a:cs typeface="+mn-cs"/></a:defRPr></a:lvl4pPr><a:lvl5pPr marL="1828800" algn="l" defTabSz="914400" rtl="0" eaLnBrk="1" latinLnBrk="0" hangingPunct="1"><a:defRPr sz="1800" kern="1200"><a:solidFill><a:schemeClr val="tx1"/></a:solidFill><a:latin typeface="+mn-lt"/><a:ea typeface="+mn-ea"/><a:cs typeface="+mn-cs"/></a:defRPr></a:lvl5pPr><a:lvl6pPr marL="2286000" algn="l" defTabSz="914400" rtl="0" eaLnBrk="1" latinLnBrk="0" hangingPunct="1"><a:defRPr sz="1800" kern="1200"><a:solidFill><a:schemeClr val="tx1"/></a:solidFill><a:latin typeface="+mn-lt"/><a:ea typeface="+mn-ea"/><a:cs typeface="+mn-cs"/></a:defRPr></a:lvl6pPr><a:lvl7pPr marL="2743200" algn="l" defTabSz="914400" rtl="0" eaLnBrk="1" latinLnBrk="0" hangingPunct="1"><a:defRPr sz="1800" kern="1200"><a:solidFill><a:schemeClr val="tx1"/></a:solidFill><a:latin typeface="+mn-lt"/><a:ea typeface="+mn-ea"/><a:cs typeface="+mn-cs"/></a:defRPr></a:lvl7pPr><a:lvl8pPr marL="3200400" algn="l" defTabSz="914400" rtl="0" eaLnBrk="1" latinLnBrk="0" hangingPunct="1"><a:defRPr sz="1800" kern="1200"><a:solidFill><a:schemeClr val="tx1"/></a:solidFill><a:latin typeface="+mn-lt"/><a:ea typeface="+mn-ea"/><a:cs typeface="+mn-cs"/></a:defRPr></a:lvl8pPr><a:lvl9pPr marL="3657600" algn="l" defTabSz="914400" rtl="0" eaLnBrk="1" latinLnBrk="0" hangingPunct="1"><a:defRPr sz="1800" kern="1200"><a:solidFill><a:schemeClr val="tx1"/></a:solidFill><a:latin typeface="+mn-lt"/><a:ea typeface="+mn-ea"/><a:cs typeface="+mn-cs"/></a:defRPr></a:lvl9pPr></p:otherStyle></p:txStyles></p:sldMaster>