<?xml version="1.0" encoding="UTF-8" standalone="yes"?><p:notesMaster xmlns:a="http://schemas.openxmlformats.org/drawingml/2006/main" xmlns:r="http://schemas.openxmlformats.org/officeDocument/2006/relationships" xmlns:mc="http://schemas.openxmlformats.org/markup-compatibility/2006" xmlns:mv="urn:schemas-microsoft-com:mac:vml" xmlns:p="http://schemas.openxmlformats.org/presentationml/2006/main" xmlns:c="http://schemas.openxmlformats.org/drawingml/2006/chart" xmlns:dgm="http://schemas.openxmlformats.org/drawingml/2006/diagram" xmlns:o="urn:schemas-microsoft-com:office:office" xmlns:v="urn:schemas-microsoft-com:vml" xmlns:pvml="urn:schemas-microsoft-com:office:powerpoint" xmlns:com="http://schemas.openxmlformats.org/drawingml/2006/compatibility" xmlns:p14="http://schemas.microsoft.com/office/powerpoint/2010/main" xmlns:p15="http://schemas.microsoft.com/office/powerpoint/2012/main"><p:cSld><p:spTree><p:nvGrpSpPr><p:cNvPr id="2" name="Shape 2"/><p:cNvGrpSpPr/><p:nvPr/></p:nvGrpSpPr><p:grpSpPr><a:xfrm><a:off x="0" y="0"/><a:ext cx="0" cy="0"/><a:chOff x="0" y="0"/><a:chExt cx="0" cy="0"/></a:xfrm></p:grpSpPr><p:sp><p:nvSpPr><p:cNvPr id="3" name="Shape 3"/><p:cNvSpPr/><p:nvPr><p:ph idx="2" type="sldImg"/></p:nvPr></p:nvSpPr><p:spPr><a:xfrm><a:off x="381175" y="685800"/><a:ext cx="6096300" cy="3429000"/></a:xfrm><a:custGeom><a:pathLst><a:path extrusionOk="0" h="120000" w="120000"><a:moveTo><a:pt x="0" y="0"/></a:moveTo><a:lnTo><a:pt x="120000" y="0"/></a:lnTo><a:lnTo><a:pt x="120000" y="120000"/></a:lnTo><a:lnTo><a:pt x="0" y="120000"/></a:lnTo><a:close/></a:path></a:pathLst></a:custGeom><a:noFill/><a:ln cap="flat" cmpd="sng" w="9525"><a:solidFill><a:srgbClr val="000000"/></a:solidFill><a:prstDash val="solid"/><a:round/><a:headEnd len="sm" w="sm" type="none"/><a:tailEnd len="sm" w="sm" type="none"/></a:ln></p:spPr></p:sp><p:sp><p:nvSpPr><p:cNvPr id="4" name="Shape 4"/><p:cNvSpPr txBox="1"/><p:nvPr><p:ph idx="1" type="body"/></p:nvPr></p:nvSpPr><p:spPr><a:xfrm><a:off x="685800" y="4343400"/><a:ext cx="5486400" cy="4114800"/></a:xfrm><a:prstGeom prst="rect"><a:avLst/></a:prstGeom><a:noFill/><a:ln><a:noFill/></a:ln></p:spPr><p:txBody><a:bodyPr anchorCtr="0" anchor="t" bIns="91425" lIns="91425" spcFirstLastPara="1" rIns="91425" wrap="square" tIns="91425"/><a:lstStyle><a:lvl1pPr indent="-317500" lvl="0" marL="457200"><a:spcBef><a:spcPts val="0"/></a:spcBef><a:spcAft><a:spcPts val="0"/></a:spcAft><a:buSzPts val="1400"/><a:buChar char="●"/><a:defRPr sz="1100"/></a:lvl1pPr><a:lvl2pPr indent="-317500" lvl="1" marL="914400"><a:spcBef><a:spcPts val="0"/></a:spcBef><a:spcAft><a:spcPts val="0"/></a:spcAft><a:buSzPts val="1400"/><a:buChar char="○"/><a:defRPr sz="1100"/></a:lvl2pPr><a:lvl3pPr indent="-317500" lvl="2" marL="1371600"><a:spcBef><a:spcPts val="0"/></a:spcBef><a:spcAft><a:spcPts val="0"/></a:spcAft><a:buSzPts val="1400"/><a:buChar char="■"/><a:defRPr sz="1100"/></a:lvl3pPr><a:lvl4pPr indent="-317500" lvl="3" marL="1828800"><a:spcBef><a:spcPts val="0"/></a:spcBef><a:spcAft><a:spcPts val="0"/></a:spcAft><a:buSzPts val="1400"/><a:buChar char="●"/><a:defRPr sz="1100"/></a:lvl4pPr><a:lvl5pPr indent="-317500" lvl="4" marL="2286000"><a:spcBef><a:spcPts val="0"/></a:spcBef><a:spcAft><a:spcPts val="0"/></a:spcAft><a:buSzPts val="1400"/><a:buChar char="○"/><a:defRPr sz="1100"/></a:lvl5pPr><a:lvl6pPr indent="-317500" lvl="5" marL="2743200"><a:spcBef><a:spcPts val="0"/></a:spcBef><a:spcAft><a:spcPts val="0"/></a:spcAft><a:buSzPts val="1400"/><a:buChar char="■"/><a:defRPr sz="1100"/></a:lvl6pPr><a:lvl7pPr indent="-317500" lvl="6" marL="3200400"><a:spcBef><a:spcPts val="0"/></a:spcBef><a:spcAft><a:spcPts val="0"/></a:spcAft><a:buSzPts val="1400"/><a:buChar char="●"/><a:defRPr sz="1100"/></a:lvl7pPr><a:lvl8pPr indent="-317500" lvl="7" marL="3657600"><a:spcBef><a:spcPts val="0"/></a:spcBef><a:spcAft><a:spcPts val="0"/></a:spcAft><a:buSzPts val="1400"/><a:buChar char="○"/><a:defRPr sz="1100"/></a:lvl8pPr><a:lvl9pPr indent="-317500" lvl="8" marL="4114800"><a:spcBef><a:spcPts val="0"/></a:spcBef><a:spcAft><a:spcPts val="0"/></a:spcAft><a:buSzPts val="1400"/><a:buChar char="■"/><a:defRPr sz="1100"/></a:lvl9pPr></a:lstStyle><a:p/></p:txBody></p:sp></p:spTree></p:cSld><p:clrMap accent1="accent1" accent2="accent2" accent3="accent3" accent4="accent4" accent5="accent5" accent6="accent6" bg1="lt1" bg2="dk2" tx1="dk1" tx2="lt2" folHlink="folHlink" hlink="hlink"/><p:notesStyle><a:defPPr lvl="0" marR="0" rtl="0" algn="l"><a:lnSpc><a:spcPct val="100000"/></a:lnSpc><a:spcBef><a:spcPts val="0"/></a:spcBef><a:spcAft><a:spcPts val="0"/></a:spcAft></a:defPPr><a:lvl1pPr lvl="0" marR="0" rtl="0" algn="l"><a:lnSpc><a:spcPct val="100000"/></a:lnSpc><a:spcBef><a:spcPts val="0"/></a:spcBef><a:spcAft><a:spcPts val="0"/></a:spcAft><a:buClr><a:srgbClr val="000000"/></a:buClr><a:buFont typeface="Arial"/><a:defRPr b="0" i="0" sz="1400" u="none" cap="none" strike="noStrike"><a:solidFill><a:srgbClr val="000000"/></a:solidFill><a:latin typeface="Arial"/><a:ea typeface="Arial"/><a:cs typeface="Arial"/><a:sym typeface="Arial"/></a:defRPr></a:lvl1pPr><a:lvl2pPr lvl="1" marR="0" rtl="0" algn="l"><a:lnSpc><a:spcPct val="100000"/></a:lnSpc><a:spcBef><a:spcPts val="0"/></a:spcBef><a:spcAft><a:spcPts val="0"/></a:spcAft><a:buClr><a:srgbClr val="000000"/></a:buClr><a:buFont typeface="Arial"/><a:defRPr b="0" i="0" sz="1400" u="none" cap="none" strike="noStrike"><a:solidFill><a:srgbClr val="000000"/></a:solidFill><a:latin typeface="Arial"/><a:ea typeface="Arial"/><a:cs typeface="Arial"/><a:sym typeface="Arial"/></a:defRPr></a:lvl2pPr><a:lvl3pPr lvl="2" marR="0" rtl="0" algn="l"><a:lnSpc><a:spcPct val="100000"/></a:lnSpc><a:spcBef><a:spcPts val="0"/></a:spcBef><a:spcAft><a:spcPts val="0"/></a:spcAft><a:buClr><a:srgbClr val="000000"/></a:buClr><a:buFont typeface="Arial"/><a:defRPr b="0" i="0" sz="1400" u="none" cap="none" strike="noStrike"><a:solidFill><a:srgbClr val="000000"/></a:solidFill><a:latin typeface="Arial"/><a:ea typeface="Arial"/><a:cs typeface="Arial"/><a:sym typeface="Arial"/></a:defRPr></a:lvl3pPr><a:lvl4pPr lvl="3" marR="0" rtl="0" algn="l"><a:lnSpc><a:spcPct val="100000"/></a:lnSpc><a:spcBef><a:spcPts val="0"/></a:spcBef><a:spcAft><a:spcPts val="0"/></a:spcAft><a:buClr><a:srgbClr val="000000"/></a:buClr><a:buFont typeface="Arial"/><a:defRPr b="0" i="0" sz="1400" u="none" cap="none" strike="noStrike"><a:solidFill><a:srgbClr val="000000"/></a:solidFill><a:latin typeface="Arial"/><a:ea typeface="Arial"/><a:cs typeface="Arial"/><a:sym typeface="Arial"/></a:defRPr></a:lvl4pPr><a:lvl5pPr lvl="4" marR="0" rtl="0" algn="l"><a:lnSpc><a:spcPct val="100000"/></a:lnSpc><a:spcBef><a:spcPts val="0"/></a:spcBef><a:spcAft><a:spcPts val="0"/></a:spcAft><a:buClr><a:srgbClr val="000000"/></a:buClr><a:buFont typeface="Arial"/><a:defRPr b="0" i="0" sz="1400" u="none" cap="none" strike="noStrike"><a:solidFill><a:srgbClr val="000000"/></a:solidFill><a:latin typeface="Arial"/><a:ea typeface="Arial"/><a:cs typeface="Arial"/><a:sym typeface="Arial"/></a:defRPr></a:lvl5pPr><a:lvl6pPr lvl="5" marR="0" rtl="0" algn="l"><a:lnSpc><a:spcPct val="100000"/></a:lnSpc><a:spcBef><a:spcPts val="0"/></a:spcBef><a:spcAft><a:spcPts val="0"/></a:spcAft><a:buClr><a:srgbClr val="000000"/></a:buClr><a:buFont typeface="Arial"/><a:defRPr b="0" i="0" sz="1400" u="none" cap="none" strike="noStrike"><a:solidFill><a:srgbClr val="000000"/></a:solidFill><a:latin typeface="Arial"/><a:ea typeface="Arial"/><a:cs typeface="Arial"/><a:sym typeface="Arial"/></a:defRPr></a:lvl6pPr><a:lvl7pPr lvl="6" marR="0" rtl="0" algn="l"><a:lnSpc><a:spcPct val="100000"/></a:lnSpc><a:spcBef><a:spcPts val="0"/></a:spcBef><a:spcAft><a:spcPts val="0"/></a:spcAft><a:buClr><a:srgbClr val="000000"/></a:buClr><a:buFont typeface="Arial"/><a:defRPr b="0" i="0" sz="1400" u="none" cap="none" strike="noStrike"><a:solidFill><a:srgbClr val="000000"/></a:solidFill><a:latin typeface="Arial"/><a:ea typeface="Arial"/><a:cs typeface="Arial"/><a:sym typeface="Arial"/></a:defRPr></a:lvl7pPr><a:lvl8pPr lvl="7" marR="0" rtl="0" algn="l"><a:lnSpc><a:spcPct val="100000"/></a:lnSpc><a:spcBef><a:spcPts val="0"/></a:spcBef><a:spcAft><a:spcPts val="0"/></a:spcAft><a:buClr><a:srgbClr val="000000"/></a:buClr><a:buFont typeface="Arial"/><a:defRPr b="0" i="0" sz="1400" u="none" cap="none" strike="noStrike"><a:solidFill><a:srgbClr val="000000"/></a:solidFill><a:latin typeface="Arial"/><a:ea typeface="Arial"/><a:cs typeface="Arial"/><a:sym typeface="Arial"/></a:defRPr></a:lvl8pPr><a:lvl9pPr lvl="8" marR="0" rtl="0" algn="l"><a:lnSpc><a:spcPct val="100000"/></a:lnSpc><a:spcBef><a:spcPts val="0"/></a:spcBef><a:spcAft><a:spcPts val="0"/></a:spcAft><a:buClr><a:srgbClr val="000000"/></a:buClr><a:buFont typeface="Arial"/><a:defRPr b="0" i="0" sz="1400" u="none" cap="none" strike="noStrike"><a:solidFill><a:srgbClr val="000000"/></a:solidFill><a:latin typeface="Arial"/><a:ea typeface="Arial"/><a:cs typeface="Arial"/><a:sym typeface="Arial"/></a:defRPr></a:lvl9pPr></p:notesStyle></p:notesMaster>