<?xml version="1.0" encoding="UTF-8" standalone="yes"?>
<p:sldLayout xmlns:a="http://schemas.openxmlformats.org/drawingml/2006/main" xmlns:r="http://schemas.openxmlformats.org/officeDocument/2006/relationships" xmlns:p="http://schemas.openxmlformats.org/presentationml/2006/main" type="twoTxTwoObj" preserve="1"><p:cSld name="Comparación"><p:spTree><p:nvGrpSpPr><p:cNvPr id="1" name=""/><p:cNvGrpSpPr/><p:nvPr/></p:nvGrpSpPr><p:grpSpPr><a:xfrm><a:off x="0" y="0"/><a:ext cx="0" cy="0"/><a:chOff x="0" y="0"/><a:chExt cx="0" cy="0"/></a:xfrm></p:grpSpPr><p:sp><p:nvSpPr><p:cNvPr id="14" name="Title 1"/><p:cNvSpPr><a:spLocks noGrp="1"/></p:cNvSpPr><p:nvPr><p:ph type="title"/></p:nvPr></p:nvSpPr><p:spPr><a:xfrm><a:off x="685801" y="685800"/><a:ext cx="10394707" cy="1158140"/></a:xfrm></p:spPr><p:txBody><a:bodyPr/><a:lstStyle/><a:p><a:r><a:rPr lang="es-ES"/><a:t>Haga clic para modificar el estilo de título del patrón</a:t></a:r><a:endParaRPr lang="en-US" dirty="0"/></a:p></p:txBody></p:sp><p:sp><p:nvSpPr><p:cNvPr id="3" name="Text Placeholder 2"/><p:cNvSpPr><a:spLocks noGrp="1"/></p:cNvSpPr><p:nvPr><p:ph type="body" idx="1"/></p:nvPr></p:nvSpPr><p:spPr><a:xfrm><a:off x="918356" y="2063396"/><a:ext cx="4856158" cy="679994"/></a:xfrm></p:spPr><p:txBody><a:bodyPr anchor="b"><a:noAutofit/></a:bodyPr><a:lstStyle><a:lvl1pPr marL="0" indent="0"><a:lnSpc><a:spcPct val="90000"/></a:lnSpc><a:buNone/><a:defRPr sz="2600" b="0"><a:solidFill><a:schemeClr val="accent1"/></a:solidFill></a:defRPr></a:lvl1pPr><a:lvl2pPr marL="457200" indent="0"><a:buNone/><a:defRPr sz="2000" b="1"/></a:lvl2pPr><a:lvl3pPr marL="914400" indent="0"><a:buNone/><a:defRPr sz="1800" b="1"/></a:lvl3pPr><a:lvl4pPr marL="1371600" indent="0"><a:buNone/><a:defRPr sz="1600" b="1"/></a:lvl4pPr><a:lvl5pPr marL="1828800" indent="0"><a:buNone/><a:defRPr sz="1600" b="1"/></a:lvl5pPr><a:lvl6pPr marL="2286000" indent="0"><a:buNone/><a:defRPr sz="1600" b="1"/></a:lvl6pPr><a:lvl7pPr marL="2743200" indent="0"><a:buNone/><a:defRPr sz="1600" b="1"/></a:lvl7pPr><a:lvl8pPr marL="3200400" indent="0"><a:buNone/><a:defRPr sz="1600" b="1"/></a:lvl8pPr><a:lvl9pPr marL="3657600" indent="0"><a:buNone/><a:defRPr sz="1600" b="1"/></a:lvl9pPr></a:lstStyle><a:p><a:pPr lvl="0"/><a:r><a:rPr lang="es-ES"/><a:t>Editar los estilos de texto del patrón</a:t></a:r></a:p></p:txBody></p:sp><p:sp><p:nvSpPr><p:cNvPr id="12" name="Content Placeholder 3"/><p:cNvSpPr><a:spLocks noGrp="1"/></p:cNvSpPr><p:nvPr><p:ph sz="quarter" idx="13"/></p:nvPr></p:nvSpPr><p:spPr><a:xfrm><a:off x="685802" y="2861733"/><a:ext cx="5088712" cy="2512852"/></a:xfrm></p:spPr><p:txBody><a:bodyPr anchor="t"/><a:lstStyle/><a:p><a:pPr lvl="0"/><a:r><a:rPr lang="es-ES"/><a:t>Editar los estilos de texto del patrón</a:t></a:r></a:p><a:p><a:pPr lvl="1"/><a:r><a:rPr lang="es-ES"/><a:t>Segundo nivel</a:t></a:r></a:p><a:p><a:pPr lvl="2"/><a:r><a:rPr lang="es-ES"/><a:t>Tercer nivel</a:t></a:r></a:p><a:p><a:pPr lvl="3"/><a:r><a:rPr lang="es-ES"/><a:t>Cuarto nivel</a:t></a:r></a:p><a:p><a:pPr lvl="4"/><a:r><a:rPr lang="es-ES"/><a:t>Quinto nivel</a:t></a:r><a:endParaRPr lang="en-US" dirty="0"/></a:p></p:txBody></p:sp><p:sp><p:nvSpPr><p:cNvPr id="5" name="Text Placeholder 4"/><p:cNvSpPr><a:spLocks noGrp="1"/></p:cNvSpPr><p:nvPr><p:ph type="body" sz="quarter" idx="3"/></p:nvPr></p:nvSpPr><p:spPr><a:xfrm><a:off x="6218191" y="2063396"/><a:ext cx="4864491" cy="679994"/></a:xfrm></p:spPr><p:txBody><a:bodyPr anchor="b"><a:noAutofit/></a:bodyPr><a:lstStyle><a:lvl1pPr marL="0" indent="0"><a:lnSpc><a:spcPct val="90000"/></a:lnSpc><a:buNone/><a:defRPr sz="2600" b="0"><a:solidFill><a:schemeClr val="accent1"/></a:solidFill></a:defRPr></a:lvl1pPr><a:lvl2pPr marL="457200" indent="0"><a:buNone/><a:defRPr sz="2000" b="1"/></a:lvl2pPr><a:lvl3pPr marL="914400" indent="0"><a:buNone/><a:defRPr sz="1800" b="1"/></a:lvl3pPr><a:lvl4pPr marL="1371600" indent="0"><a:buNone/><a:defRPr sz="1600" b="1"/></a:lvl4pPr><a:lvl5pPr marL="1828800" indent="0"><a:buNone/><a:defRPr sz="1600" b="1"/></a:lvl5pPr><a:lvl6pPr marL="2286000" indent="0"><a:buNone/><a:defRPr sz="1600" b="1"/></a:lvl6pPr><a:lvl7pPr marL="2743200" indent="0"><a:buNone/><a:defRPr sz="1600" b="1"/></a:lvl7pPr><a:lvl8pPr marL="3200400" indent="0"><a:buNone/><a:defRPr sz="1600" b="1"/></a:lvl8pPr><a:lvl9pPr marL="3657600" indent="0"><a:buNone/><a:defRPr sz="1600" b="1"/></a:lvl9pPr></a:lstStyle><a:p><a:pPr lvl="0"/><a:r><a:rPr lang="es-ES"/><a:t>Editar los estilos de texto del patrón</a:t></a:r></a:p></p:txBody></p:sp><p:sp><p:nvSpPr><p:cNvPr id="13" name="Content Placeholder 5"/><p:cNvSpPr><a:spLocks noGrp="1"/></p:cNvSpPr><p:nvPr><p:ph sz="quarter" idx="14"/></p:nvPr></p:nvSpPr><p:spPr><a:xfrm><a:off x="5993969" y="2861733"/><a:ext cx="5088713" cy="2512852"/></a:xfrm></p:spPr><p:txBody><a:bodyPr anchor="t"/><a:lstStyle/><a:p><a:pPr lvl="0"/><a:r><a:rPr lang="es-ES"/><a:t>Editar los estilos de texto del patrón</a:t></a:r></a:p><a:p><a:pPr lvl="1"/><a:r><a:rPr lang="es-ES"/><a:t>Segundo nivel</a:t></a:r></a:p><a:p><a:pPr lvl="2"/><a:r><a:rPr lang="es-ES"/><a:t>Tercer nivel</a:t></a:r></a:p><a:p><a:pPr lvl="3"/><a:r><a:rPr lang="es-ES"/><a:t>Cuarto nivel</a:t></a:r></a:p><a:p><a:pPr lvl="4"/><a:r><a:rPr lang="es-ES"/><a:t>Quinto nivel</a:t></a:r><a:endParaRPr lang="en-US" dirty="0"/></a:p></p:txBody></p:sp><p:sp><p:nvSpPr><p:cNvPr id="7" name="Date Placeholder 6"/><p:cNvSpPr><a:spLocks noGrp="1"/></p:cNvSpPr><p:nvPr><p:ph type="dt" sz="half" idx="10"/></p:nvPr></p:nvSpPr><p:spPr/><p:txBody><a:bodyPr/><a:lstStyle/><a:p><a:fld id="{863C9A6D-E680-44CD-951E-CE37632503E6}" type="datetimeFigureOut"><a:rPr lang="es-419" smtClean="0"/><a:t>16/5/2018</a:t></a:fld><a:endParaRPr lang="es-419"/></a:p></p:txBody></p:sp><p:sp><p:nvSpPr><p:cNvPr id="8" name="Footer Placeholder 7"/><p:cNvSpPr><a:spLocks noGrp="1"/></p:cNvSpPr><p:nvPr><p:ph type="ftr" sz="quarter" idx="11"/></p:nvPr></p:nvSpPr><p:spPr/><p:txBody><a:bodyPr/><a:lstStyle/><a:p><a:endParaRPr lang="es-419"/></a:p></p:txBody></p:sp><p:sp><p:nvSpPr><p:cNvPr id="9" name="Slide Number Placeholder 8"/><p:cNvSpPr><a:spLocks noGrp="1"/></p:cNvSpPr><p:nvPr><p:ph type="sldNum" sz="quarter" idx="12"/></p:nvPr></p:nvSpPr><p:spPr/><p:txBody><a:bodyPr/><a:lstStyle/><a:p><a:fld id="{429EA623-7ED6-4CF1-B6D0-70E8425C971F}" type="slidenum"><a:rPr lang="es-419" smtClean="0"/><a:t>‹Nº›</a:t></a:fld><a:endParaRPr lang="es-419"/></a:p></p:txBody></p:sp></p:spTree><p:extLst><p:ext uri="{BB962C8B-B14F-4D97-AF65-F5344CB8AC3E}"><p14:creationId xmlns:p14="http://schemas.microsoft.com/office/powerpoint/2010/main" val="830008591"/></p:ext></p:extLst></p:cSld><p:clrMapOvr><a:masterClrMapping/></p:clrMapOvr></p:sldLayout>