<?xml version="1.0" encoding="UTF-8" standalone="yes"?>
<p:sldLayout xmlns:a="http://schemas.openxmlformats.org/drawingml/2006/main" xmlns:r="http://schemas.openxmlformats.org/officeDocument/2006/relationships" xmlns:p="http://schemas.openxmlformats.org/presentationml/2006/main" preserve="1"><p:cSld name="Columna de imagen 3"><p:spTree><p:nvGrpSpPr><p:cNvPr id="1" name=""/><p:cNvGrpSpPr/><p:nvPr/></p:nvGrpSpPr><p:grpSpPr><a:xfrm><a:off x="0" y="0"/><a:ext cx="0" cy="0"/><a:chOff x="0" y="0"/><a:chExt cx="0" cy="0"/></a:xfrm></p:grpSpPr><p:sp><p:nvSpPr><p:cNvPr id="30" name="Title 1"/><p:cNvSpPr><a:spLocks noGrp="1"/></p:cNvSpPr><p:nvPr><p:ph type="title"/></p:nvPr></p:nvSpPr><p:spPr><a:xfrm><a:off x="685801" y="685800"/><a:ext cx="10396882" cy="1151965"/></a:xfrm></p:spPr><p:txBody><a:bodyPr/><a:lstStyle><a:lvl1pPr algn="ctr"><a:defRPr/></a:lvl1pPr></a:lstStyle><a:p><a:r><a:rPr lang="es-ES"/><a:t>Haga clic para modificar el estilo de título del patrón</a:t></a:r><a:endParaRPr lang="en-US" dirty="0"/></a:p></p:txBody></p:sp><p:sp><p:nvSpPr><p:cNvPr id="19" name="Text Placeholder 2"/><p:cNvSpPr><a:spLocks noGrp="1"/></p:cNvSpPr><p:nvPr><p:ph type="body" idx="1"/></p:nvPr></p:nvSpPr><p:spPr><a:xfrm><a:off x="691840" y="3813025"/><a:ext cx="3310128" cy="576262"/></a:xfrm></p:spPr><p:txBody><a:bodyPr anchor="b"><a:noAutofit/></a:bodyPr><a:lstStyle><a:lvl1pPr marL="0" indent="0" algn="ctr"><a:lnSpc><a:spcPct val="90000"/></a:lnSpc><a:buNone/><a:defRPr sz="2200" b="0"><a:solidFill><a:schemeClr val="accent1"/></a:solidFill></a:defRPr></a:lvl1pPr><a:lvl2pPr marL="457200" indent="0"><a:buNone/><a:defRPr sz="2000" b="1"/></a:lvl2pPr><a:lvl3pPr marL="914400" indent="0"><a:buNone/><a:defRPr sz="1800" b="1"/></a:lvl3pPr><a:lvl4pPr marL="1371600" indent="0"><a:buNone/><a:defRPr sz="1600" b="1"/></a:lvl4pPr><a:lvl5pPr marL="1828800" indent="0"><a:buNone/><a:defRPr sz="1600" b="1"/></a:lvl5pPr><a:lvl6pPr marL="2286000" indent="0"><a:buNone/><a:defRPr sz="1600" b="1"/></a:lvl6pPr><a:lvl7pPr marL="2743200" indent="0"><a:buNone/><a:defRPr sz="1600" b="1"/></a:lvl7pPr><a:lvl8pPr marL="3200400" indent="0"><a:buNone/><a:defRPr sz="1600" b="1"/></a:lvl8pPr><a:lvl9pPr marL="3657600" indent="0"><a:buNone/><a:defRPr sz="1600" b="1"/></a:lvl9pPr></a:lstStyle><a:p><a:pPr lvl="0"/><a:r><a:rPr lang="es-ES"/><a:t>Editar los estilos de texto del patrón</a:t></a:r></a:p></p:txBody></p:sp><p:sp><p:nvSpPr><p:cNvPr id="20" name="Picture Placeholder 2"/><p:cNvSpPr><a:spLocks noGrp="1" noChangeAspect="1"/></p:cNvSpPr><p:nvPr><p:ph type="pic" idx="15"/></p:nvPr></p:nvSpPr><p:spPr><a:xfrm><a:off x="685780" y="2063395"/><a:ext cx="3310128" cy="1536725"/></a:xfrm><a:prstGeom prst="roundRect"><a:avLst><a:gd name="adj" fmla="val 0"/></a:avLst></a:prstGeom><a:ln w="57150" cmpd="thinThick"><a:solidFill><a:schemeClr val="bg1"><a:lumMod val="50000"/></a:schemeClr></a:solidFill><a:miter lim="800000"/></a:ln></p:spPr><p:txBody><a:bodyPr anchor="t"><a:normAutofit/></a:bodyPr><a:lstStyle><a:lvl1pPr marL="0" indent="0" algn="ctr"><a:buNone/><a:defRPr sz="1600"/></a:lvl1pPr><a:lvl2pPr marL="457200" indent="0"><a:buNone/><a:defRPr sz="1600"/></a:lvl2pPr><a:lvl3pPr marL="914400" indent="0"><a:buNone/><a:defRPr sz="1600"/></a:lvl3pPr><a:lvl4pPr marL="1371600" indent="0"><a:buNone/><a:defRPr sz="1600"/></a:lvl4pPr><a:lvl5pPr marL="1828800" indent="0"><a:buNone/><a:defRPr sz="1600"/></a:lvl5pPr><a:lvl6pPr marL="2286000" indent="0"><a:buNone/><a:defRPr sz="1600"/></a:lvl6pPr><a:lvl7pPr marL="2743200" indent="0"><a:buNone/><a:defRPr sz="1600"/></a:lvl7pPr><a:lvl8pPr marL="3200400" indent="0"><a:buNone/><a:defRPr sz="1600"/></a:lvl8pPr><a:lvl9pPr marL="3657600" indent="0"><a:buNone/><a:defRPr sz="1600"/></a:lvl9pPr></a:lstStyle><a:p><a:r><a:rPr lang="es-ES"/><a:t>Haga clic en el icono para agregar una imagen</a:t></a:r><a:endParaRPr lang="en-US" dirty="0"/></a:p></p:txBody></p:sp><p:sp><p:nvSpPr><p:cNvPr id="21" name="Text Placeholder 3"/><p:cNvSpPr><a:spLocks noGrp="1"/></p:cNvSpPr><p:nvPr><p:ph type="body" sz="half" idx="18"/></p:nvPr></p:nvSpPr><p:spPr><a:xfrm><a:off x="691840" y="4389287"/><a:ext cx="3310128" cy="985299"/></a:xfrm></p:spPr><p:txBody><a:bodyPr anchor="t"><a:normAutofit/></a:bodyPr><a:lstStyle><a:lvl1pPr marL="0" indent="0" algn="ctr"><a:buNone/><a:defRPr sz="1400"/></a:lvl1pPr><a:lvl2pPr marL="457200" indent="0"><a:buNone/><a:defRPr sz="1200"/></a:lvl2pPr><a:lvl3pPr marL="914400" indent="0"><a:buNone/><a:defRPr sz="1000"/></a:lvl3pPr><a:lvl4pPr marL="1371600" indent="0"><a:buNone/><a:defRPr sz="900"/></a:lvl4pPr><a:lvl5pPr marL="1828800" indent="0"><a:buNone/><a:defRPr sz="900"/></a:lvl5pPr><a:lvl6pPr marL="2286000" indent="0"><a:buNone/><a:defRPr sz="900"/></a:lvl6pPr><a:lvl7pPr marL="2743200" indent="0"><a:buNone/><a:defRPr sz="900"/></a:lvl7pPr><a:lvl8pPr marL="3200400" indent="0"><a:buNone/><a:defRPr sz="900"/></a:lvl8pPr><a:lvl9pPr marL="3657600" indent="0"><a:buNone/><a:defRPr sz="900"/></a:lvl9pPr></a:lstStyle><a:p><a:pPr lvl="0"/><a:r><a:rPr lang="es-ES"/><a:t>Editar los estilos de texto del patrón</a:t></a:r></a:p></p:txBody></p:sp><p:sp><p:nvSpPr><p:cNvPr id="22" name="Text Placeholder 4"/><p:cNvSpPr><a:spLocks noGrp="1"/></p:cNvSpPr><p:nvPr><p:ph type="body" sz="quarter" idx="3"/></p:nvPr></p:nvSpPr><p:spPr><a:xfrm><a:off x="4237410" y="3813025"/><a:ext cx="3310128" cy="576262"/></a:xfrm></p:spPr><p:txBody><a:bodyPr anchor="b"><a:noAutofit/></a:bodyPr><a:lstStyle><a:lvl1pPr marL="0" indent="0" algn="ctr"><a:lnSpc><a:spcPct val="90000"/></a:lnSpc><a:buNone/><a:defRPr sz="2200" b="0"><a:solidFill><a:schemeClr val="accent1"/></a:solidFill></a:defRPr></a:lvl1pPr><a:lvl2pPr marL="457200" indent="0"><a:buNone/><a:defRPr sz="2000" b="1"/></a:lvl2pPr><a:lvl3pPr marL="914400" indent="0"><a:buNone/><a:defRPr sz="1800" b="1"/></a:lvl3pPr><a:lvl4pPr marL="1371600" indent="0"><a:buNone/><a:defRPr sz="1600" b="1"/></a:lvl4pPr><a:lvl5pPr marL="1828800" indent="0"><a:buNone/><a:defRPr sz="1600" b="1"/></a:lvl5pPr><a:lvl6pPr marL="2286000" indent="0"><a:buNone/><a:defRPr sz="1600" b="1"/></a:lvl6pPr><a:lvl7pPr marL="2743200" indent="0"><a:buNone/><a:defRPr sz="1600" b="1"/></a:lvl7pPr><a:lvl8pPr marL="3200400" indent="0"><a:buNone/><a:defRPr sz="1600" b="1"/></a:lvl8pPr><a:lvl9pPr marL="3657600" indent="0"><a:buNone/><a:defRPr sz="1600" b="1"/></a:lvl9pPr></a:lstStyle><a:p><a:pPr lvl="0"/><a:r><a:rPr lang="es-ES"/><a:t>Editar los estilos de texto del patrón</a:t></a:r></a:p></p:txBody></p:sp><p:sp><p:nvSpPr><p:cNvPr id="23" name="Picture Placeholder 2"/><p:cNvSpPr><a:spLocks noGrp="1" noChangeAspect="1"/></p:cNvSpPr><p:nvPr><p:ph type="pic" idx="21"/></p:nvPr></p:nvSpPr><p:spPr><a:xfrm><a:off x="4235999" y="2063395"/><a:ext cx="3310128" cy="1535237"/></a:xfrm><a:prstGeom prst="roundRect"><a:avLst><a:gd name="adj" fmla="val 0"/></a:avLst></a:prstGeom><a:ln w="57150" cmpd="thinThick"><a:solidFill><a:schemeClr val="bg1"><a:lumMod val="50000"/></a:schemeClr></a:solidFill><a:miter lim="800000"/></a:ln></p:spPr><p:txBody><a:bodyPr anchor="t"><a:normAutofit/></a:bodyPr><a:lstStyle><a:lvl1pPr marL="0" indent="0" algn="ctr"><a:buNone/><a:defRPr sz="1600"/></a:lvl1pPr><a:lvl2pPr marL="457200" indent="0"><a:buNone/><a:defRPr sz="1600"/></a:lvl2pPr><a:lvl3pPr marL="914400" indent="0"><a:buNone/><a:defRPr sz="1600"/></a:lvl3pPr><a:lvl4pPr marL="1371600" indent="0"><a:buNone/><a:defRPr sz="1600"/></a:lvl4pPr><a:lvl5pPr marL="1828800" indent="0"><a:buNone/><a:defRPr sz="1600"/></a:lvl5pPr><a:lvl6pPr marL="2286000" indent="0"><a:buNone/><a:defRPr sz="1600"/></a:lvl6pPr><a:lvl7pPr marL="2743200" indent="0"><a:buNone/><a:defRPr sz="1600"/></a:lvl7pPr><a:lvl8pPr marL="3200400" indent="0"><a:buNone/><a:defRPr sz="1600"/></a:lvl8pPr><a:lvl9pPr marL="3657600" indent="0"><a:buNone/><a:defRPr sz="1600"/></a:lvl9pPr></a:lstStyle><a:p><a:r><a:rPr lang="es-ES"/><a:t>Haga clic en el icono para agregar una imagen</a:t></a:r><a:endParaRPr lang="en-US" dirty="0"/></a:p></p:txBody></p:sp><p:sp><p:nvSpPr><p:cNvPr id="24" name="Text Placeholder 3"/><p:cNvSpPr><a:spLocks noGrp="1"/></p:cNvSpPr><p:nvPr><p:ph type="body" sz="half" idx="19"/></p:nvPr></p:nvSpPr><p:spPr><a:xfrm><a:off x="4235999" y="4389286"/><a:ext cx="3310128" cy="985300"/></a:xfrm></p:spPr><p:txBody><a:bodyPr anchor="t"><a:normAutofit/></a:bodyPr><a:lstStyle><a:lvl1pPr marL="0" indent="0" algn="ctr"><a:buNone/><a:defRPr sz="1400"/></a:lvl1pPr><a:lvl2pPr marL="457200" indent="0"><a:buNone/><a:defRPr sz="1200"/></a:lvl2pPr><a:lvl3pPr marL="914400" indent="0"><a:buNone/><a:defRPr sz="1000"/></a:lvl3pPr><a:lvl4pPr marL="1371600" indent="0"><a:buNone/><a:defRPr sz="900"/></a:lvl4pPr><a:lvl5pPr marL="1828800" indent="0"><a:buNone/><a:defRPr sz="900"/></a:lvl5pPr><a:lvl6pPr marL="2286000" indent="0"><a:buNone/><a:defRPr sz="900"/></a:lvl6pPr><a:lvl7pPr marL="2743200" indent="0"><a:buNone/><a:defRPr sz="900"/></a:lvl7pPr><a:lvl8pPr marL="3200400" indent="0"><a:buNone/><a:defRPr sz="900"/></a:lvl8pPr><a:lvl9pPr marL="3657600" indent="0"><a:buNone/><a:defRPr sz="900"/></a:lvl9pPr></a:lstStyle><a:p><a:pPr lvl="0"/><a:r><a:rPr lang="es-ES"/><a:t>Editar los estilos de texto del patrón</a:t></a:r></a:p></p:txBody></p:sp><p:sp><p:nvSpPr><p:cNvPr id="25" name="Text Placeholder 4"/><p:cNvSpPr><a:spLocks noGrp="1"/></p:cNvSpPr><p:nvPr><p:ph type="body" sz="quarter" idx="13"/></p:nvPr></p:nvSpPr><p:spPr><a:xfrm><a:off x="7768944" y="3813025"/><a:ext cx="3310128" cy="576262"/></a:xfrm></p:spPr><p:txBody><a:bodyPr anchor="b"><a:noAutofit/></a:bodyPr><a:lstStyle><a:lvl1pPr marL="0" indent="0" algn="ctr"><a:lnSpc><a:spcPct val="90000"/></a:lnSpc><a:buNone/><a:defRPr sz="2200" b="0"><a:solidFill><a:schemeClr val="accent1"/></a:solidFill></a:defRPr></a:lvl1pPr><a:lvl2pPr marL="457200" indent="0"><a:buNone/><a:defRPr sz="2000" b="1"/></a:lvl2pPr><a:lvl3pPr marL="914400" indent="0"><a:buNone/><a:defRPr sz="1800" b="1"/></a:lvl3pPr><a:lvl4pPr marL="1371600" indent="0"><a:buNone/><a:defRPr sz="1600" b="1"/></a:lvl4pPr><a:lvl5pPr marL="1828800" indent="0"><a:buNone/><a:defRPr sz="1600" b="1"/></a:lvl5pPr><a:lvl6pPr marL="2286000" indent="0"><a:buNone/><a:defRPr sz="1600" b="1"/></a:lvl6pPr><a:lvl7pPr marL="2743200" indent="0"><a:buNone/><a:defRPr sz="1600" b="1"/></a:lvl7pPr><a:lvl8pPr marL="3200400" indent="0"><a:buNone/><a:defRPr sz="1600" b="1"/></a:lvl8pPr><a:lvl9pPr marL="3657600" indent="0"><a:buNone/><a:defRPr sz="1600" b="1"/></a:lvl9pPr></a:lstStyle><a:p><a:pPr lvl="0"/><a:r><a:rPr lang="es-ES"/><a:t>Editar los estilos de texto del patrón</a:t></a:r></a:p></p:txBody></p:sp><p:sp><p:nvSpPr><p:cNvPr id="26" name="Picture Placeholder 2"/><p:cNvSpPr><a:spLocks noGrp="1" noChangeAspect="1"/></p:cNvSpPr><p:nvPr><p:ph type="pic" idx="22"/></p:nvPr></p:nvSpPr><p:spPr><a:xfrm><a:off x="7768819" y="2063394"/><a:ext cx="3310128" cy="1537196"/></a:xfrm><a:prstGeom prst="roundRect"><a:avLst><a:gd name="adj" fmla="val 0"/></a:avLst></a:prstGeom><a:ln w="57150" cmpd="thinThick"><a:solidFill><a:schemeClr val="bg1"><a:lumMod val="50000"/></a:schemeClr></a:solidFill><a:miter lim="800000"/></a:ln></p:spPr><p:txBody><a:bodyPr anchor="t"><a:normAutofit/></a:bodyPr><a:lstStyle><a:lvl1pPr marL="0" indent="0" algn="ctr"><a:buNone/><a:defRPr sz="1600"/></a:lvl1pPr><a:lvl2pPr marL="457200" indent="0"><a:buNone/><a:defRPr sz="1600"/></a:lvl2pPr><a:lvl3pPr marL="914400" indent="0"><a:buNone/><a:defRPr sz="1600"/></a:lvl3pPr><a:lvl4pPr marL="1371600" indent="0"><a:buNone/><a:defRPr sz="1600"/></a:lvl4pPr><a:lvl5pPr marL="1828800" indent="0"><a:buNone/><a:defRPr sz="1600"/></a:lvl5pPr><a:lvl6pPr marL="2286000" indent="0"><a:buNone/><a:defRPr sz="1600"/></a:lvl6pPr><a:lvl7pPr marL="2743200" indent="0"><a:buNone/><a:defRPr sz="1600"/></a:lvl7pPr><a:lvl8pPr marL="3200400" indent="0"><a:buNone/><a:defRPr sz="1600"/></a:lvl8pPr><a:lvl9pPr marL="3657600" indent="0"><a:buNone/><a:defRPr sz="1600"/></a:lvl9pPr></a:lstStyle><a:p><a:r><a:rPr lang="es-ES"/><a:t>Haga clic en el icono para agregar una imagen</a:t></a:r><a:endParaRPr lang="en-US" dirty="0"/></a:p></p:txBody></p:sp><p:sp><p:nvSpPr><p:cNvPr id="27" name="Text Placeholder 3"/><p:cNvSpPr><a:spLocks noGrp="1"/></p:cNvSpPr><p:nvPr><p:ph type="body" sz="half" idx="20"/></p:nvPr></p:nvSpPr><p:spPr><a:xfrm><a:off x="7768819" y="4389284"/><a:ext cx="3310128" cy="985302"/></a:xfrm></p:spPr><p:txBody><a:bodyPr anchor="t"><a:normAutofit/></a:bodyPr><a:lstStyle><a:lvl1pPr marL="0" indent="0" algn="ctr"><a:buNone/><a:defRPr sz="1400"/></a:lvl1pPr><a:lvl2pPr marL="457200" indent="0"><a:buNone/><a:defRPr sz="1200"/></a:lvl2pPr><a:lvl3pPr marL="914400" indent="0"><a:buNone/><a:defRPr sz="1000"/></a:lvl3pPr><a:lvl4pPr marL="1371600" indent="0"><a:buNone/><a:defRPr sz="900"/></a:lvl4pPr><a:lvl5pPr marL="1828800" indent="0"><a:buNone/><a:defRPr sz="900"/></a:lvl5pPr><a:lvl6pPr marL="2286000" indent="0"><a:buNone/><a:defRPr sz="900"/></a:lvl6pPr><a:lvl7pPr marL="2743200" indent="0"><a:buNone/><a:defRPr sz="900"/></a:lvl7pPr><a:lvl8pPr marL="3200400" indent="0"><a:buNone/><a:defRPr sz="900"/></a:lvl8pPr><a:lvl9pPr marL="3657600" indent="0"><a:buNone/><a:defRPr sz="900"/></a:lvl9pPr></a:lstStyle><a:p><a:pPr lvl="0"/><a:r><a:rPr lang="es-ES"/><a:t>Editar los estilos de texto del patrón</a:t></a:r></a:p></p:txBody></p:sp><p:sp><p:nvSpPr><p:cNvPr id="3" name="Date Placeholder 2"/><p:cNvSpPr><a:spLocks noGrp="1"/></p:cNvSpPr><p:nvPr><p:ph type="dt" sz="half" idx="10"/></p:nvPr></p:nvSpPr><p:spPr/><p:txBody><a:bodyPr/><a:lstStyle/><a:p><a:fld id="{863C9A6D-E680-44CD-951E-CE37632503E6}" type="datetimeFigureOut"><a:rPr lang="es-419" smtClean="0"/><a:t>16/5/2018</a:t></a:fld><a:endParaRPr lang="es-419"/></a:p></p:txBody></p:sp><p:sp><p:nvSpPr><p:cNvPr id="4" name="Footer Placeholder 3"/><p:cNvSpPr><a:spLocks noGrp="1"/></p:cNvSpPr><p:nvPr><p:ph type="ftr" sz="quarter" idx="11"/></p:nvPr></p:nvSpPr><p:spPr/><p:txBody><a:bodyPr/><a:lstStyle/><a:p><a:endParaRPr lang="es-419"/></a:p></p:txBody></p:sp><p:sp><p:nvSpPr><p:cNvPr id="5" name="Slide Number Placeholder 4"/><p:cNvSpPr><a:spLocks noGrp="1"/></p:cNvSpPr><p:nvPr><p:ph type="sldNum" sz="quarter" idx="12"/></p:nvPr></p:nvSpPr><p:spPr/><p:txBody><a:bodyPr/><a:lstStyle/><a:p><a:fld id="{429EA623-7ED6-4CF1-B6D0-70E8425C971F}" type="slidenum"><a:rPr lang="es-419" smtClean="0"/><a:t>‹Nº›</a:t></a:fld><a:endParaRPr lang="es-419"/></a:p></p:txBody></p:sp></p:spTree><p:extLst><p:ext uri="{BB962C8B-B14F-4D97-AF65-F5344CB8AC3E}"><p14:creationId xmlns:p14="http://schemas.microsoft.com/office/powerpoint/2010/main" val="2769592534"/></p:ext></p:extLst></p:cSld><p:clrMapOvr><a:masterClrMapping/></p:clrMapOvr></p:sldLayout>