<?xml version="1.0" encoding="UTF-8" standalone="yes"?>
<p:sldLayout xmlns:a="http://schemas.openxmlformats.org/drawingml/2006/main" xmlns:r="http://schemas.openxmlformats.org/officeDocument/2006/relationships" xmlns:p="http://schemas.openxmlformats.org/presentationml/2006/main" type="vertTitleAndTx" preserve="1"><p:cSld name="Título vertical y texto"><p:spTree><p:nvGrpSpPr><p:cNvPr id="1" name=""/><p:cNvGrpSpPr/><p:nvPr/></p:nvGrpSpPr><p:grpSpPr><a:xfrm><a:off x="0" y="0"/><a:ext cx="0" cy="0"/><a:chOff x="0" y="0"/><a:chExt cx="0" cy="0"/></a:xfrm></p:grpSpPr><p:sp><p:nvSpPr><p:cNvPr id="2" name="Vertical Title 1"/><p:cNvSpPr><a:spLocks noGrp="1"/></p:cNvSpPr><p:nvPr><p:ph type="title" orient="vert"/></p:nvPr></p:nvSpPr><p:spPr><a:xfrm><a:off x="8815862" y="685800"/><a:ext cx="2264646" cy="4688785"/></a:xfrm></p:spPr><p:txBody><a:bodyPr vert="eaVert"/><a:lstStyle><a:lvl1pPr algn="l"><a:defRPr/></a:lvl1pPr></a:lstStyle><a:p><a:r><a:rPr lang="es-ES"/><a:t>Haga clic para modificar el estilo de título del patrón</a:t></a:r><a:endParaRPr lang="en-US" dirty="0"/></a:p></p:txBody></p:sp><p:sp><p:nvSpPr><p:cNvPr id="8" name="Vertical Text Placeholder 2"/><p:cNvSpPr><a:spLocks noGrp="1"/></p:cNvSpPr><p:nvPr><p:ph type="body" orient="vert" sz="quarter" idx="13"/></p:nvPr></p:nvSpPr><p:spPr><a:xfrm><a:off x="685800" y="685800"/><a:ext cx="7904431" cy="4688785"/></a:xfrm></p:spPr><p:txBody><a:bodyPr vert="eaVert" anchor="t"/><a:lstStyle/><a:p><a:pPr lvl="0"/><a:r><a:rPr lang="es-ES"/><a:t>Editar los estilos de texto del patrón</a:t></a:r></a:p><a:p><a:pPr lvl="1"/><a:r><a:rPr lang="es-ES"/><a:t>Segundo nivel</a:t></a:r></a:p><a:p><a:pPr lvl="2"/><a:r><a:rPr lang="es-ES"/><a:t>Tercer nivel</a:t></a:r></a:p><a:p><a:pPr lvl="3"/><a:r><a:rPr lang="es-ES"/><a:t>Cuarto nivel</a:t></a:r></a:p><a:p><a:pPr lvl="4"/><a:r><a:rPr lang="es-ES"/><a:t>Quinto nivel</a:t></a:r><a:endParaRPr lang="en-US" dirty="0"/></a:p></p:txBody></p:sp><p:sp><p:nvSpPr><p:cNvPr id="4" name="Date Placeholder 3"/><p:cNvSpPr><a:spLocks noGrp="1"/></p:cNvSpPr><p:nvPr><p:ph type="dt" sz="half" idx="10"/></p:nvPr></p:nvSpPr><p:spPr/><p:txBody><a:bodyPr/><a:lstStyle/><a:p><a:fld id="{863C9A6D-E680-44CD-951E-CE37632503E6}" type="datetimeFigureOut"><a:rPr lang="es-419" smtClean="0"/><a:t>16/5/2018</a:t></a:fld><a:endParaRPr lang="es-419"/></a:p></p:txBody></p:sp><p:sp><p:nvSpPr><p:cNvPr id="5" name="Footer Placeholder 4"/><p:cNvSpPr><a:spLocks noGrp="1"/></p:cNvSpPr><p:nvPr><p:ph type="ftr" sz="quarter" idx="11"/></p:nvPr></p:nvSpPr><p:spPr/><p:txBody><a:bodyPr/><a:lstStyle/><a:p><a:endParaRPr lang="es-419"/></a:p></p:txBody></p:sp><p:sp><p:nvSpPr><p:cNvPr id="6" name="Slide Number Placeholder 5"/><p:cNvSpPr><a:spLocks noGrp="1"/></p:cNvSpPr><p:nvPr><p:ph type="sldNum" sz="quarter" idx="12"/></p:nvPr></p:nvSpPr><p:spPr/><p:txBody><a:bodyPr/><a:lstStyle/><a:p><a:fld id="{429EA623-7ED6-4CF1-B6D0-70E8425C971F}" type="slidenum"><a:rPr lang="es-419" smtClean="0"/><a:t>‹Nº›</a:t></a:fld><a:endParaRPr lang="es-419"/></a:p></p:txBody></p:sp></p:spTree><p:extLst><p:ext uri="{BB962C8B-B14F-4D97-AF65-F5344CB8AC3E}"><p14:creationId xmlns:p14="http://schemas.microsoft.com/office/powerpoint/2010/main" val="3281091161"/></p:ext></p:extLst></p:cSld><p:clrMapOvr><a:masterClrMapping/></p:clrMapOvr></p:sldLayout>