<?xml version="1.0" encoding="UTF-8" standalone="yes"?>
<p:sldLayout xmlns:a="http://schemas.openxmlformats.org/drawingml/2006/main" xmlns:r="http://schemas.openxmlformats.org/officeDocument/2006/relationships" xmlns:p="http://schemas.openxmlformats.org/presentationml/2006/main" preserve="1"><p:cSld name="Cita con descripción"><p:spTree><p:nvGrpSpPr><p:cNvPr id="1" name=""/><p:cNvGrpSpPr/><p:nvPr/></p:nvGrpSpPr><p:grpSpPr><a:xfrm><a:off x="0" y="0"/><a:ext cx="0" cy="0"/><a:chOff x="0" y="0"/><a:chExt cx="0" cy="0"/></a:xfrm></p:grpSpPr><p:sp><p:nvSpPr><p:cNvPr id="2" name="Title 1"/><p:cNvSpPr><a:spLocks noGrp="1"/></p:cNvSpPr><p:nvPr><p:ph type="title"/></p:nvPr></p:nvSpPr><p:spPr><a:xfrm><a:off x="1121732" y="685800"/><a:ext cx="9525020" cy="2916704"/></a:xfrm></p:spPr><p:txBody><a:bodyPr anchor="ctr"><a:normAutofit/></a:bodyPr><a:lstStyle><a:lvl1pPr algn="ctr"><a:defRPr sz="4800"/></a:lvl1pPr></a:lstStyle><a:p><a:r><a:rPr lang="es-ES"/><a:t>Haga clic para modificar el estilo de título del patrón</a:t></a:r><a:endParaRPr lang="en-US" dirty="0"/></a:p></p:txBody></p:sp><p:sp><p:nvSpPr><p:cNvPr id="12" name="Text Placeholder 3"/><p:cNvSpPr><a:spLocks noGrp="1"/></p:cNvSpPr><p:nvPr><p:ph type="body" sz="half" idx="13"/></p:nvPr></p:nvSpPr><p:spPr><a:xfrm><a:off x="1550264" y="3610032"/><a:ext cx="8667956" cy="377768"/></a:xfrm></p:spPr><p:txBody><a:bodyPr anchor="t"><a:normAutofit/></a:bodyPr><a:lstStyle><a:lvl1pPr marL="0" indent="0" algn="r"><a:buNone/><a:defRPr sz="1400"><a:solidFill><a:schemeClr val="tx1"><a:lumMod val="50000"/><a:lumOff val="50000"/></a:schemeClr></a:solidFill></a:defRPr></a:lvl1pPr><a:lvl2pPr marL="457200" indent="0"><a:buNone/><a:defRPr sz="1400"/></a:lvl2pPr><a:lvl3pPr marL="914400" indent="0"><a:buNone/><a:defRPr sz="1200"/></a:lvl3pPr><a:lvl4pPr marL="1371600" indent="0"><a:buNone/><a:defRPr sz="1000"/></a:lvl4pPr><a:lvl5pPr marL="1828800" indent="0"><a:buNone/><a:defRPr sz="1000"/></a:lvl5pPr><a:lvl6pPr marL="2286000" indent="0"><a:buNone/><a:defRPr sz="1000"/></a:lvl6pPr><a:lvl7pPr marL="2743200" indent="0"><a:buNone/><a:defRPr sz="1000"/></a:lvl7pPr><a:lvl8pPr marL="3200400" indent="0"><a:buNone/><a:defRPr sz="1000"/></a:lvl8pPr><a:lvl9pPr marL="3657600" indent="0"><a:buNone/><a:defRPr sz="1000"/></a:lvl9pPr></a:lstStyle><a:p><a:pPr lvl="0"/><a:r><a:rPr lang="es-ES"/><a:t>Editar los estilos de texto del patrón</a:t></a:r></a:p></p:txBody></p:sp><p:sp><p:nvSpPr><p:cNvPr id="4" name="Text Placeholder 3"/><p:cNvSpPr><a:spLocks noGrp="1"/></p:cNvSpPr><p:nvPr><p:ph type="body" sz="half" idx="2"/></p:nvPr></p:nvSpPr><p:spPr><a:xfrm><a:off x="685801" y="4106334"/><a:ext cx="10396882" cy="1268252"/></a:xfrm></p:spPr><p:txBody><a:bodyPr anchor="ctr"><a:normAutofit/></a:bodyPr><a:lstStyle><a:lvl1pPr marL="0" indent="0" algn="ctr"><a:buNone/><a:defRPr sz="1800"/></a:lvl1pPr><a:lvl2pPr marL="457200" indent="0"><a:buNone/><a:defRPr sz="1400"/></a:lvl2pPr><a:lvl3pPr marL="914400" indent="0"><a:buNone/><a:defRPr sz="1200"/></a:lvl3pPr><a:lvl4pPr marL="1371600" indent="0"><a:buNone/><a:defRPr sz="1000"/></a:lvl4pPr><a:lvl5pPr marL="1828800" indent="0"><a:buNone/><a:defRPr sz="1000"/></a:lvl5pPr><a:lvl6pPr marL="2286000" indent="0"><a:buNone/><a:defRPr sz="1000"/></a:lvl6pPr><a:lvl7pPr marL="2743200" indent="0"><a:buNone/><a:defRPr sz="1000"/></a:lvl7pPr><a:lvl8pPr marL="3200400" indent="0"><a:buNone/><a:defRPr sz="1000"/></a:lvl8pPr><a:lvl9pPr marL="3657600" indent="0"><a:buNone/><a:defRPr sz="1000"/></a:lvl9pPr></a:lstStyle><a:p><a:pPr lvl="0"/><a:r><a:rPr lang="es-ES"/><a:t>Editar los estilos de texto del patrón</a:t></a:r></a:p></p:txBody></p:sp><p:sp><p:nvSpPr><p:cNvPr id="5" name="Date Placeholder 4"/><p:cNvSpPr><a:spLocks noGrp="1"/></p:cNvSpPr><p:nvPr><p:ph type="dt" sz="half" idx="10"/></p:nvPr></p:nvSpPr><p:spPr/><p:txBody><a:bodyPr/><a:lstStyle/><a:p><a:fld id="{863C9A6D-E680-44CD-951E-CE37632503E6}" type="datetimeFigureOut"><a:rPr lang="es-419" smtClean="0"/><a:t>16/5/2018</a:t></a:fld><a:endParaRPr lang="es-419"/></a:p></p:txBody></p:sp><p:sp><p:nvSpPr><p:cNvPr id="6" name="Footer Placeholder 5"/><p:cNvSpPr><a:spLocks noGrp="1"/></p:cNvSpPr><p:nvPr><p:ph type="ftr" sz="quarter" idx="11"/></p:nvPr></p:nvSpPr><p:spPr/><p:txBody><a:bodyPr/><a:lstStyle/><a:p><a:endParaRPr lang="es-419"/></a:p></p:txBody></p:sp><p:sp><p:nvSpPr><p:cNvPr id="7" name="Slide Number Placeholder 6"/><p:cNvSpPr><a:spLocks noGrp="1"/></p:cNvSpPr><p:nvPr><p:ph type="sldNum" sz="quarter" idx="12"/></p:nvPr></p:nvSpPr><p:spPr/><p:txBody><a:bodyPr/><a:lstStyle/><a:p><a:fld id="{429EA623-7ED6-4CF1-B6D0-70E8425C971F}" type="slidenum"><a:rPr lang="es-419" smtClean="0"/><a:t>‹Nº›</a:t></a:fld><a:endParaRPr lang="es-419"/></a:p></p:txBody></p:sp><p:sp><p:nvSpPr><p:cNvPr id="13" name="TextBox 12"/><p:cNvSpPr txBox="1"/><p:nvPr/></p:nvSpPr><p:spPr><a:xfrm><a:off x="685801" y="892628"/><a:ext cx="609600" cy="584776"/></a:xfrm><a:prstGeom prst="rect"><a:avLst/></a:prstGeom></p:spPr><p:txBody><a:bodyPr vert="horz" lIns="91440" tIns="45720" rIns="91440" bIns="45720" rtlCol="0" anchor="ctr"><a:noAutofit/></a:bodyPr><a:lstStyle><a:lvl1pPr><a:spcBef><a:spcPct val="0"/></a:spcBef><a:buNone/><a:defRPr sz="3200" b="0" cap="all"><a:ln w="3175" cmpd="sng"><a:noFill/></a:ln><a:effectLst><a:glow rad="38100"><a:schemeClr val="bg1"><a:lumMod val="65000"/><a:lumOff val="35000"/><a:alpha val="40000"/></a:schemeClr></a:glow><a:outerShdw blurRad="28575" dist="38100" dir="14040000" algn="tl" rotWithShape="0"><a:srgbClr val="000000"><a:alpha val="25000"/></a:srgbClr></a:outerShdw></a:effectLst></a:defRPr></a:lvl1pPr><a:lvl2pPr><a:defRPr><a:solidFill><a:schemeClr val="tx2"/></a:solidFill></a:defRPr></a:lvl2pPr><a:lvl3pPr><a:defRPr><a:solidFill><a:schemeClr val="tx2"/></a:solidFill></a:defRPr></a:lvl3pPr><a:lvl4pPr><a:defRPr><a:solidFill><a:schemeClr val="tx2"/></a:solidFill></a:defRPr></a:lvl4pPr><a:lvl5pPr><a:defRPr><a:solidFill><a:schemeClr val="tx2"/></a:solidFill></a:defRPr></a:lvl5pPr><a:lvl6pPr><a:defRPr><a:solidFill><a:schemeClr val="tx2"/></a:solidFill></a:defRPr></a:lvl6pPr><a:lvl7pPr><a:defRPr><a:solidFill><a:schemeClr val="tx2"/></a:solidFill></a:defRPr></a:lvl7pPr><a:lvl8pPr><a:defRPr><a:solidFill><a:schemeClr val="tx2"/></a:solidFill></a:defRPr></a:lvl8pPr><a:lvl9pPr><a:defRPr><a:solidFill><a:schemeClr val="tx2"/></a:solidFill></a:defRPr></a:lvl9pPr></a:lstStyle><a:p><a:pPr lvl="0"/><a:r><a:rPr lang="en-US" sz="8000" dirty="0"><a:solidFill><a:schemeClr val="tx1"/></a:solidFill><a:effectLst/></a:rPr><a:t>“</a:t></a:r></a:p></p:txBody></p:sp><p:sp><p:nvSpPr><p:cNvPr id="14" name="TextBox 13"/><p:cNvSpPr txBox="1"/><p:nvPr/></p:nvSpPr><p:spPr><a:xfrm><a:off x="10473083" y="2922827"/><a:ext cx="609600" cy="584776"/></a:xfrm><a:prstGeom prst="rect"><a:avLst/></a:prstGeom></p:spPr><p:txBody><a:bodyPr vert="horz" lIns="91440" tIns="45720" rIns="91440" bIns="45720" rtlCol="0" anchor="ctr"><a:noAutofit/></a:bodyPr><a:lstStyle><a:lvl1pPr><a:spcBef><a:spcPct val="0"/></a:spcBef><a:buNone/><a:defRPr sz="3200" b="0" cap="all"><a:ln w="3175" cmpd="sng"><a:noFill/></a:ln><a:effectLst><a:glow rad="38100"><a:schemeClr val="bg1"><a:lumMod val="65000"/><a:lumOff val="35000"/><a:alpha val="40000"/></a:schemeClr></a:glow><a:outerShdw blurRad="28575" dist="38100" dir="14040000" algn="tl" rotWithShape="0"><a:srgbClr val="000000"><a:alpha val="25000"/></a:srgbClr></a:outerShdw></a:effectLst></a:defRPr></a:lvl1pPr><a:lvl2pPr><a:defRPr><a:solidFill><a:schemeClr val="tx2"/></a:solidFill></a:defRPr></a:lvl2pPr><a:lvl3pPr><a:defRPr><a:solidFill><a:schemeClr val="tx2"/></a:solidFill></a:defRPr></a:lvl3pPr><a:lvl4pPr><a:defRPr><a:solidFill><a:schemeClr val="tx2"/></a:solidFill></a:defRPr></a:lvl4pPr><a:lvl5pPr><a:defRPr><a:solidFill><a:schemeClr val="tx2"/></a:solidFill></a:defRPr></a:lvl5pPr><a:lvl6pPr><a:defRPr><a:solidFill><a:schemeClr val="tx2"/></a:solidFill></a:defRPr></a:lvl6pPr><a:lvl7pPr><a:defRPr><a:solidFill><a:schemeClr val="tx2"/></a:solidFill></a:defRPr></a:lvl7pPr><a:lvl8pPr><a:defRPr><a:solidFill><a:schemeClr val="tx2"/></a:solidFill></a:defRPr></a:lvl8pPr><a:lvl9pPr><a:defRPr><a:solidFill><a:schemeClr val="tx2"/></a:solidFill></a:defRPr></a:lvl9pPr></a:lstStyle><a:p><a:pPr lvl="0" algn="r"/><a:r><a:rPr lang="en-US" sz="8000" dirty="0"><a:solidFill><a:schemeClr val="tx1"/></a:solidFill><a:effectLst/></a:rPr><a:t>”</a:t></a:r></a:p></p:txBody></p:sp></p:spTree><p:extLst><p:ext uri="{BB962C8B-B14F-4D97-AF65-F5344CB8AC3E}"><p14:creationId xmlns:p14="http://schemas.microsoft.com/office/powerpoint/2010/main" val="1730498128"/></p:ext></p:extLst></p:cSld><p:clrMapOvr><a:masterClrMapping/></p:clrMapOvr></p:sldLayout>