<?xml version="1.0" encoding="UTF-8" standalone="yes"?>
<p:sldLayout xmlns:a="http://schemas.openxmlformats.org/drawingml/2006/main" xmlns:r="http://schemas.openxmlformats.org/officeDocument/2006/relationships" xmlns:p="http://schemas.openxmlformats.org/presentationml/2006/main" showMasterSp="0" type="title" preserve="1"><p:cSld name="Diapositiva de título"><p:spTree><p:nvGrpSpPr><p:cNvPr id="1" name=""/><p:cNvGrpSpPr/><p:nvPr/></p:nvGrpSpPr><p:grpSpPr><a:xfrm><a:off x="0" y="0"/><a:ext cx="0" cy="0"/><a:chOff x="0" y="0"/><a:chExt cx="0" cy="0"/></a:xfrm></p:grpSpPr><p:pic><p:nvPicPr><p:cNvPr id="7" name="Picture 6" descr="Brickwork-HD-R1a.jpg"/><p:cNvPicPr><a:picLocks noChangeAspect="1"/></p:cNvPicPr><p:nvPr/></p:nvPicPr><p:blipFill><a:blip r:embed="rId2"><a:extLst><a:ext uri="{28A0092B-C50C-407E-A947-70E740481C1C}"><a14:useLocalDpi xmlns:a14="http://schemas.microsoft.com/office/drawing/2010/main" val="0"/></a:ext></a:extLst></a:blip><a:stretch><a:fillRect/></a:stretch></p:blipFill><p:spPr><a:xfrm><a:off x="0" y="0"/><a:ext cx="12192000" cy="6858000"/></a:xfrm><a:prstGeom prst="rect"><a:avLst/></a:prstGeom></p:spPr></p:pic><p:sp useBgFill="1"><p:nvSpPr><p:cNvPr id="12" name="Freeform 11"/><p:cNvSpPr/><p:nvPr/></p:nvSpPr><p:spPr><a:xfrm><a:off x="-15875" y="0"/><a:ext cx="11683810" cy="6588125"/></a:xfrm><a:custGeom><a:avLst/><a:gdLst/><a:ahLst/><a:cxnLst/><a:rect l="l" t="t" r="r" b="b"/><a:pathLst><a:path w="11683810" h="6588125"><a:moveTo><a:pt x="0" y="0"/></a:moveTo><a:lnTo><a:pt x="11318691" y="0"/></a:lnTo><a:lnTo><a:pt x="11683810" y="5976938"/></a:lnTo><a:lnTo><a:pt x="15875" y="6588125"/></a:lnTo><a:cubicBezTo><a:pt x="10583" y="4386792"/><a:pt x="5292" y="2185458"/><a:pt x="0" y="0"/></a:cubicBezTo><a:close/></a:path></a:pathLst></a:custGeom><a:ln><a:noFill/></a:ln><a:effectLst><a:outerShdw blurRad="101600" dist="152400" dir="4380000" algn="tl" rotWithShape="0"><a:srgbClr val="000000"><a:alpha val="43000"/></a:srgbClr></a:outerShdw></a:effectLst></p:spPr><p:style><a:lnRef idx="1"><a:schemeClr val="accent1"/></a:lnRef><a:fillRef idx="3"><a:schemeClr val="accent1"/></a:fillRef><a:effectRef idx="2"><a:schemeClr val="accent1"/></a:effectRef><a:fontRef idx="minor"><a:schemeClr val="lt1"/></a:fontRef></p:style></p:sp><p:sp><p:nvSpPr><p:cNvPr id="14" name="Freeform 13"/><p:cNvSpPr/><p:nvPr/></p:nvSpPr><p:spPr><a:xfrm><a:off x="0" y="4282257"/><a:ext cx="11329257" cy="2028845"/></a:xfrm><a:custGeom><a:avLst/><a:gdLst/><a:ahLst/><a:cxnLst/><a:rect l="l" t="t" r="r" b="b"/><a:pathLst><a:path w="11329257" h="2028845"><a:moveTo><a:pt x="0" y="588520"/></a:moveTo><a:lnTo><a:pt x="11244075" y="0"/></a:lnTo><a:lnTo><a:pt x="11329257" y="1424838"/></a:lnTo><a:lnTo><a:pt x="0" y="2028845"/></a:lnTo><a:lnTo><a:pt x="0" y="588520"/></a:lnTo><a:close/></a:path></a:pathLst></a:custGeom><a:gradFill flip="none" rotWithShape="1"><a:gsLst><a:gs pos="34000"><a:schemeClr val="accent1"/></a:gs><a:gs pos="100000"><a:schemeClr val="accent1"><a:lumMod val="50000"/></a:schemeClr></a:gs></a:gsLst><a:path path="circle"><a:fillToRect l="50000" t="50000" r="50000" b="50000"/></a:path><a:tileRect/></a:gradFill><a:ln><a:noFill/></a:ln></p:spPr><p:style><a:lnRef idx="1"><a:schemeClr val="accent1"/></a:lnRef><a:fillRef idx="3"><a:schemeClr val="accent1"/></a:fillRef><a:effectRef idx="2"><a:schemeClr val="accent1"/></a:effectRef><a:fontRef idx="minor"><a:schemeClr val="lt1"/></a:fontRef></p:style></p:sp><p:sp><p:nvSpPr><p:cNvPr id="26" name="Freeform 25"/><p:cNvSpPr/><p:nvPr/></p:nvSpPr><p:spPr><a:xfrm><a:off x="0" y="0"/><a:ext cx="8719579" cy="456877"/></a:xfrm><a:custGeom><a:avLst/><a:gdLst/><a:ahLst/><a:cxnLst/><a:rect l="l" t="t" r="r" b="b"/><a:pathLst><a:path w="8719579" h="456877"><a:moveTo><a:pt x="0" y="0"/></a:moveTo><a:lnTo><a:pt x="8719579" y="0"/></a:lnTo><a:lnTo><a:pt x="0" y="456877"/></a:lnTo><a:lnTo><a:pt x="0" y="0"/></a:lnTo><a:close/></a:path></a:pathLst></a:custGeom><a:gradFill flip="none" rotWithShape="1"><a:gsLst><a:gs pos="34000"><a:schemeClr val="accent1"/></a:gs><a:gs pos="100000"><a:schemeClr val="accent1"><a:lumMod val="50000"/></a:schemeClr></a:gs></a:gsLst><a:path path="circle"><a:fillToRect l="50000" t="50000" r="50000" b="50000"/></a:path><a:tileRect/></a:gradFill><a:ln><a:noFill/></a:ln></p:spPr><p:style><a:lnRef idx="1"><a:schemeClr val="accent1"/></a:lnRef><a:fillRef idx="3"><a:schemeClr val="accent1"/></a:fillRef><a:effectRef idx="2"><a:schemeClr val="accent1"/></a:effectRef><a:fontRef idx="minor"><a:schemeClr val="lt1"/></a:fontRef></p:style></p:sp><p:sp><p:nvSpPr><p:cNvPr id="15" name="Freeform 14"/><p:cNvSpPr/><p:nvPr/></p:nvSpPr><p:spPr><a:xfrm rot="21420000"><a:off x="-161800" y="293317"/><a:ext cx="11367116" cy="5751804"/></a:xfrm><a:custGeom><a:avLst/><a:gdLst/><a:ahLst/><a:cxnLst/><a:rect l="l" t="t" r="r" b="b"/><a:pathLst><a:path w="11367116" h="5751804"><a:moveTo><a:pt x="11346705" y="0"/></a:moveTo><a:cubicBezTo><a:pt x="11353509" y="1915114"/><a:pt x="11360312" y="3830229"/><a:pt x="11367116" y="5745343"/></a:cubicBezTo><a:lnTo><a:pt x="0" y="5751804"/></a:lnTo></a:path></a:pathLst></a:custGeom><a:ln w="82550"><a:solidFill><a:schemeClr val="tx1"><a:lumMod val="50000"/><a:lumOff val="50000"/></a:schemeClr></a:solidFill><a:miter lim="800000"/></a:ln></p:spPr><p:style><a:lnRef idx="2"><a:schemeClr val="accent1"/></a:lnRef><a:fillRef idx="0"><a:schemeClr val="accent1"/></a:fillRef><a:effectRef idx="1"><a:schemeClr val="accent1"/></a:effectRef><a:fontRef idx="minor"><a:schemeClr val="tx1"/></a:fontRef></p:style></p:sp><p:sp><p:nvSpPr><p:cNvPr id="2" name="Title 1"/><p:cNvSpPr><a:spLocks noGrp="1"/></p:cNvSpPr><p:nvPr><p:ph type="ctrTitle"/></p:nvPr></p:nvSpPr><p:spPr><a:xfrm rot="21420000"><a:off x="891201" y="662656"/><a:ext cx="9755187" cy="2766528"/></a:xfrm></p:spPr><p:txBody><a:bodyPr anchor="b"><a:normAutofit/></a:bodyPr><a:lstStyle><a:lvl1pPr algn="r"><a:defRPr sz="8000"/></a:lvl1pPr></a:lstStyle><a:p><a:r><a:rPr lang="es-ES"/><a:t>Haga clic para modificar el estilo de título del patrón</a:t></a:r><a:endParaRPr lang="en-US" dirty="0"/></a:p></p:txBody></p:sp><p:sp><p:nvSpPr><p:cNvPr id="3" name="Subtitle 2"/><p:cNvSpPr><a:spLocks noGrp="1"/></p:cNvSpPr><p:nvPr><p:ph type="subTitle" idx="1"/></p:nvPr></p:nvSpPr><p:spPr><a:xfrm rot="21420000"><a:off x="983062" y="3505209"/><a:ext cx="9755187" cy="550333"/></a:xfrm></p:spPr><p:txBody><a:bodyPr anchor="t"><a:noAutofit/></a:bodyPr><a:lstStyle><a:lvl1pPr marL="0" indent="0" algn="r"><a:buNone/><a:defRPr sz="2800"><a:solidFill><a:schemeClr val="bg1"><a:lumMod val="50000"/></a:schemeClr></a:solidFill></a:defRPr></a:lvl1pPr><a:lvl2pPr marL="457200" indent="0" algn="ctr"><a:buNone/><a:defRPr sz="2000"/></a:lvl2pPr><a:lvl3pPr marL="914400" indent="0" algn="ctr"><a:buNone/><a:defRPr sz="1800"/></a:lvl3pPr><a:lvl4pPr marL="1371600" indent="0" algn="ctr"><a:buNone/><a:defRPr sz="1600"/></a:lvl4pPr><a:lvl5pPr marL="1828800" indent="0" algn="ctr"><a:buNone/><a:defRPr sz="1600"/></a:lvl5pPr><a:lvl6pPr marL="2286000" indent="0" algn="ctr"><a:buNone/><a:defRPr sz="1600"/></a:lvl6pPr><a:lvl7pPr marL="2743200" indent="0" algn="ctr"><a:buNone/><a:defRPr sz="1600"/></a:lvl7pPr><a:lvl8pPr marL="3200400" indent="0" algn="ctr"><a:buNone/><a:defRPr sz="1600"/></a:lvl8pPr><a:lvl9pPr marL="3657600" indent="0" algn="ctr"><a:buNone/><a:defRPr sz="1600"/></a:lvl9pPr></a:lstStyle><a:p><a:r><a:rPr lang="es-ES"/><a:t>Haga clic para modificar el estilo de subtítulo del patrón</a:t></a:r><a:endParaRPr lang="en-US" dirty="0"/></a:p></p:txBody></p:sp><p:sp><p:nvSpPr><p:cNvPr id="4" name="Date Placeholder 3"/><p:cNvSpPr><a:spLocks noGrp="1"/></p:cNvSpPr><p:nvPr><p:ph type="dt" sz="half" idx="10"/></p:nvPr></p:nvSpPr><p:spPr><a:xfrm rot="21420000"><a:off x="4948541" y="4578463"/><a:ext cx="6143653" cy="1163112"/></a:xfrm></p:spPr><p:txBody><a:bodyPr/><a:lstStyle><a:lvl1pPr algn="ctr"><a:defRPr sz="5400"><a:solidFill><a:schemeClr val="accent1"><a:lumMod val="60000"/><a:lumOff val="40000"/></a:schemeClr></a:solidFill></a:defRPr></a:lvl1pPr></a:lstStyle><a:p><a:fld id="{863C9A6D-E680-44CD-951E-CE37632503E6}" type="datetimeFigureOut"><a:rPr lang="es-419" smtClean="0"/><a:t>16/5/2018</a:t></a:fld><a:endParaRPr lang="es-419"/></a:p></p:txBody></p:sp><p:sp><p:nvSpPr><p:cNvPr id="5" name="Footer Placeholder 4"/><p:cNvSpPr><a:spLocks noGrp="1"/></p:cNvSpPr><p:nvPr><p:ph type="ftr" sz="quarter" idx="11"/></p:nvPr></p:nvSpPr><p:spPr><a:xfrm rot="21420000"><a:off x="9144" y="4882896"/><a:ext cx="4050792" cy="1197864"/></a:xfrm><a:noFill/></p:spPr><p:txBody><a:bodyPr wrap="square" rtlCol="0"><a:spAutoFit/></a:bodyPr><a:lstStyle><a:lvl1pPr><a:defRPr lang="en-US" sz="5400" dirty="0"/></a:lvl1pPr></a:lstStyle><a:p><a:endParaRPr lang="es-419"/></a:p></p:txBody></p:sp><p:sp><p:nvSpPr><p:cNvPr id="6" name="Slide Number Placeholder 5"/><p:cNvSpPr><a:spLocks noGrp="1"/></p:cNvSpPr><p:nvPr><p:ph type="sldNum" sz="quarter" idx="12"/></p:nvPr></p:nvSpPr><p:spPr><a:xfrm rot="21420000"><a:off x="9851758" y="3832648"/><a:ext cx="907186" cy="498470"/></a:xfrm></p:spPr><p:txBody><a:bodyPr/><a:lstStyle><a:lvl1pPr><a:defRPr sz="2400"><a:solidFill><a:schemeClr val="tx1"><a:lumMod val="75000"/><a:lumOff val="25000"/></a:schemeClr></a:solidFill></a:defRPr></a:lvl1pPr></a:lstStyle><a:p><a:fld id="{429EA623-7ED6-4CF1-B6D0-70E8425C971F}" type="slidenum"><a:rPr lang="es-419" smtClean="0"/><a:t>‹Nº›</a:t></a:fld><a:endParaRPr lang="es-419"/></a:p></p:txBody></p:sp><p:sp><p:nvSpPr><p:cNvPr id="25" name="5-Point Star 24"/><p:cNvSpPr/><p:nvPr/></p:nvSpPr><p:spPr><a:xfrm rot="21420000"><a:off x="4221385" y="5111356"/><a:ext cx="515386" cy="515386"/></a:xfrm><a:prstGeom prst="star5"><a:avLst><a:gd name="adj" fmla="val 26693"/><a:gd name="hf" fmla="val 105146"/><a:gd name="vf" fmla="val 110557"/></a:avLst></a:prstGeom><a:solidFill><a:schemeClr val="accent1"><a:lumMod val="60000"/><a:lumOff val="40000"/><a:alpha val="50000"/></a:schemeClr></a:solidFill><a:ln><a:noFill/></a:ln></p:spPr><p:style><a:lnRef idx="1"><a:schemeClr val="accent1"/></a:lnRef><a:fillRef idx="3"><a:schemeClr val="accent1"/></a:fillRef><a:effectRef idx="2"><a:schemeClr val="accent1"/></a:effectRef><a:fontRef idx="minor"><a:schemeClr val="lt1"/></a:fontRef></p:style></p:sp></p:spTree><p:extLst><p:ext uri="{BB962C8B-B14F-4D97-AF65-F5344CB8AC3E}"><p14:creationId xmlns:p14="http://schemas.microsoft.com/office/powerpoint/2010/main" val="2540437734"/></p:ext></p:extLst></p:cSld><p:clrMapOvr><a:masterClrMapping/></p:clrMapOvr></p:sldLayout>