<?xml version="1.0" encoding="UTF-8" standalone="yes"?><p:sldLayout xmlns:a="http://schemas.openxmlformats.org/drawingml/2006/main" xmlns:r="http://schemas.openxmlformats.org/officeDocument/2006/relationships" xmlns:mc="http://schemas.openxmlformats.org/markup-compatibility/2006" xmlns:mv="urn:schemas-microsoft-com:mac:vml" xmlns:p="http://schemas.openxmlformats.org/presentationml/2006/main" xmlns:c="http://schemas.openxmlformats.org/drawingml/2006/chart" xmlns:dgm="http://schemas.openxmlformats.org/drawingml/2006/diagram" xmlns:o="urn:schemas-microsoft-com:office:office" xmlns:v="urn:schemas-microsoft-com:vml" xmlns:pvml="urn:schemas-microsoft-com:office:powerpoint" xmlns:com="http://schemas.openxmlformats.org/drawingml/2006/compatibility" xmlns:p14="http://schemas.microsoft.com/office/powerpoint/2010/main" xmlns:p15="http://schemas.microsoft.com/office/powerpoint/2012/main" matchingName="Subtitle"><p:cSld name="TITLE_1"><p:bg><p:bgPr><a:blipFill><a:blip r:embed="rId2"><a:alphaModFix/></a:blip><a:stretch><a:fillRect/></a:stretch></a:blipFill></p:bgPr></p:bg><p:spTree><p:nvGrpSpPr><p:cNvPr id="12" name="Shape 12"/><p:cNvGrpSpPr/><p:nvPr/></p:nvGrpSpPr><p:grpSpPr><a:xfrm><a:off x="0" y="0"/><a:ext cx="0" cy="0"/><a:chOff x="0" y="0"/><a:chExt cx="0" cy="0"/></a:xfrm></p:grpSpPr><p:pic><p:nvPicPr><p:cNvPr descr="paint_transparent4.png" id="13" name="Shape 13"/><p:cNvPicPr preferRelativeResize="0"/><p:nvPr/></p:nvPicPr><p:blipFill rotWithShape="1"><a:blip r:embed="rId3"><a:alphaModFix/></a:blip><a:srcRect b="0" l="0" r="49954" t="0"/><a:stretch/></p:blipFill><p:spPr><a:xfrm><a:off x="4567925" y="0"/><a:ext cx="4576075" cy="5143524"/></a:xfrm><a:prstGeom prst="rect"><a:avLst/></a:prstGeom><a:noFill/><a:ln><a:noFill/></a:ln></p:spPr></p:pic><p:sp><p:nvSpPr><p:cNvPr id="14" name="Shape 14"/><p:cNvSpPr/><p:nvPr/></p:nvSpPr><p:spPr><a:xfrm><a:off x="0" y="-150"/><a:ext cx="5300700" cy="5143500"/></a:xfrm><a:prstGeom prst="rect"><a:avLst/></a:prstGeom><a:solidFill><a:srgbClr val="FFFFFF"/></a:solidFill><a:ln><a:noFill/></a:ln></p:spPr><p:txBody><a:bodyPr anchorCtr="0" anchor="ctr" bIns="91425" lIns="91425" spcFirstLastPara="1" rIns="91425" wrap="square" tIns="91425"><a:noAutofit/></a:bodyPr><a:lstStyle/><a:p><a:pPr indent="0" lvl="0" marL="0"><a:spcBef><a:spcPts val="0"/></a:spcBef><a:spcAft><a:spcPts val="0"/></a:spcAft><a:buNone/></a:pPr><a:r><a:t></a:t></a:r><a:endParaRPr/></a:p></p:txBody></p:sp><p:sp><p:nvSpPr><p:cNvPr id="15" name="Shape 15"/><p:cNvSpPr txBox="1"/><p:nvPr><p:ph type="ctrTitle"/></p:nvPr></p:nvSpPr><p:spPr><a:xfrm><a:off x="685800" y="2878750"/><a:ext cx="3914700" cy="1159800"/></a:xfrm><a:prstGeom prst="rect"><a:avLst/></a:prstGeom></p:spPr><p:txBody><a:bodyPr anchorCtr="0" anchor="b" bIns="91425" lIns="91425" spcFirstLastPara="1" rIns="91425" wrap="square" tIns="91425"/><a:lstStyle><a:lvl1pPr lvl="0" rtl="0"><a:spcBef><a:spcPts val="0"/></a:spcBef><a:spcAft><a:spcPts val="0"/></a:spcAft><a:buSzPts val="4800"/><a:buNone/><a:defRPr sz="4800"/></a:lvl1pPr><a:lvl2pPr lvl="1" rtl="0"><a:spcBef><a:spcPts val="0"/></a:spcBef><a:spcAft><a:spcPts val="0"/></a:spcAft><a:buSzPts val="4800"/><a:buNone/><a:defRPr sz="4800"/></a:lvl2pPr><a:lvl3pPr lvl="2" rtl="0"><a:spcBef><a:spcPts val="0"/></a:spcBef><a:spcAft><a:spcPts val="0"/></a:spcAft><a:buSzPts val="4800"/><a:buNone/><a:defRPr sz="4800"/></a:lvl3pPr><a:lvl4pPr lvl="3" rtl="0"><a:spcBef><a:spcPts val="0"/></a:spcBef><a:spcAft><a:spcPts val="0"/></a:spcAft><a:buSzPts val="4800"/><a:buNone/><a:defRPr sz="4800"/></a:lvl4pPr><a:lvl5pPr lvl="4" rtl="0"><a:spcBef><a:spcPts val="0"/></a:spcBef><a:spcAft><a:spcPts val="0"/></a:spcAft><a:buSzPts val="4800"/><a:buNone/><a:defRPr sz="4800"/></a:lvl5pPr><a:lvl6pPr lvl="5" rtl="0"><a:spcBef><a:spcPts val="0"/></a:spcBef><a:spcAft><a:spcPts val="0"/></a:spcAft><a:buSzPts val="4800"/><a:buNone/><a:defRPr sz="4800"/></a:lvl6pPr><a:lvl7pPr lvl="6" rtl="0"><a:spcBef><a:spcPts val="0"/></a:spcBef><a:spcAft><a:spcPts val="0"/></a:spcAft><a:buSzPts val="4800"/><a:buNone/><a:defRPr sz="4800"/></a:lvl7pPr><a:lvl8pPr lvl="7" rtl="0"><a:spcBef><a:spcPts val="0"/></a:spcBef><a:spcAft><a:spcPts val="0"/></a:spcAft><a:buSzPts val="4800"/><a:buNone/><a:defRPr sz="4800"/></a:lvl8pPr><a:lvl9pPr lvl="8" rtl="0"><a:spcBef><a:spcPts val="0"/></a:spcBef><a:spcAft><a:spcPts val="0"/></a:spcAft><a:buSzPts val="4800"/><a:buNone/><a:defRPr sz="4800"/></a:lvl9pPr></a:lstStyle><a:p/></p:txBody></p:sp><p:sp><p:nvSpPr><p:cNvPr id="16" name="Shape 16"/><p:cNvSpPr txBox="1"/><p:nvPr><p:ph idx="1" type="subTitle"/></p:nvPr></p:nvSpPr><p:spPr><a:xfrm><a:off x="685800" y="4135454"/><a:ext cx="3914700" cy="784800"/></a:xfrm><a:prstGeom prst="rect"><a:avLst/></a:prstGeom></p:spPr><p:txBody><a:bodyPr anchorCtr="0" anchor="t" bIns="91425" lIns="91425" spcFirstLastPara="1" rIns="91425" wrap="square" tIns="91425"/><a:lstStyle><a:lvl1pPr lvl="0" rtl="0"><a:spcBef><a:spcPts val="0"/></a:spcBef><a:spcAft><a:spcPts val="0"/></a:spcAft><a:buClr><a:schemeClr val="dk2"/></a:buClr><a:buSzPts val="1400"/><a:buNone/><a:defRPr sz="1400"><a:solidFill><a:schemeClr val="dk2"/></a:solidFill></a:defRPr></a:lvl1pPr><a:lvl2pPr lvl="1" rtl="0"><a:spcBef><a:spcPts val="0"/></a:spcBef><a:spcAft><a:spcPts val="0"/></a:spcAft><a:buClr><a:schemeClr val="dk2"/></a:buClr><a:buSzPts val="1400"/><a:buNone/><a:defRPr sz="1400"><a:solidFill><a:schemeClr val="dk2"/></a:solidFill></a:defRPr></a:lvl2pPr><a:lvl3pPr lvl="2" rtl="0"><a:spcBef><a:spcPts val="0"/></a:spcBef><a:spcAft><a:spcPts val="0"/></a:spcAft><a:buClr><a:schemeClr val="dk2"/></a:buClr><a:buSzPts val="1400"/><a:buNone/><a:defRPr sz="1400"><a:solidFill><a:schemeClr val="dk2"/></a:solidFill></a:defRPr></a:lvl3pPr><a:lvl4pPr lvl="3" rtl="0"><a:spcBef><a:spcPts val="0"/></a:spcBef><a:spcAft><a:spcPts val="0"/></a:spcAft><a:buClr><a:schemeClr val="dk2"/></a:buClr><a:buSzPts val="1400"/><a:buNone/><a:defRPr sz="1400"><a:solidFill><a:schemeClr val="dk2"/></a:solidFill></a:defRPr></a:lvl4pPr><a:lvl5pPr lvl="4" rtl="0"><a:spcBef><a:spcPts val="0"/></a:spcBef><a:spcAft><a:spcPts val="0"/></a:spcAft><a:buClr><a:schemeClr val="dk2"/></a:buClr><a:buSzPts val="1400"/><a:buNone/><a:defRPr sz="1400"><a:solidFill><a:schemeClr val="dk2"/></a:solidFill></a:defRPr></a:lvl5pPr><a:lvl6pPr lvl="5" rtl="0"><a:spcBef><a:spcPts val="0"/></a:spcBef><a:spcAft><a:spcPts val="0"/></a:spcAft><a:buClr><a:schemeClr val="dk2"/></a:buClr><a:buSzPts val="1400"/><a:buNone/><a:defRPr sz="1400"><a:solidFill><a:schemeClr val="dk2"/></a:solidFill></a:defRPr></a:lvl6pPr><a:lvl7pPr lvl="6" rtl="0"><a:spcBef><a:spcPts val="0"/></a:spcBef><a:spcAft><a:spcPts val="0"/></a:spcAft><a:buClr><a:schemeClr val="dk2"/></a:buClr><a:buSzPts val="1400"/><a:buNone/><a:defRPr sz="1400"><a:solidFill><a:schemeClr val="dk2"/></a:solidFill></a:defRPr></a:lvl7pPr><a:lvl8pPr lvl="7" rtl="0"><a:spcBef><a:spcPts val="0"/></a:spcBef><a:spcAft><a:spcPts val="0"/></a:spcAft><a:buClr><a:schemeClr val="dk2"/></a:buClr><a:buSzPts val="1400"/><a:buNone/><a:defRPr sz="1400"><a:solidFill><a:schemeClr val="dk2"/></a:solidFill></a:defRPr></a:lvl8pPr><a:lvl9pPr lvl="8" rtl="0"><a:spcBef><a:spcPts val="0"/></a:spcBef><a:spcAft><a:spcPts val="0"/></a:spcAft><a:buClr><a:schemeClr val="dk2"/></a:buClr><a:buSzPts val="1400"/><a:buNone/><a:defRPr sz="1400"><a:solidFill><a:schemeClr val="dk2"/></a:solidFill></a:defRPr></a:lvl9pPr></a:lstStyle><a:p/></p:txBody></p:sp></p:spTree></p:cSld><p:clrMapOvr><a:masterClrMapping/></p:clrMapOvr></p:sldLayout>