<?xml version="1.0" encoding="UTF-8" standalone="yes"?><p:sldLayout xmlns:a="http://schemas.openxmlformats.org/drawingml/2006/main" xmlns:r="http://schemas.openxmlformats.org/officeDocument/2006/relationships" xmlns:mc="http://schemas.openxmlformats.org/markup-compatibility/2006" xmlns:mv="urn:schemas-microsoft-com:mac:vml" xmlns:p="http://schemas.openxmlformats.org/presentationml/2006/main" xmlns:c="http://schemas.openxmlformats.org/drawingml/2006/chart" xmlns:dgm="http://schemas.openxmlformats.org/drawingml/2006/diagram" xmlns:o="urn:schemas-microsoft-com:office:office" xmlns:v="urn:schemas-microsoft-com:vml" xmlns:pvml="urn:schemas-microsoft-com:office:powerpoint" xmlns:com="http://schemas.openxmlformats.org/drawingml/2006/compatibility" xmlns:p14="http://schemas.microsoft.com/office/powerpoint/2010/main" xmlns:p15="http://schemas.microsoft.com/office/powerpoint/2012/main" matchingName="Quote"><p:cSld name="TITLE_1_1"><p:bg><p:bgPr><a:blipFill><a:blip r:embed="rId2"><a:alphaModFix/></a:blip><a:stretch><a:fillRect/></a:stretch></a:blipFill></p:bgPr></p:bg><p:spTree><p:nvGrpSpPr><p:cNvPr id="17" name="Shape 17"/><p:cNvGrpSpPr/><p:nvPr/></p:nvGrpSpPr><p:grpSpPr><a:xfrm><a:off x="0" y="0"/><a:ext cx="0" cy="0"/><a:chOff x="0" y="0"/><a:chExt cx="0" cy="0"/></a:xfrm></p:grpSpPr><p:pic><p:nvPicPr><p:cNvPr descr="paint_transparent4.png" id="18" name="Shape 18"/><p:cNvPicPr preferRelativeResize="0"/><p:nvPr/></p:nvPicPr><p:blipFill><a:blip r:embed="rId3"><a:alphaModFix/></a:blip><a:stretch><a:fillRect/></a:stretch></p:blipFill><p:spPr><a:xfrm><a:off x="0" y="-12"/><a:ext cx="9144000" cy="5143513"/></a:xfrm><a:prstGeom prst="rect"><a:avLst/></a:prstGeom><a:noFill/><a:ln><a:noFill/></a:ln></p:spPr></p:pic><p:sp><p:nvSpPr><p:cNvPr id="19" name="Shape 19"/><p:cNvSpPr txBox="1"/><p:nvPr><p:ph idx="1" type="body"/></p:nvPr></p:nvSpPr><p:spPr><a:xfrm><a:off x="2483350" y="836125"/><a:ext cx="4177200" cy="3471300"/></a:xfrm><a:prstGeom prst="rect"><a:avLst/></a:prstGeom></p:spPr><p:txBody><a:bodyPr anchorCtr="0" anchor="ctr" bIns="91425" lIns="91425" spcFirstLastPara="1" rIns="91425" wrap="square" tIns="91425"/><a:lstStyle><a:lvl1pPr indent="-381000" lvl="0" marL="457200" rtl="0" algn="ctr"><a:spcBef><a:spcPts val="600"/></a:spcBef><a:spcAft><a:spcPts val="0"/></a:spcAft><a:buClr><a:srgbClr val="FFFFFF"/></a:buClr><a:buSzPts val="2400"/><a:buChar char="×"/><a:defRPr i="1" sz="2400"><a:solidFill><a:srgbClr val="FFFFFF"/></a:solidFill></a:defRPr></a:lvl1pPr><a:lvl2pPr indent="-381000" lvl="1" marL="914400" rtl="0" algn="ctr"><a:spcBef><a:spcPts val="0"/></a:spcBef><a:spcAft><a:spcPts val="0"/></a:spcAft><a:buClr><a:srgbClr val="FFFFFF"/></a:buClr><a:buSzPts val="2400"/><a:buChar char="×"/><a:defRPr i="1" sz="2400"><a:solidFill><a:srgbClr val="FFFFFF"/></a:solidFill></a:defRPr></a:lvl2pPr><a:lvl3pPr indent="-381000" lvl="2" marL="1371600" rtl="0" algn="ctr"><a:spcBef><a:spcPts val="0"/></a:spcBef><a:spcAft><a:spcPts val="0"/></a:spcAft><a:buClr><a:srgbClr val="FFFFFF"/></a:buClr><a:buSzPts val="2400"/><a:buChar char="×"/><a:defRPr i="1" sz="2400"><a:solidFill><a:srgbClr val="FFFFFF"/></a:solidFill></a:defRPr></a:lvl3pPr><a:lvl4pPr indent="-381000" lvl="3" marL="1828800" rtl="0" algn="ctr"><a:spcBef><a:spcPts val="0"/></a:spcBef><a:spcAft><a:spcPts val="0"/></a:spcAft><a:buClr><a:srgbClr val="FFFFFF"/></a:buClr><a:buSzPts val="2400"/><a:buChar char="×"/><a:defRPr i="1" sz="2400"><a:solidFill><a:srgbClr val="FFFFFF"/></a:solidFill></a:defRPr></a:lvl4pPr><a:lvl5pPr indent="-381000" lvl="4" marL="2286000" rtl="0" algn="ctr"><a:spcBef><a:spcPts val="0"/></a:spcBef><a:spcAft><a:spcPts val="0"/></a:spcAft><a:buClr><a:srgbClr val="FFFFFF"/></a:buClr><a:buSzPts val="2400"/><a:buChar char="○"/><a:defRPr i="1" sz="2400"><a:solidFill><a:srgbClr val="FFFFFF"/></a:solidFill></a:defRPr></a:lvl5pPr><a:lvl6pPr indent="-381000" lvl="5" marL="2743200" rtl="0" algn="ctr"><a:spcBef><a:spcPts val="0"/></a:spcBef><a:spcAft><a:spcPts val="0"/></a:spcAft><a:buClr><a:srgbClr val="FFFFFF"/></a:buClr><a:buSzPts val="2400"/><a:buChar char="■"/><a:defRPr i="1" sz="2400"><a:solidFill><a:srgbClr val="FFFFFF"/></a:solidFill></a:defRPr></a:lvl6pPr><a:lvl7pPr indent="-381000" lvl="6" marL="3200400" rtl="0" algn="ctr"><a:spcBef><a:spcPts val="0"/></a:spcBef><a:spcAft><a:spcPts val="0"/></a:spcAft><a:buClr><a:srgbClr val="FFFFFF"/></a:buClr><a:buSzPts val="2400"/><a:buChar char="●"/><a:defRPr i="1" sz="2400"><a:solidFill><a:srgbClr val="FFFFFF"/></a:solidFill></a:defRPr></a:lvl7pPr><a:lvl8pPr indent="-381000" lvl="7" marL="3657600" rtl="0" algn="ctr"><a:spcBef><a:spcPts val="0"/></a:spcBef><a:spcAft><a:spcPts val="0"/></a:spcAft><a:buClr><a:srgbClr val="FFFFFF"/></a:buClr><a:buSzPts val="2400"/><a:buChar char="○"/><a:defRPr i="1" sz="2400"><a:solidFill><a:srgbClr val="FFFFFF"/></a:solidFill></a:defRPr></a:lvl8pPr><a:lvl9pPr indent="-381000" lvl="8" marL="4114800" algn="ctr"><a:spcBef><a:spcPts val="0"/></a:spcBef><a:spcAft><a:spcPts val="0"/></a:spcAft><a:buClr><a:srgbClr val="FFFFFF"/></a:buClr><a:buSzPts val="2400"/><a:buChar char="■"/><a:defRPr i="1" sz="2400"><a:solidFill><a:srgbClr val="FFFFFF"/></a:solidFill></a:defRPr></a:lvl9pPr></a:lstStyle><a:p/></p:txBody></p:sp><p:sp><p:nvSpPr><p:cNvPr id="20" name="Shape 20"/><p:cNvSpPr txBox="1"/><p:nvPr><p:ph idx="12" type="sldNum"/></p:nvPr></p:nvSpPr><p:spPr><a:xfrm><a:off x="4297650" y="4673651"/><a:ext cx="548700" cy="393600"/></a:xfrm><a:prstGeom prst="rect"><a:avLst/></a:prstGeom></p:spPr><p:txBody><a:bodyPr anchorCtr="0" anchor="ctr" bIns="91425" lIns="91425" spcFirstLastPara="1" rIns="91425" wrap="square" tIns="91425"><a:noAutofit/></a:bodyPr><a:lstStyle><a:lvl1pPr lvl="0" algn="ctr"><a:buNone/><a:defRPr/></a:lvl1pPr><a:lvl2pPr lvl="1" algn="ctr"><a:buNone/><a:defRPr/></a:lvl2pPr><a:lvl3pPr lvl="2" algn="ctr"><a:buNone/><a:defRPr/></a:lvl3pPr><a:lvl4pPr lvl="3" algn="ctr"><a:buNone/><a:defRPr/></a:lvl4pPr><a:lvl5pPr lvl="4" algn="ctr"><a:buNone/><a:defRPr/></a:lvl5pPr><a:lvl6pPr lvl="5" algn="ctr"><a:buNone/><a:defRPr/></a:lvl6pPr><a:lvl7pPr lvl="6" algn="ctr"><a:buNone/><a:defRPr/></a:lvl7pPr><a:lvl8pPr lvl="7" algn="ctr"><a:buNone/><a:defRPr/></a:lvl8pPr><a:lvl9pPr lvl="8" algn="ctr"><a:buNone/><a:defRPr/></a:lvl9pPr></a:lstStyle><a:p><a:pPr indent="0" lvl="0" marL="0"><a:spcBef><a:spcPts val="0"/></a:spcBef><a:spcAft><a:spcPts val="0"/></a:spcAft><a:buNone/></a:pPr><a:fld id="{00000000-1234-1234-1234-123412341234}" type="slidenum"><a:rPr lang="en"/><a:t>‹#›</a:t></a:fld><a:endParaRPr/></a:p></p:txBody></p:sp></p:spTree></p:cSld><p:clrMapOvr><a:masterClrMapping/></p:clrMapOvr></p:sldLayout>