<?xml version="1.0" encoding="UTF-8" standalone="yes"?><p:sld xmlns:a="http://schemas.openxmlformats.org/drawingml/2006/main" xmlns:r="http://schemas.openxmlformats.org/officeDocument/2006/relationships" xmlns:mc="http://schemas.openxmlformats.org/markup-compatibility/2006" xmlns:mv="urn:schemas-microsoft-com:mac:vml" xmlns:p="http://schemas.openxmlformats.org/presentationml/2006/main" xmlns:c="http://schemas.openxmlformats.org/drawingml/2006/chart" xmlns:dgm="http://schemas.openxmlformats.org/drawingml/2006/diagram" xmlns:o="urn:schemas-microsoft-com:office:office" xmlns:v="urn:schemas-microsoft-com:vml" xmlns:pvml="urn:schemas-microsoft-com:office:powerpoint" xmlns:com="http://schemas.openxmlformats.org/drawingml/2006/compatibility" xmlns:p14="http://schemas.microsoft.com/office/powerpoint/2010/main" xmlns:p15="http://schemas.microsoft.com/office/powerpoint/2012/main"><p:cSld><p:spTree><p:nvGrpSpPr><p:cNvPr id="64" name="Shape 64"/><p:cNvGrpSpPr/><p:nvPr/></p:nvGrpSpPr><p:grpSpPr><a:xfrm><a:off x="0" y="0"/><a:ext cx="0" cy="0"/><a:chOff x="0" y="0"/><a:chExt cx="0" cy="0"/></a:xfrm></p:grpSpPr><p:sp><p:nvSpPr><p:cNvPr id="65" name="Shape 65"/><p:cNvSpPr txBox="1"/><p:nvPr><p:ph type="title"/></p:nvPr></p:nvSpPr><p:spPr><a:xfrm><a:off x="457200" y="434575"/><a:ext cx="5511300" cy="857400"/></a:xfrm><a:prstGeom prst="rect"><a:avLst/></a:prstGeom></p:spPr><p:txBody><a:bodyPr anchorCtr="0" anchor="b" bIns="91425" lIns="91425" spcFirstLastPara="1" rIns="91425" wrap="square" tIns="91425"><a:noAutofit/></a:bodyPr><a:lstStyle/><a:p><a:pPr indent="0" lvl="0" marL="0" rtl="0"><a:spcBef><a:spcPts val="0"/></a:spcBef><a:spcAft><a:spcPts val="0"/></a:spcAft><a:buNone/></a:pPr><a:r><a:rPr lang="en"/><a:t>Instructions for use</a:t></a:r><a:endParaRPr/></a:p></p:txBody></p:sp><p:sp><p:nvSpPr><p:cNvPr id="66" name="Shape 66"/><p:cNvSpPr txBox="1"/><p:nvPr><p:ph idx="2" type="body"/></p:nvPr></p:nvSpPr><p:spPr><a:xfrm><a:off x="3293406" y="1297425"/><a:ext cx="2675100" cy="2637900"/></a:xfrm><a:prstGeom prst="rect"><a:avLst/></a:prstGeom></p:spPr><p:txBody><a:bodyPr anchorCtr="0" anchor="t" bIns="91425" lIns="91425" spcFirstLastPara="1" rIns="91425" wrap="square" tIns="91425"><a:noAutofit/></a:bodyPr><a:lstStyle/><a:p><a:pPr indent="0" lvl="0" marL="0" rtl="0"><a:spcBef><a:spcPts val="600"/></a:spcBef><a:spcAft><a:spcPts val="0"/></a:spcAft><a:buNone/></a:pPr><a:r><a:rPr b="1" lang="en" sz="1200"/><a:t>EDIT IN POWERPOINT®</a:t></a:r><a:endParaRPr sz="1200"/></a:p><a:p><a:pPr indent="0" lvl="0" marL="0" rtl="0"><a:spcBef><a:spcPts val="600"/></a:spcBef><a:spcAft><a:spcPts val="0"/></a:spcAft><a:buNone/></a:pPr><a:r><a:rPr lang="en" sz="1200"/><a:t>Click on the button under the presentation preview that says </a:t></a:r><a:r><a:rPr b="1" lang="en" sz="1200"/><a:t>&quot;Download as PowerPoint template&quot;</a:t></a:r><a:r><a:rPr lang="en" sz="1200"/><a:t>. You will get a .pptx file that you can edit in PowerPoint. </a:t></a:r><a:endParaRPr sz="1200"/></a:p><a:p><a:pPr indent="0" lvl="0" marL="0" rtl="0"><a:spcBef><a:spcPts val="600"/></a:spcBef><a:spcAft><a:spcPts val="0"/></a:spcAft><a:buNone/></a:pPr><a:r><a:rPr lang="en" sz="1200"/><a:t>Remember to download and install the fonts used in this presentation (you’ll find the links to the font files needed in the </a:t></a:r><a:r><a:rPr lang="en" sz="1200" u="sng"><a:hlinkClick action="ppaction://hlinksldjump" r:id="rId3"/></a:rPr><a:t>Presentation design slide</a:t></a:r><a:r><a:rPr lang="en" sz="1200"/><a:t>)</a:t></a:r><a:endParaRPr sz="1200"/></a:p><a:p><a:pPr indent="0" lvl="0" marL="0" rtl="0"><a:spcBef><a:spcPts val="600"/></a:spcBef><a:spcAft><a:spcPts val="0"/></a:spcAft><a:buClr><a:schemeClr val="dk1"/></a:buClr><a:buSzPts val="1100"/><a:buFont typeface="Arial"/><a:buNone/></a:pPr><a:r><a:t></a:t></a:r><a:endParaRPr b="1" sz="1200"/></a:p></p:txBody></p:sp><p:sp><p:nvSpPr><p:cNvPr id="67" name="Shape 67"/><p:cNvSpPr txBox="1"/><p:nvPr><p:ph idx="1" type="body"/></p:nvPr></p:nvSpPr><p:spPr><a:xfrm><a:off x="457200" y="1297425"/><a:ext cx="2675100" cy="2637900"/></a:xfrm><a:prstGeom prst="rect"><a:avLst/></a:prstGeom></p:spPr><p:txBody><a:bodyPr anchorCtr="0" anchor="t" bIns="91425" lIns="91425" spcFirstLastPara="1" rIns="91425" wrap="square" tIns="91425"><a:noAutofit/></a:bodyPr><a:lstStyle/><a:p><a:pPr indent="0" lvl="0" marL="0" rtl="0"><a:spcBef><a:spcPts val="600"/></a:spcBef><a:spcAft><a:spcPts val="0"/></a:spcAft><a:buClr><a:schemeClr val="dk1"/></a:buClr><a:buSzPts val="1100"/><a:buFont typeface="Arial"/><a:buNone/></a:pPr><a:r><a:rPr b="1" lang="en" sz="1200"/><a:t>EDIT IN GOOGLE SLIDES</a:t></a:r><a:endParaRPr sz="1200"/></a:p><a:p><a:pPr indent="0" lvl="0" marL="0" rtl="0"><a:spcBef><a:spcPts val="600"/></a:spcBef><a:spcAft><a:spcPts val="0"/></a:spcAft><a:buClr><a:schemeClr val="dk1"/></a:buClr><a:buSzPts val="1100"/><a:buFont typeface="Arial"/><a:buNone/></a:pPr><a:r><a:rPr lang="en" sz="1200"/><a:t>Click on the button under the presentation preview that says </a:t></a:r><a:r><a:rPr b="1" lang="en" sz="1200"/><a:t>&quot;Use as Google Slides Theme&quot;</a:t></a:r><a:r><a:rPr lang="en" sz="1200"/><a:t>.</a:t></a:r><a:endParaRPr sz="1200"/></a:p><a:p><a:pPr indent="0" lvl="0" marL="0" rtl="0"><a:spcBef><a:spcPts val="600"/></a:spcBef><a:spcAft><a:spcPts val="0"/></a:spcAft><a:buClr><a:schemeClr val="dk1"/></a:buClr><a:buSzPts val="1100"/><a:buFont typeface="Arial"/><a:buNone/></a:pPr><a:r><a:rPr lang="en" sz="1200"/><a:t>You will get a copy of this document on your Google Drive and will be able to edit, add or delete slides.</a:t></a:r><a:endParaRPr sz="1200"/></a:p><a:p><a:pPr indent="0" lvl="0" marL="0"><a:spcBef><a:spcPts val="600"/></a:spcBef><a:spcAft><a:spcPts val="0"/></a:spcAft><a:buClr><a:schemeClr val="dk1"/></a:buClr><a:buSzPts val="1100"/><a:buFont typeface="Arial"/><a:buNone/></a:pPr><a:r><a:rPr b="1" lang="en" sz="1200"/><a:t>You have to be signed in to your Google account.</a:t></a:r><a:endParaRPr/></a:p></p:txBody></p:sp><p:sp><p:nvSpPr><p:cNvPr id="68" name="Shape 68"/><p:cNvSpPr txBox="1"/><p:nvPr><p:ph idx="2" type="body"/></p:nvPr></p:nvSpPr><p:spPr><a:xfrm><a:off x="457200" y="3823850"/><a:ext cx="5511300" cy="1141200"/></a:xfrm><a:prstGeom prst="rect"><a:avLst/></a:prstGeom></p:spPr><p:txBody><a:bodyPr anchorCtr="0" anchor="t" bIns="91425" lIns="91425" spcFirstLastPara="1" rIns="91425" wrap="square" tIns="91425"><a:noAutofit/></a:bodyPr><a:lstStyle/><a:p><a:pPr indent="0" lvl="0" marL="0" rtl="0"><a:spcBef><a:spcPts val="0"/></a:spcBef><a:spcAft><a:spcPts val="0"/></a:spcAft><a:buNone/></a:pPr><a:r><a:rPr b="1" lang="en" sz="1000"><a:solidFill><a:srgbClr val="B45F06"/></a:solidFill></a:rPr><a:t>More info on how to use this template at </a:t></a:r><a:r><a:rPr b="1" lang="en" sz="1000" u="sng"><a:solidFill><a:srgbClr val="B45F06"/></a:solidFill><a:hlinkClick r:id="rId4"/></a:rPr><a:t>www.slidescarnival.com/help-use-presentation-template</a:t></a:r><a:endParaRPr b="1" sz="1000"><a:solidFill><a:srgbClr val="B45F06"/></a:solidFill></a:endParaRPr></a:p><a:p><a:pPr indent="0" lvl="0" marL="0" rtl="0"><a:spcBef><a:spcPts val="0"/></a:spcBef><a:spcAft><a:spcPts val="0"/></a:spcAft><a:buClr><a:schemeClr val="dk1"/></a:buClr><a:buSzPts val="1100"/><a:buFont typeface="Arial"/><a:buNone/></a:pPr><a:r><a:rPr lang="en" sz="1000"><a:solidFill><a:srgbClr val="B45F06"/></a:solidFill></a:rPr><a:t>This template is free to use under </a:t></a:r><a:r><a:rPr lang="en" sz="1000" u="sng"><a:solidFill><a:srgbClr val="B45F06"/></a:solidFill><a:hlinkClick r:id="rId5"/></a:rPr><a:t>Creative Commons Attribution license</a:t></a:r><a:r><a:rPr lang="en" sz="1000"><a:solidFill><a:srgbClr val="B45F06"/></a:solidFill></a:rPr><a:t>. You can keep the Credits slide or mention SlidesCarnival and other resources used in a slide footer.</a:t></a:r><a:endParaRPr sz="1000"><a:solidFill><a:srgbClr val="B45F06"/></a:solidFill></a:endParaRPr></a:p><a:p><a:pPr indent="0" lvl="0" marL="0" rtl="0"><a:spcBef><a:spcPts val="0"/></a:spcBef><a:spcAft><a:spcPts val="0"/></a:spcAft><a:buClr><a:schemeClr val="dk1"/></a:buClr><a:buSzPts val="1100"/><a:buFont typeface="Arial"/><a:buNone/></a:pPr><a:r><a:t></a:t></a:r><a:endParaRPr sz="1000"><a:solidFill><a:srgbClr val="B45F06"/></a:solidFill></a:endParaRPr></a:p><a:p><a:pPr indent="0" lvl="0" marL="0" rtl="0"><a:spcBef><a:spcPts val="0"/></a:spcBef><a:spcAft><a:spcPts val="0"/></a:spcAft><a:buNone/></a:pPr><a:r><a:t></a:t></a:r><a:endParaRPr sz="1000"><a:solidFill><a:srgbClr val="B45F06"/></a:solidFill></a:endParaRPr></a:p></p:txBody></p:sp><p:sp><p:nvSpPr><p:cNvPr id="69" name="Shape 69"/><p:cNvSpPr txBox="1"/><p:nvPr><p:ph idx="12" type="sldNum"/></p:nvPr></p:nvSpPr><p:spPr><a:xfrm><a:off x="8480584" y="4673651"/><a:ext cx="548700" cy="393600"/></a:xfrm><a:prstGeom prst="rect"><a:avLst/></a:prstGeom></p:spPr><p:txBody><a:bodyPr anchorCtr="0" anchor="ctr" bIns="91425" lIns="91425" spcFirstLastPara="1" rIns="91425" wrap="square" tIns="91425"><a:noAutofit/></a:bodyPr><a:lstStyle/><a:p><a:pPr indent="0" lvl="0" marL="0"><a:spcBef><a:spcPts val="0"/></a:spcBef><a:spcAft><a:spcPts val="0"/></a:spcAft><a:buNone/></a:pPr><a:fld id="{00000000-1234-1234-1234-123412341234}" type="slidenum"><a:rPr lang="en"/><a:t>‹#›</a:t></a:fld><a:endParaRPr/></a:p></p:txBody></p:sp></p:spTree></p:cSld><p:clrMapOvr><a:masterClrMapping/></p:clrMapOvr></p:sld>