<?xml version="1.0" encoding="UTF-8" standalone="yes"?><p:sld xmlns:a="http://schemas.openxmlformats.org/drawingml/2006/main" xmlns:r="http://schemas.openxmlformats.org/officeDocument/2006/relationships" xmlns:mc="http://schemas.openxmlformats.org/markup-compatibility/2006" xmlns:mv="urn:schemas-microsoft-com:mac:vml" xmlns:p="http://schemas.openxmlformats.org/presentationml/2006/main" xmlns:c="http://schemas.openxmlformats.org/drawingml/2006/chart" xmlns:dgm="http://schemas.openxmlformats.org/drawingml/2006/diagram" xmlns:o="urn:schemas-microsoft-com:office:office" xmlns:v="urn:schemas-microsoft-com:vml" xmlns:pvml="urn:schemas-microsoft-com:office:powerpoint" xmlns:com="http://schemas.openxmlformats.org/drawingml/2006/compatibility" xmlns:p14="http://schemas.microsoft.com/office/powerpoint/2010/main" xmlns:p15="http://schemas.microsoft.com/office/powerpoint/2012/main"><p:cSld><p:spTree><p:nvGrpSpPr><p:cNvPr id="257" name="Shape 257"/><p:cNvGrpSpPr/><p:nvPr/></p:nvGrpSpPr><p:grpSpPr><a:xfrm><a:off x="0" y="0"/><a:ext cx="0" cy="0"/><a:chOff x="0" y="0"/><a:chExt cx="0" cy="0"/></a:xfrm></p:grpSpPr><p:sp><p:nvSpPr><p:cNvPr id="258" name="Shape 258"/><p:cNvSpPr txBox="1"/><p:nvPr><p:ph type="title"/></p:nvPr></p:nvSpPr><p:spPr><a:xfrm><a:off x="457200" y="1348975"/><a:ext cx="5511300" cy="857400"/></a:xfrm><a:prstGeom prst="rect"><a:avLst/></a:prstGeom></p:spPr><p:txBody><a:bodyPr anchorCtr="0" anchor="b" bIns="91425" lIns="91425" spcFirstLastPara="1" rIns="91425" wrap="square" tIns="91425"><a:noAutofit/></a:bodyPr><a:lstStyle/><a:p><a:pPr indent="0" lvl="0" marL="0" rtl="0"><a:spcBef><a:spcPts val="0"/></a:spcBef><a:spcAft><a:spcPts val="0"/></a:spcAft><a:buNone/></a:pPr><a:r><a:rPr lang="en"/><a:t>Credits</a:t></a:r><a:endParaRPr/></a:p></p:txBody></p:sp><p:sp><p:nvSpPr><p:cNvPr id="259" name="Shape 259"/><p:cNvSpPr txBox="1"/><p:nvPr><p:ph idx="1" type="body"/></p:nvPr></p:nvSpPr><p:spPr><a:xfrm><a:off x="457200" y="2244400"/><a:ext cx="5511300" cy="2605200"/></a:xfrm><a:prstGeom prst="rect"><a:avLst/></a:prstGeom></p:spPr><p:txBody><a:bodyPr anchorCtr="0" anchor="t" bIns="91425" lIns="91425" spcFirstLastPara="1" rIns="91425" wrap="square" tIns="91425"><a:noAutofit/></a:bodyPr><a:lstStyle/><a:p><a:pPr indent="0" lvl="0" marL="0" rtl="0"><a:spcBef><a:spcPts val="600"/></a:spcBef><a:spcAft><a:spcPts val="0"/></a:spcAft><a:buNone/></a:pPr><a:r><a:rPr lang="en"/><a:t>Special thanks to all the people who made and released these awesome resources for free:</a:t></a:r><a:endParaRPr/></a:p><a:p><a:pPr indent="-342900" lvl="0" marL="457200" rtl="0"><a:lnSpc><a:spcPct val="115000"/></a:lnSpc><a:spcBef><a:spcPts val="600"/></a:spcBef><a:spcAft><a:spcPts val="0"/></a:spcAft><a:buSzPts val="1800"/><a:buChar char="×"/></a:pPr><a:r><a:rPr lang="en"/><a:t>Presentation template by </a:t></a:r><a:r><a:rPr lang="en" u="sng"><a:solidFill><a:srgbClr val="3D85C6"/></a:solidFill><a:hlinkClick r:id="rId3"/></a:rPr><a:t>SlidesCarnival</a:t></a:r><a:endParaRPr><a:solidFill><a:srgbClr val="3D85C6"/></a:solidFill></a:endParaRPr></a:p><a:p><a:pPr indent="-342900" lvl="0" marL="457200" rtl="0"><a:lnSpc><a:spcPct val="115000"/></a:lnSpc><a:spcBef><a:spcPts val="0"/></a:spcBef><a:spcAft><a:spcPts val="0"/></a:spcAft><a:buSzPts val="1800"/><a:buChar char="×"/></a:pPr><a:r><a:rPr lang="en"/><a:t>Photographs by </a:t></a:r><a:r><a:rPr lang="en" u="sng"><a:solidFill><a:srgbClr val="3D85C6"/></a:solidFill><a:hlinkClick r:id="rId4"/></a:rPr><a:t>Unsplash</a:t></a:r><a:endParaRPr><a:solidFill><a:srgbClr val="3D85C6"/></a:solidFill></a:endParaRPr></a:p><a:p><a:pPr indent="-342900" lvl="0" marL="457200" rtl="0"><a:lnSpc><a:spcPct val="115000"/></a:lnSpc><a:spcBef><a:spcPts val="0"/></a:spcBef><a:spcAft><a:spcPts val="0"/></a:spcAft><a:buSzPts val="1800"/><a:buChar char="×"/></a:pPr><a:r><a:rPr lang="en"/><a:t>Watercolor textures</a:t></a:r><a:r><a:rPr lang="en"/><a:t> by </a:t></a:r><a:r><a:rPr lang="en" u="sng"><a:solidFill><a:srgbClr val="3D85C6"/></a:solidFill><a:hlinkClick r:id="rId5"/></a:rPr><a:t>GraphicBurguer</a:t></a:r><a:endParaRPr><a:solidFill><a:srgbClr val="3D85C6"/></a:solidFill></a:endParaRPr></a:p></p:txBody></p:sp><p:sp><p:nvSpPr><p:cNvPr id="260" name="Shape 260"/><p:cNvSpPr txBox="1"/><p:nvPr><p:ph idx="12" type="sldNum"/></p:nvPr></p:nvSpPr><p:spPr><a:xfrm><a:off x="8480584" y="4673651"/><a:ext cx="548700" cy="393600"/></a:xfrm><a:prstGeom prst="rect"><a:avLst/></a:prstGeom></p:spPr><p:txBody><a:bodyPr anchorCtr="0" anchor="ctr" bIns="91425" lIns="91425" spcFirstLastPara="1" rIns="91425" wrap="square" tIns="91425"><a:noAutofit/></a:bodyPr><a:lstStyle/><a:p><a:pPr indent="0" lvl="0" marL="0"><a:spcBef><a:spcPts val="0"/></a:spcBef><a:spcAft><a:spcPts val="0"/></a:spcAft><a:buNone/></a:pPr><a:fld id="{00000000-1234-1234-1234-123412341234}" type="slidenum"><a:rPr lang="en"/><a:t>‹#›</a:t></a:fld><a:endParaRPr/></a:p></p:txBody></p:sp></p:spTree></p:cSld><p:clrMapOvr><a:masterClrMapping/></p:clrMapOvr></p:sld>