<?xml version="1.0" encoding="UTF-8" standalone="yes"?><p:sld xmlns:a="http://schemas.openxmlformats.org/drawingml/2006/main" xmlns:r="http://schemas.openxmlformats.org/officeDocument/2006/relationships" xmlns:mc="http://schemas.openxmlformats.org/markup-compatibility/2006" xmlns:mv="urn:schemas-microsoft-com:mac:vml" xmlns:p="http://schemas.openxmlformats.org/presentationml/2006/main" xmlns:c="http://schemas.openxmlformats.org/drawingml/2006/chart" xmlns:dgm="http://schemas.openxmlformats.org/drawingml/2006/diagram" xmlns:o="urn:schemas-microsoft-com:office:office" xmlns:v="urn:schemas-microsoft-com:vml" xmlns:pvml="urn:schemas-microsoft-com:office:powerpoint" xmlns:com="http://schemas.openxmlformats.org/drawingml/2006/compatibility" xmlns:p14="http://schemas.microsoft.com/office/powerpoint/2010/main" xmlns:p15="http://schemas.microsoft.com/office/powerpoint/2012/main"><p:cSld><p:bg><p:bgPr><a:blipFill><a:blip r:embed="rId3"><a:alphaModFix/></a:blip><a:stretch><a:fillRect/></a:stretch></a:blipFill></p:bgPr></p:bg><p:spTree><p:nvGrpSpPr><p:cNvPr id="233" name="Shape 233"/><p:cNvGrpSpPr/><p:nvPr/></p:nvGrpSpPr><p:grpSpPr><a:xfrm><a:off x="0" y="0"/><a:ext cx="0" cy="0"/><a:chOff x="0" y="0"/><a:chExt cx="0" cy="0"/></a:xfrm></p:grpSpPr><p:sp><p:nvSpPr><p:cNvPr id="234" name="Shape 234"/><p:cNvSpPr/><p:nvPr/></p:nvSpPr><p:spPr><a:xfrm><a:off x="408877" y="535613"/><a:ext cx="2879504" cy="4072345"/></a:xfrm><a:custGeom><a:pathLst><a:path extrusionOk="0" h="86210" w="60958"><a:moveTo><a:pt x="28985" y="3938"/></a:moveTo><a:lnTo><a:pt x="29189" y="4006"/></a:lnTo><a:lnTo><a:pt x="29189" y="4141"/></a:lnTo><a:lnTo><a:pt x="29189" y="4277"/></a:lnTo><a:lnTo><a:pt x="28985" y="4345"/></a:lnTo><a:lnTo><a:pt x="28850" y="4277"/></a:lnTo><a:lnTo><a:pt x="28782" y="4141"/></a:lnTo><a:lnTo><a:pt x="28850" y="4006"/></a:lnTo><a:lnTo><a:pt x="28985" y="3938"/></a:lnTo><a:close/><a:moveTo><a:pt x="30479" y="3734"/></a:moveTo><a:lnTo><a:pt x="30615" y="3802"/></a:lnTo><a:lnTo><a:pt x="30750" y="3870"/></a:lnTo><a:lnTo><a:pt x="30818" y="4006"/></a:lnTo><a:lnTo><a:pt x="30818" y="4141"/></a:lnTo><a:lnTo><a:pt x="30818" y="4277"/></a:lnTo><a:lnTo><a:pt x="30750" y="4345"/></a:lnTo><a:lnTo><a:pt x="30615" y="4481"/></a:lnTo><a:lnTo><a:pt x="30343" y="4481"/></a:lnTo><a:lnTo><a:pt x="30207" y="4345"/></a:lnTo><a:lnTo><a:pt x="30139" y="4277"/></a:lnTo><a:lnTo><a:pt x="30139" y="4141"/></a:lnTo><a:lnTo><a:pt x="30139" y="4006"/></a:lnTo><a:lnTo><a:pt x="30207" y="3870"/></a:lnTo><a:lnTo><a:pt x="30343" y="3802"/></a:lnTo><a:lnTo><a:pt x="30479" y="3734"/></a:lnTo><a:close/><a:moveTo><a:pt x="56885" y="7943"/></a:moveTo><a:lnTo><a:pt x="56885" y="78132"/></a:lnTo><a:lnTo><a:pt x="56817" y="78200"/></a:lnTo><a:lnTo><a:pt x="4209" y="78200"/></a:lnTo><a:lnTo><a:pt x="4141" y="78132"/></a:lnTo><a:lnTo><a:pt x="4141" y="7943"/></a:lnTo><a:close/><a:moveTo><a:pt x="30479" y="80440"/></a:moveTo><a:lnTo><a:pt x="30071" y="80508"/></a:lnTo><a:lnTo><a:pt x="29732" y="80576"/></a:lnTo><a:lnTo><a:pt x="29461" y="80779"/></a:lnTo><a:lnTo><a:pt x="29189" y="80983"/></a:lnTo><a:lnTo><a:pt x="28917" y="81255"/></a:lnTo><a:lnTo><a:pt x="28782" y="81594"/></a:lnTo><a:lnTo><a:pt x="28646" y="81933"/></a:lnTo><a:lnTo><a:pt x="28646" y="82273"/></a:lnTo><a:lnTo><a:pt x="28646" y="82341"/></a:lnTo><a:lnTo><a:pt x="28646" y="82680"/></a:lnTo><a:lnTo><a:pt x="28782" y="83020"/></a:lnTo><a:lnTo><a:pt x="28985" y="83291"/></a:lnTo><a:lnTo><a:pt x="29189" y="83563"/></a:lnTo><a:lnTo><a:pt x="29461" y="83834"/></a:lnTo><a:lnTo><a:pt x="29800" y="83970"/></a:lnTo><a:lnTo><a:pt x="30139" y="84106"/></a:lnTo><a:lnTo><a:pt x="30818" y="84106"/></a:lnTo><a:lnTo><a:pt x="31158" y="83970"/></a:lnTo><a:lnTo><a:pt x="31497" y="83766"/></a:lnTo><a:lnTo><a:pt x="31768" y="83563"/></a:lnTo><a:lnTo><a:pt x="31972" y="83291"/></a:lnTo><a:lnTo><a:pt x="32176" y="83020"/></a:lnTo><a:lnTo><a:pt x="32244" y="82612"/></a:lnTo><a:lnTo><a:pt x="32312" y="82273"/></a:lnTo><a:lnTo><a:pt x="32244" y="81933"/></a:lnTo><a:lnTo><a:pt x="32176" y="81594"/></a:lnTo><a:lnTo><a:pt x="31972" y="81255"/></a:lnTo><a:lnTo><a:pt x="31768" y="80983"/></a:lnTo><a:lnTo><a:pt x="31497" y="80779"/></a:lnTo><a:lnTo><a:pt x="31158" y="80576"/></a:lnTo><a:lnTo><a:pt x="30818" y="80508"/></a:lnTo><a:lnTo><a:pt x="30479" y="80440"/></a:lnTo><a:close/><a:moveTo><a:pt x="30886" y="80304"/></a:moveTo><a:lnTo><a:pt x="31225" y="80440"/></a:lnTo><a:lnTo><a:pt x="31565" y="80644"/></a:lnTo><a:lnTo><a:pt x="31904" y="80847"/></a:lnTo><a:lnTo><a:pt x="32108" y="81187"/></a:lnTo><a:lnTo><a:pt x="32312" y="81526"/></a:lnTo><a:lnTo><a:pt x="32447" y="81866"/></a:lnTo><a:lnTo><a:pt x="32447" y="82273"/></a:lnTo><a:lnTo><a:pt x="32447" y="82680"/></a:lnTo><a:lnTo><a:pt x="32312" y="83020"/></a:lnTo><a:lnTo><a:pt x="32108" y="83359"/></a:lnTo><a:lnTo><a:pt x="31904" y="83698"/></a:lnTo><a:lnTo><a:pt x="31565" y="83902"/></a:lnTo><a:lnTo><a:pt x="31225" y="84106"/></a:lnTo><a:lnTo><a:pt x="30886" y="84241"/></a:lnTo><a:lnTo><a:pt x="30479" y="84309"/></a:lnTo><a:lnTo><a:pt x="30071" y="84241"/></a:lnTo><a:lnTo><a:pt x="29732" y="84106"/></a:lnTo><a:lnTo><a:pt x="29393" y="83970"/></a:lnTo><a:lnTo><a:pt x="29053" y="83698"/></a:lnTo><a:lnTo><a:pt x="28850" y="83427"/></a:lnTo><a:lnTo><a:pt x="28646" y="83087"/></a:lnTo><a:lnTo><a:pt x="28510" y="82748"/></a:lnTo><a:lnTo><a:pt x="28442" y="82341"/></a:lnTo><a:lnTo><a:pt x="28442" y="82273"/></a:lnTo><a:lnTo><a:pt x="28510" y="81866"/></a:lnTo><a:lnTo><a:pt x="28646" y="81526"/></a:lnTo><a:lnTo><a:pt x="28782" y="81187"/></a:lnTo><a:lnTo><a:pt x="29053" y="80847"/></a:lnTo><a:lnTo><a:pt x="29325" y="80644"/></a:lnTo><a:lnTo><a:pt x="29664" y="80440"/></a:lnTo><a:lnTo><a:pt x="30071" y="80304"/></a:lnTo><a:close/><a:moveTo><a:pt x="3530" y="815"/></a:moveTo><a:lnTo><a:pt x="2987" y="883"/></a:lnTo><a:lnTo><a:pt x="2512" y="1019"/></a:lnTo><a:lnTo><a:pt x="2036" y="1290"/></a:lnTo><a:lnTo><a:pt x="1629" y="1630"/></a:lnTo><a:lnTo><a:pt x="1290" y="2037"/></a:lnTo><a:lnTo><a:pt x="1086" y="2512"/></a:lnTo><a:lnTo><a:pt x="950" y="2987"/></a:lnTo><a:lnTo><a:pt x="882" y="3530"/></a:lnTo><a:lnTo><a:pt x="882" y="82612"/></a:lnTo><a:lnTo><a:pt x="950" y="83155"/></a:lnTo><a:lnTo><a:pt x="1086" y="83698"/></a:lnTo><a:lnTo><a:pt x="1358" y="84174"/></a:lnTo><a:lnTo><a:pt x="1765" y="84581"/></a:lnTo><a:lnTo><a:pt x="2172" y="84852"/></a:lnTo><a:lnTo><a:pt x="2715" y="85124"/></a:lnTo><a:lnTo><a:pt x="3258" y="85260"/></a:lnTo><a:lnTo><a:pt x="3869" y="85328"/></a:lnTo><a:lnTo><a:pt x="57156" y="85328"/></a:lnTo><a:lnTo><a:pt x="57767" y="85260"/></a:lnTo><a:lnTo><a:pt x="58310" y="85124"/></a:lnTo><a:lnTo><a:pt x="58785" y="84852"/></a:lnTo><a:lnTo><a:pt x="59260" y="84513"/></a:lnTo><a:lnTo><a:pt x="59600" y="84106"/></a:lnTo><a:lnTo><a:pt x="59871" y="83631"/></a:lnTo><a:lnTo><a:pt x="60075" y="83087"/></a:lnTo><a:lnTo><a:pt x="60143" y="82477"/></a:lnTo><a:lnTo><a:pt x="60143" y="3530"/></a:lnTo><a:lnTo><a:pt x="60075" y="2987"/></a:lnTo><a:lnTo><a:pt x="59939" y="2512"/></a:lnTo><a:lnTo><a:pt x="59668" y="2037"/></a:lnTo><a:lnTo><a:pt x="59328" y="1630"/></a:lnTo><a:lnTo><a:pt x="58921" y="1290"/></a:lnTo><a:lnTo><a:pt x="58446" y="1019"/></a:lnTo><a:lnTo><a:pt x="57903" y="883"/></a:lnTo><a:lnTo><a:pt x="57360" y="815"/></a:lnTo><a:close/><a:moveTo><a:pt x="57971" y="679"/></a:moveTo><a:lnTo><a:pt x="58514" y="883"/></a:lnTo><a:lnTo><a:pt x="58989" y="1155"/></a:lnTo><a:lnTo><a:pt x="59464" y="1494"/></a:lnTo><a:lnTo><a:pt x="59804" y="1901"/></a:lnTo><a:lnTo><a:pt x="60075" y="2444"/></a:lnTo><a:lnTo><a:pt x="60211" y="2987"/></a:lnTo><a:lnTo><a:pt x="60279" y="3530"/></a:lnTo><a:lnTo><a:pt x="60279" y="82477"/></a:lnTo><a:lnTo><a:pt x="60211" y="83087"/></a:lnTo><a:lnTo><a:pt x="60075" y="83698"/></a:lnTo><a:lnTo><a:pt x="59736" y="84174"/></a:lnTo><a:lnTo><a:pt x="59396" y="84649"/></a:lnTo><a:lnTo><a:pt x="58921" y="84988"/></a:lnTo><a:lnTo><a:pt x="58378" y="85260"/></a:lnTo><a:lnTo><a:pt x="57767" y="85463"/></a:lnTo><a:lnTo><a:pt x="57156" y="85531"/></a:lnTo><a:lnTo><a:pt x="3869" y="85531"/></a:lnTo><a:lnTo><a:pt x="3190" y="85463"/></a:lnTo><a:lnTo><a:pt x="2647" y="85260"/></a:lnTo><a:lnTo><a:pt x="2104" y="84988"/></a:lnTo><a:lnTo><a:pt x="1629" y="84649"/></a:lnTo><a:lnTo><a:pt x="1222" y="84241"/></a:lnTo><a:lnTo><a:pt x="950" y="83766"/></a:lnTo><a:lnTo><a:pt x="747" y="83223"/></a:lnTo><a:lnTo><a:pt x="679" y="82612"/></a:lnTo><a:lnTo><a:pt x="679" y="3530"/></a:lnTo><a:lnTo><a:pt x="747" y="2987"/></a:lnTo><a:lnTo><a:pt x="950" y="2444"/></a:lnTo><a:lnTo><a:pt x="1154" y="1901"/></a:lnTo><a:lnTo><a:pt x="1561" y="1494"/></a:lnTo><a:lnTo><a:pt x="1969" y="1155"/></a:lnTo><a:lnTo><a:pt x="2444" y="883"/></a:lnTo><a:lnTo><a:pt x="2987" y="679"/></a:lnTo><a:close/><a:moveTo><a:pt x="3530" y="1"/></a:moveTo><a:lnTo><a:pt x="2851" y="68"/></a:lnTo><a:lnTo><a:pt x="2172" y="204"/></a:lnTo><a:lnTo><a:pt x="1561" y="544"/></a:lnTo><a:lnTo><a:pt x="1018" y="1019"/></a:lnTo><a:lnTo><a:pt x="611" y="1562"/></a:lnTo><a:lnTo><a:pt x="272" y="2173"/></a:lnTo><a:lnTo><a:pt x="68" y="2852"/></a:lnTo><a:lnTo><a:pt x="0" y="3530"/></a:lnTo><a:lnTo><a:pt x="0" y="82612"/></a:lnTo><a:lnTo><a:pt x="68" y="83359"/></a:lnTo><a:lnTo><a:pt x="339" y="84038"/></a:lnTo><a:lnTo><a:pt x="679" y="84649"/></a:lnTo><a:lnTo><a:pt x="1154" y="85124"/></a:lnTo><a:lnTo><a:pt x="1697" y="85599"/></a:lnTo><a:lnTo><a:pt x="2376" y="85938"/></a:lnTo><a:lnTo><a:pt x="3055" y="86142"/></a:lnTo><a:lnTo><a:pt x="3869" y="86210"/></a:lnTo><a:lnTo><a:pt x="57156" y="86210"/></a:lnTo><a:lnTo><a:pt x="57903" y="86142"/></a:lnTo><a:lnTo><a:pt x="58582" y="85938"/></a:lnTo><a:lnTo><a:pt x="59260" y="85599"/></a:lnTo><a:lnTo><a:pt x="59804" y="85124"/></a:lnTo><a:lnTo><a:pt x="60347" y="84581"/></a:lnTo><a:lnTo><a:pt x="60686" y="83970"/></a:lnTo><a:lnTo><a:pt x="60890" y="83223"/></a:lnTo><a:lnTo><a:pt x="60957" y="82477"/></a:lnTo><a:lnTo><a:pt x="60957" y="3530"/></a:lnTo><a:lnTo><a:pt x="60890" y="2852"/></a:lnTo><a:lnTo><a:pt x="60686" y="2173"/></a:lnTo><a:lnTo><a:pt x="60347" y="1562"/></a:lnTo><a:lnTo><a:pt x="59939" y="1019"/></a:lnTo><a:lnTo><a:pt x="59396" y="544"/></a:lnTo><a:lnTo><a:pt x="58785" y="204"/></a:lnTo><a:lnTo><a:pt x="58106" y="68"/></a:lnTo><a:lnTo><a:pt x="57360" y="1"/></a:lnTo><a:close/></a:path></a:pathLst></a:custGeom><a:solidFill><a:srgbClr val="FFFFFF"/></a:solidFill><a:ln cap="flat" cmpd="sng" w="9525"><a:solidFill><a:srgbClr val="D9D9D9"/></a:solidFill><a:prstDash val="solid"/><a:round/><a:headEnd len="sm" w="sm" type="none"/><a:tailEnd len="sm" w="sm" type="none"/></a:ln></p:spPr><p:txBody><a:bodyPr anchorCtr="0" anchor="ctr" bIns="91425" lIns="91425" spcFirstLastPara="1" rIns="91425" wrap="square" tIns="91425"><a:noAutofit/></a:bodyPr><a:lstStyle/><a:p><a:pPr indent="0" lvl="0" marL="0"><a:spcBef><a:spcPts val="0"/></a:spcBef><a:spcAft><a:spcPts val="0"/></a:spcAft><a:buNone/></a:pPr><a:r><a:t></a:t></a:r><a:endParaRPr/></a:p></p:txBody></p:sp><p:sp><p:nvSpPr><p:cNvPr id="235" name="Shape 235"/><p:cNvSpPr/><p:nvPr/></p:nvSpPr><p:spPr><a:xfrm><a:off x="607575" y="910325"/><a:ext cx="2493300" cy="3333600"/></a:xfrm><a:prstGeom prst="rect"><a:avLst/></a:prstGeom><a:noFill/><a:ln><a:noFill/></a:ln></p:spPr><p:txBody><a:bodyPr anchorCtr="0" anchor="ctr" bIns="91425" lIns="91425" spcFirstLastPara="1" rIns="91425" wrap="square" tIns="91425"><a:noAutofit/></a:bodyPr><a:lstStyle/><a:p><a:pPr indent="0" lvl="0" marL="0" rtl="0" algn="ctr"><a:spcBef><a:spcPts val="0"/></a:spcBef><a:spcAft><a:spcPts val="0"/></a:spcAft><a:buNone/></a:pPr><a:r><a:rPr lang="en" sz="1000"><a:solidFill><a:srgbClr val="666666"/></a:solidFill><a:latin typeface="Lato Light"/><a:ea typeface="Lato Light"/><a:cs typeface="Lato Light"/><a:sym typeface="Lato Light"/></a:rPr><a:t>Place your screenshot here</a:t></a:r><a:endParaRPr sz="1000"><a:solidFill><a:srgbClr val="666666"/></a:solidFill><a:latin typeface="Lato Light"/><a:ea typeface="Lato Light"/><a:cs typeface="Lato Light"/><a:sym typeface="Lato Light"/></a:endParaRPr></a:p></p:txBody></p:sp><p:sp><p:nvSpPr><p:cNvPr id="236" name="Shape 236"/><p:cNvSpPr txBox="1"/><p:nvPr><p:ph idx="12" type="sldNum"/></p:nvPr></p:nvSpPr><p:spPr><a:xfrm><a:off x="8480584" y="4673651"/><a:ext cx="548700" cy="393600"/></a:xfrm><a:prstGeom prst="rect"><a:avLst/></a:prstGeom></p:spPr><p:txBody><a:bodyPr anchorCtr="0" anchor="ctr" bIns="91425" lIns="91425" spcFirstLastPara="1" rIns="91425" wrap="square" tIns="91425"><a:noAutofit/></a:bodyPr><a:lstStyle/><a:p><a:pPr indent="0" lvl="0" marL="0" rtl="0" algn="r"><a:spcBef><a:spcPts val="0"/></a:spcBef><a:spcAft><a:spcPts val="0"/></a:spcAft><a:buNone/></a:pPr><a:fld id="{00000000-1234-1234-1234-123412341234}" type="slidenum"><a:rPr lang="en"/><a:t>‹#›</a:t></a:fld><a:endParaRPr/></a:p></p:txBody></p:sp><p:sp><p:nvSpPr><p:cNvPr id="237" name="Shape 237"/><p:cNvSpPr txBox="1"/><p:nvPr><p:ph idx="4294967295" type="body"/></p:nvPr></p:nvSpPr><p:spPr><a:xfrm><a:off x="5889250" y="444300"/><a:ext cx="2738700" cy="4254900"/></a:xfrm><a:prstGeom prst="rect"><a:avLst/></a:prstGeom></p:spPr><p:txBody><a:bodyPr anchorCtr="0" anchor="ctr" bIns="91425" lIns="91425" spcFirstLastPara="1" rIns="91425" wrap="square" tIns="91425"><a:noAutofit/></a:bodyPr><a:lstStyle/><a:p><a:pPr indent="0" lvl="0" marL="0" rtl="0"><a:spcBef><a:spcPts val="600"/></a:spcBef><a:spcAft><a:spcPts val="0"/></a:spcAft><a:buNone/></a:pPr><a:r><a:rPr lang="en" sz="4800"><a:solidFill><a:srgbClr val="FFFFFF"/></a:solidFill><a:latin typeface="Lato Hairline"/><a:ea typeface="Lato Hairline"/><a:cs typeface="Lato Hairline"/><a:sym typeface="Lato Hairline"/></a:rPr><a:t>Tablet</a:t></a:r><a:r><a:rPr lang="en" sz="4800"><a:solidFill><a:srgbClr val="FFFFFF"/></a:solidFill><a:latin typeface="Lato Hairline"/><a:ea typeface="Lato Hairline"/><a:cs typeface="Lato Hairline"/><a:sym typeface="Lato Hairline"/></a:rPr><a:t> project</a:t></a:r><a:endParaRPr sz="4800"><a:solidFill><a:srgbClr val="FFFFFF"/></a:solidFill><a:latin typeface="Lato Hairline"/><a:ea typeface="Lato Hairline"/><a:cs typeface="Lato Hairline"/><a:sym typeface="Lato Hairline"/></a:endParaRPr></a:p><a:p><a:pPr indent="0" lvl="0" marL="0" rtl="0"><a:spcBef><a:spcPts val="600"/></a:spcBef><a:spcAft><a:spcPts val="0"/></a:spcAft><a:buNone/></a:pPr><a:r><a:rPr lang="en" sz="1400"><a:solidFill><a:srgbClr val="FFFFFF"/></a:solidFill></a:rPr><a:t>Show and explain your web, app or software projects using these gadget templates.</a:t></a:r><a:endParaRPr sz="1400"><a:solidFill><a:srgbClr val="FFFFFF"/></a:solidFill></a:endParaRPr></a:p></p:txBody></p:sp></p:spTree></p:cSld><p:clrMapOvr><a:masterClrMapping/></p:clrMapOvr></p:sld>