<?xml version="1.0" encoding="UTF-8" standalone="yes"?><p:sld xmlns:a="http://schemas.openxmlformats.org/drawingml/2006/main" xmlns:r="http://schemas.openxmlformats.org/officeDocument/2006/relationships" xmlns:mc="http://schemas.openxmlformats.org/markup-compatibility/2006" xmlns:mv="urn:schemas-microsoft-com:mac:vml" xmlns:p="http://schemas.openxmlformats.org/presentationml/2006/main" xmlns:c="http://schemas.openxmlformats.org/drawingml/2006/chart" xmlns:dgm="http://schemas.openxmlformats.org/drawingml/2006/diagram" xmlns:o="urn:schemas-microsoft-com:office:office" xmlns:v="urn:schemas-microsoft-com:vml" xmlns:pvml="urn:schemas-microsoft-com:office:powerpoint" xmlns:com="http://schemas.openxmlformats.org/drawingml/2006/compatibility" xmlns:p14="http://schemas.microsoft.com/office/powerpoint/2010/main" xmlns:p15="http://schemas.microsoft.com/office/powerpoint/2012/main"><p:cSld><p:spTree><p:nvGrpSpPr><p:cNvPr id="189" name="Shape 189"/><p:cNvGrpSpPr/><p:nvPr/></p:nvGrpSpPr><p:grpSpPr><a:xfrm><a:off x="0" y="0"/><a:ext cx="0" cy="0"/><a:chOff x="0" y="0"/><a:chExt cx="0" cy="0"/></a:xfrm></p:grpSpPr><p:sp><p:nvSpPr><p:cNvPr id="190" name="Shape 190"/><p:cNvSpPr txBox="1"/><p:nvPr><p:ph type="title"/></p:nvPr></p:nvSpPr><p:spPr><a:xfrm><a:off x="457200" y="1348975"/><a:ext cx="5511300" cy="857400"/></a:xfrm><a:prstGeom prst="rect"><a:avLst/></a:prstGeom></p:spPr><p:txBody><a:bodyPr anchorCtr="0" anchor="b" bIns="91425" lIns="91425" spcFirstLastPara="1" rIns="91425" wrap="square" tIns="91425"><a:noAutofit/></a:bodyPr><a:lstStyle/><a:p><a:pPr indent="0" lvl="0" marL="0" rtl="0"><a:spcBef><a:spcPts val="0"/></a:spcBef><a:spcAft><a:spcPts val="0"/></a:spcAft><a:buNone/></a:pPr><a:r><a:rPr lang="en"/><a:t>Our process is easy</a:t></a:r><a:endParaRPr/></a:p></p:txBody></p:sp><p:sp><p:nvSpPr><p:cNvPr id="191" name="Shape 191"/><p:cNvSpPr/><p:nvPr/></p:nvSpPr><p:spPr><a:xfrm><a:off x="611475" y="2513578"/><a:ext cx="1816800" cy="1495800"/></a:xfrm><a:prstGeom prst="homePlate"><a:avLst><a:gd fmla="val 30129" name="adj"/></a:avLst></a:prstGeom><a:solidFill><a:srgbClr val="EFEFEF"/></a:solidFill><a:ln><a:noFill/></a:ln></p:spPr><p:txBody><a:bodyPr anchorCtr="0" anchor="ctr" bIns="91425" lIns="91425" spcFirstLastPara="1" rIns="91425" wrap="square" tIns="91425"><a:noAutofit/></a:bodyPr><a:lstStyle/><a:p><a:pPr indent="0" lvl="0" marL="0" algn="ctr"><a:spcBef><a:spcPts val="0"/></a:spcBef><a:spcAft><a:spcPts val="0"/></a:spcAft><a:buNone/></a:pPr><a:r><a:rPr lang="en"><a:solidFill><a:srgbClr val="666666"/></a:solidFill><a:latin typeface="Lato Light"/><a:ea typeface="Lato Light"/><a:cs typeface="Lato Light"/><a:sym typeface="Lato Light"/></a:rPr><a:t>first</a:t></a:r><a:endParaRPr><a:solidFill><a:srgbClr val="666666"/></a:solidFill><a:latin typeface="Lato Light"/><a:ea typeface="Lato Light"/><a:cs typeface="Lato Light"/><a:sym typeface="Lato Light"/></a:endParaRPr></a:p></p:txBody></p:sp><p:sp><p:nvSpPr><p:cNvPr id="192" name="Shape 192"/><p:cNvSpPr/><p:nvPr/></p:nvSpPr><p:spPr><a:xfrm><a:off x="2187129" y="2513578"/><a:ext cx="1851900" cy="1495800"/></a:xfrm><a:prstGeom prst="chevron"><a:avLst><a:gd fmla="val 29853" name="adj"/></a:avLst></a:prstGeom><a:solidFill><a:srgbClr val="EFEFEF"/></a:solidFill><a:ln><a:noFill/></a:ln></p:spPr><p:txBody><a:bodyPr anchorCtr="0" anchor="ctr" bIns="91425" lIns="91425" spcFirstLastPara="1" rIns="91425" wrap="square" tIns="91425"><a:noAutofit/></a:bodyPr><a:lstStyle/><a:p><a:pPr indent="0" lvl="0" marL="0" algn="ctr"><a:spcBef><a:spcPts val="0"/></a:spcBef><a:spcAft><a:spcPts val="0"/></a:spcAft><a:buNone/></a:pPr><a:r><a:rPr lang="en"><a:solidFill><a:srgbClr val="666666"/></a:solidFill><a:latin typeface="Lato Light"/><a:ea typeface="Lato Light"/><a:cs typeface="Lato Light"/><a:sym typeface="Lato Light"/></a:rPr><a:t>second</a:t></a:r><a:endParaRPr><a:solidFill><a:srgbClr val="666666"/></a:solidFill><a:latin typeface="Lato Light"/><a:ea typeface="Lato Light"/><a:cs typeface="Lato Light"/><a:sym typeface="Lato Light"/></a:endParaRPr></a:p></p:txBody></p:sp><p:sp><p:nvSpPr><p:cNvPr id="193" name="Shape 193"/><p:cNvSpPr/><p:nvPr/></p:nvSpPr><p:spPr><a:xfrm><a:off x="3797724" y="2513578"/><a:ext cx="1851900" cy="1495800"/></a:xfrm><a:prstGeom prst="chevron"><a:avLst><a:gd fmla="val 29853" name="adj"/></a:avLst></a:prstGeom><a:solidFill><a:srgbClr val="EFEFEF"/></a:solidFill><a:ln><a:noFill/></a:ln></p:spPr><p:txBody><a:bodyPr anchorCtr="0" anchor="ctr" bIns="91425" lIns="91425" spcFirstLastPara="1" rIns="91425" wrap="square" tIns="91425"><a:noAutofit/></a:bodyPr><a:lstStyle/><a:p><a:pPr indent="0" lvl="0" marL="0" algn="ctr"><a:spcBef><a:spcPts val="0"/></a:spcBef><a:spcAft><a:spcPts val="0"/></a:spcAft><a:buNone/></a:pPr><a:r><a:rPr lang="en"><a:solidFill><a:srgbClr val="666666"/></a:solidFill><a:latin typeface="Lato Light"/><a:ea typeface="Lato Light"/><a:cs typeface="Lato Light"/><a:sym typeface="Lato Light"/></a:rPr><a:t>last</a:t></a:r><a:endParaRPr><a:solidFill><a:srgbClr val="666666"/></a:solidFill><a:latin typeface="Lato Light"/><a:ea typeface="Lato Light"/><a:cs typeface="Lato Light"/><a:sym typeface="Lato Light"/></a:endParaRPr></a:p></p:txBody></p:sp><p:sp><p:nvSpPr><p:cNvPr id="194" name="Shape 194"/><p:cNvSpPr txBox="1"/><p:nvPr><p:ph idx="12" type="sldNum"/></p:nvPr></p:nvSpPr><p:spPr><a:xfrm><a:off x="8480584" y="4673651"/><a:ext cx="548700" cy="393600"/></a:xfrm><a:prstGeom prst="rect"><a:avLst/></a:prstGeom></p:spPr><p:txBody><a:bodyPr anchorCtr="0" anchor="ctr" bIns="91425" lIns="91425" spcFirstLastPara="1" rIns="91425" wrap="square" tIns="91425"><a:noAutofit/></a:bodyPr><a:lstStyle/><a:p><a:pPr indent="0" lvl="0" marL="0"><a:spcBef><a:spcPts val="0"/></a:spcBef><a:spcAft><a:spcPts val="0"/></a:spcAft><a:buNone/></a:pPr><a:fld id="{00000000-1234-1234-1234-123412341234}" type="slidenum"><a:rPr lang="en"/><a:t>‹#›</a:t></a:fld><a:endParaRPr/></a:p></p:txBody></p:sp></p:spTree></p:cSld><p:clrMapOvr><a:masterClrMapping/></p:clrMapOvr></p:sld>