<?xml version="1.0" encoding="UTF-8" standalone="yes"?><p:sld xmlns:a="http://schemas.openxmlformats.org/drawingml/2006/main" xmlns:r="http://schemas.openxmlformats.org/officeDocument/2006/relationships" xmlns:mc="http://schemas.openxmlformats.org/markup-compatibility/2006" xmlns:mv="urn:schemas-microsoft-com:mac:vml" xmlns:p="http://schemas.openxmlformats.org/presentationml/2006/main" xmlns:c="http://schemas.openxmlformats.org/drawingml/2006/chart" xmlns:dgm="http://schemas.openxmlformats.org/drawingml/2006/diagram" xmlns:o="urn:schemas-microsoft-com:office:office" xmlns:v="urn:schemas-microsoft-com:vml" xmlns:pvml="urn:schemas-microsoft-com:office:powerpoint" xmlns:com="http://schemas.openxmlformats.org/drawingml/2006/compatibility" xmlns:p14="http://schemas.microsoft.com/office/powerpoint/2010/main" xmlns:p15="http://schemas.microsoft.com/office/powerpoint/2012/main"><p:cSld><p:bg><p:bgPr><a:blipFill><a:blip r:embed="rId3"><a:alphaModFix/></a:blip><a:stretch><a:fillRect/></a:stretch></a:blipFill></p:bgPr></p:bg><p:spTree><p:nvGrpSpPr><p:cNvPr id="225" name="Shape 225"/><p:cNvGrpSpPr/><p:nvPr/></p:nvGrpSpPr><p:grpSpPr><a:xfrm><a:off x="0" y="0"/><a:ext cx="0" cy="0"/><a:chOff x="0" y="0"/><a:chExt cx="0" cy="0"/></a:xfrm></p:grpSpPr><p:sp><p:nvSpPr><p:cNvPr id="226" name="Shape 226"/><p:cNvSpPr/><p:nvPr/></p:nvSpPr><p:spPr><a:xfrm><a:off x="953221" y="623036"/><a:ext cx="1863608" cy="3921828"/></a:xfrm><a:custGeom><a:pathLst><a:path extrusionOk="0" h="54713" w="25999"><a:moveTo><a:pt x="12966" y="2173"/></a:moveTo><a:lnTo><a:pt x="13169" y="2240"/></a:lnTo><a:lnTo><a:pt x="13373" y="2308"/></a:lnTo><a:lnTo><a:pt x="13441" y="2512"/></a:lnTo><a:lnTo><a:pt x="13509" y="2716"/></a:lnTo><a:lnTo><a:pt x="13441" y="2919"/></a:lnTo><a:lnTo><a:pt x="13373" y="3123"/></a:lnTo><a:lnTo><a:pt x="13169" y="3191"/></a:lnTo><a:lnTo><a:pt x="12966" y="3259"/></a:lnTo><a:lnTo><a:pt x="12762" y="3191"/></a:lnTo><a:lnTo><a:pt x="12626" y="3123"/></a:lnTo><a:lnTo><a:pt x="12491" y="2919"/></a:lnTo><a:lnTo><a:pt x="12423" y="2716"/></a:lnTo><a:lnTo><a:pt x="12491" y="2512"/></a:lnTo><a:lnTo><a:pt x="12626" y="2308"/></a:lnTo><a:lnTo><a:pt x="12762" y="2240"/></a:lnTo><a:lnTo><a:pt x="12966" y="2173"/></a:lnTo><a:close/><a:moveTo><a:pt x="14934" y="4480"/></a:moveTo><a:lnTo><a:pt x="15002" y="4548"/></a:lnTo><a:lnTo><a:pt x="15070" y="4684"/></a:lnTo><a:lnTo><a:pt x="15138" y="4752"/></a:lnTo><a:lnTo><a:pt x="15070" y="4888"/></a:lnTo><a:lnTo><a:pt x="15002" y="5024"/></a:lnTo><a:lnTo><a:pt x="14934" y="5024"/></a:lnTo><a:lnTo><a:pt x="14799" y="5091"/></a:lnTo><a:lnTo><a:pt x="11065" y="5091"/></a:lnTo><a:lnTo><a:pt x="10929" y="5024"/></a:lnTo><a:lnTo><a:pt x="10861" y="5024"/></a:lnTo><a:lnTo><a:pt x="10794" y="4888"/></a:lnTo><a:lnTo><a:pt x="10726" y="4752"/></a:lnTo><a:lnTo><a:pt x="10794" y="4684"/></a:lnTo><a:lnTo><a:pt x="10861" y="4548"/></a:lnTo><a:lnTo><a:pt x="10929" y="4480"/></a:lnTo><a:close/><a:moveTo><a:pt x="23963" y="7807"/></a:moveTo><a:lnTo><a:pt x="23963" y="7875"/></a:lnTo><a:lnTo><a:pt x="23963" y="46771"/></a:lnTo><a:lnTo><a:pt x="23963" y="46838"/></a:lnTo><a:lnTo><a:pt x="1969" y="46838"/></a:lnTo><a:lnTo><a:pt x="1969" y="46771"/></a:lnTo><a:lnTo><a:pt x="1969" y="7875"/></a:lnTo><a:lnTo><a:pt x="1969" y="7807"/></a:lnTo><a:close/><a:moveTo><a:pt x="12558" y="48536"/></a:moveTo><a:lnTo><a:pt x="12151" y="48671"/></a:lnTo><a:lnTo><a:pt x="11812" y="48875"/></a:lnTo><a:lnTo><a:pt x="11472" y="49146"/></a:lnTo><a:lnTo><a:pt x="11269" y="49418"/></a:lnTo><a:lnTo><a:pt x="11065" y="49825"/></a:lnTo><a:lnTo><a:pt x="10929" y="50165"/></a:lnTo><a:lnTo><a:pt x="10861" y="50640"/></a:lnTo><a:lnTo><a:pt x="10929" y="51047"/></a:lnTo><a:lnTo><a:pt x="11065" y="51454"/></a:lnTo><a:lnTo><a:pt x="11269" y="51794"/></a:lnTo><a:lnTo><a:pt x="11472" y="52065"/></a:lnTo><a:lnTo><a:pt x="11812" y="52337"/></a:lnTo><a:lnTo><a:pt x="12151" y="52541"/></a:lnTo><a:lnTo><a:pt x="12558" y="52676"/></a:lnTo><a:lnTo><a:pt x="12966" y="52744"/></a:lnTo><a:lnTo><a:pt x="13373" y="52676"/></a:lnTo><a:lnTo><a:pt x="13780" y="52541"/></a:lnTo><a:lnTo><a:pt x="14120" y="52337"/></a:lnTo><a:lnTo><a:pt x="14459" y="52065"/></a:lnTo><a:lnTo><a:pt x="14731" y="51794"/></a:lnTo><a:lnTo><a:pt x="14934" y="51454"/></a:lnTo><a:lnTo><a:pt x="15002" y="51047"/></a:lnTo><a:lnTo><a:pt x="15070" y="50640"/></a:lnTo><a:lnTo><a:pt x="15002" y="50165"/></a:lnTo><a:lnTo><a:pt x="14934" y="49825"/></a:lnTo><a:lnTo><a:pt x="14731" y="49418"/></a:lnTo><a:lnTo><a:pt x="14459" y="49146"/></a:lnTo><a:lnTo><a:pt x="14120" y="48875"/></a:lnTo><a:lnTo><a:pt x="13780" y="48671"/></a:lnTo><a:lnTo><a:pt x="13373" y="48536"/></a:lnTo><a:close/><a:moveTo><a:pt x="12966" y="48332"/></a:moveTo><a:lnTo><a:pt x="13441" y="48400"/></a:lnTo><a:lnTo><a:pt x="13848" y="48536"/></a:lnTo><a:lnTo><a:pt x="14256" y="48739"/></a:lnTo><a:lnTo><a:pt x="14595" y="49011"/></a:lnTo><a:lnTo><a:pt x="14866" y="49350"/></a:lnTo><a:lnTo><a:pt x="15070" y="49757"/></a:lnTo><a:lnTo><a:pt x="15206" y="50165"/></a:lnTo><a:lnTo><a:pt x="15274" y="50640"/></a:lnTo><a:lnTo><a:pt x="15206" y="51047"/></a:lnTo><a:lnTo><a:pt x="15070" y="51522"/></a:lnTo><a:lnTo><a:pt x="14866" y="51862"/></a:lnTo><a:lnTo><a:pt x="14595" y="52201"/></a:lnTo><a:lnTo><a:pt x="14256" y="52473"/></a:lnTo><a:lnTo><a:pt x="13848" y="52676"/></a:lnTo><a:lnTo><a:pt x="13441" y="52812"/></a:lnTo><a:lnTo><a:pt x="12966" y="52880"/></a:lnTo><a:lnTo><a:pt x="12558" y="52812"/></a:lnTo><a:lnTo><a:pt x="12083" y="52676"/></a:lnTo><a:lnTo><a:pt x="11744" y="52473"/></a:lnTo><a:lnTo><a:pt x="11404" y="52201"/></a:lnTo><a:lnTo><a:pt x="11133" y="51862"/></a:lnTo><a:lnTo><a:pt x="10929" y="51522"/></a:lnTo><a:lnTo><a:pt x="10794" y="51047"/></a:lnTo><a:lnTo><a:pt x="10726" y="50640"/></a:lnTo><a:lnTo><a:pt x="10794" y="50165"/></a:lnTo><a:lnTo><a:pt x="10929" y="49757"/></a:lnTo><a:lnTo><a:pt x="11133" y="49350"/></a:lnTo><a:lnTo><a:pt x="11404" y="49011"/></a:lnTo><a:lnTo><a:pt x="11744" y="48739"/></a:lnTo><a:lnTo><a:pt x="12083" y="48536"/></a:lnTo><a:lnTo><a:pt x="12558" y="48400"/></a:lnTo><a:lnTo><a:pt x="12966" y="48332"/></a:lnTo><a:close/><a:moveTo><a:pt x="3938" y="679"/></a:moveTo><a:lnTo><a:pt x="3259" y="747"/></a:lnTo><a:lnTo><a:pt x="2648" y="951"/></a:lnTo><a:lnTo><a:pt x="2105" y="1222"/></a:lnTo><a:lnTo><a:pt x="1630" y="1629"/></a:lnTo><a:lnTo><a:pt x="1290" y="2105"/></a:lnTo><a:lnTo><a:pt x="951" y="2648"/></a:lnTo><a:lnTo><a:pt x="747" y="3259"/></a:lnTo><a:lnTo><a:pt x="747" y="3870"/></a:lnTo><a:lnTo><a:pt x="747" y="50776"/></a:lnTo><a:lnTo><a:pt x="747" y="51387"/></a:lnTo><a:lnTo><a:pt x="951" y="51997"/></a:lnTo><a:lnTo><a:pt x="1290" y="52541"/></a:lnTo><a:lnTo><a:pt x="1630" y="53016"/></a:lnTo><a:lnTo><a:pt x="2105" y="53423"/></a:lnTo><a:lnTo><a:pt x="2648" y="53695"/></a:lnTo><a:lnTo><a:pt x="3259" y="53898"/></a:lnTo><a:lnTo><a:pt x="3938" y="53966"/></a:lnTo><a:lnTo><a:pt x="22062" y="53966"/></a:lnTo><a:lnTo><a:pt x="22741" y="53898"/></a:lnTo><a:lnTo><a:pt x="23352" y="53695"/></a:lnTo><a:lnTo><a:pt x="23895" y="53423"/></a:lnTo><a:lnTo><a:pt x="24370" y="53016"/></a:lnTo><a:lnTo><a:pt x="24709" y="52541"/></a:lnTo><a:lnTo><a:pt x="25049" y="51997"/></a:lnTo><a:lnTo><a:pt x="25252" y="51387"/></a:lnTo><a:lnTo><a:pt x="25320" y="50776"/></a:lnTo><a:lnTo><a:pt x="25320" y="3870"/></a:lnTo><a:lnTo><a:pt x="25252" y="3259"/></a:lnTo><a:lnTo><a:pt x="25049" y="2648"/></a:lnTo><a:lnTo><a:pt x="24709" y="2105"/></a:lnTo><a:lnTo><a:pt x="24370" y="1629"/></a:lnTo><a:lnTo><a:pt x="23895" y="1222"/></a:lnTo><a:lnTo><a:pt x="23352" y="951"/></a:lnTo><a:lnTo><a:pt x="22741" y="747"/></a:lnTo><a:lnTo><a:pt x="22062" y="679"/></a:lnTo><a:close/><a:moveTo><a:pt x="22062" y="543"/></a:moveTo><a:lnTo><a:pt x="22741" y="611"/></a:lnTo><a:lnTo><a:pt x="23419" y="815"/></a:lnTo><a:lnTo><a:pt x="23963" y="1086"/></a:lnTo><a:lnTo><a:pt x="24438" y="1494"/></a:lnTo><a:lnTo><a:pt x="24845" y="2037"/></a:lnTo><a:lnTo><a:pt x="25184" y="2580"/></a:lnTo><a:lnTo><a:pt x="25388" y="3191"/></a:lnTo><a:lnTo><a:pt x="25456" y="3870"/></a:lnTo><a:lnTo><a:pt x="25456" y="50776"/></a:lnTo><a:lnTo><a:pt x="25388" y="51454"/></a:lnTo><a:lnTo><a:pt x="25184" y="52065"/></a:lnTo><a:lnTo><a:pt x="24845" y="52676"/></a:lnTo><a:lnTo><a:pt x="24438" y="53151"/></a:lnTo><a:lnTo><a:pt x="23963" y="53559"/></a:lnTo><a:lnTo><a:pt x="23419" y="53898"/></a:lnTo><a:lnTo><a:pt x="22741" y="54102"/></a:lnTo><a:lnTo><a:pt x="22062" y="54170"/></a:lnTo><a:lnTo><a:pt x="3938" y="54170"/></a:lnTo><a:lnTo><a:pt x="3259" y="54102"/></a:lnTo><a:lnTo><a:pt x="2580" y="53898"/></a:lnTo><a:lnTo><a:pt x="2037" y="53559"/></a:lnTo><a:lnTo><a:pt x="1562" y="53151"/></a:lnTo><a:lnTo><a:pt x="1154" y="52676"/></a:lnTo><a:lnTo><a:pt x="815" y="52065"/></a:lnTo><a:lnTo><a:pt x="611" y="51454"/></a:lnTo><a:lnTo><a:pt x="543" y="50776"/></a:lnTo><a:lnTo><a:pt x="543" y="3870"/></a:lnTo><a:lnTo><a:pt x="611" y="3191"/></a:lnTo><a:lnTo><a:pt x="815" y="2580"/></a:lnTo><a:lnTo><a:pt x="1154" y="2037"/></a:lnTo><a:lnTo><a:pt x="1562" y="1494"/></a:lnTo><a:lnTo><a:pt x="2037" y="1086"/></a:lnTo><a:lnTo><a:pt x="2580" y="815"/></a:lnTo><a:lnTo><a:pt x="3259" y="611"/></a:lnTo><a:lnTo><a:pt x="3938" y="543"/></a:lnTo><a:close/><a:moveTo><a:pt x="3938" y="0"/></a:moveTo><a:lnTo><a:pt x="3123" y="68"/></a:lnTo><a:lnTo><a:pt x="2444" y="272"/></a:lnTo><a:lnTo><a:pt x="1765" y="611"/></a:lnTo><a:lnTo><a:pt x="1154" y="1154"/></a:lnTo><a:lnTo><a:pt x="679" y="1697"/></a:lnTo><a:lnTo><a:pt x="272" y="2376"/></a:lnTo><a:lnTo><a:pt x="68" y="3123"/></a:lnTo><a:lnTo><a:pt x="0" y="3870"/></a:lnTo><a:lnTo><a:pt x="0" y="50776"/></a:lnTo><a:lnTo><a:pt x="68" y="51522"/></a:lnTo><a:lnTo><a:pt x="272" y="52269"/></a:lnTo><a:lnTo><a:pt x="679" y="52948"/></a:lnTo><a:lnTo><a:pt x="1154" y="53559"/></a:lnTo><a:lnTo><a:pt x="1765" y="54034"/></a:lnTo><a:lnTo><a:pt x="2444" y="54373"/></a:lnTo><a:lnTo><a:pt x="3123" y="54645"/></a:lnTo><a:lnTo><a:pt x="3938" y="54713"/></a:lnTo><a:lnTo><a:pt x="22062" y="54713"/></a:lnTo><a:lnTo><a:pt x="22876" y="54645"/></a:lnTo><a:lnTo><a:pt x="23555" y="54373"/></a:lnTo><a:lnTo><a:pt x="24234" y="54034"/></a:lnTo><a:lnTo><a:pt x="24845" y="53559"/></a:lnTo><a:lnTo><a:pt x="25320" y="52948"/></a:lnTo><a:lnTo><a:pt x="25727" y="52269"/></a:lnTo><a:lnTo><a:pt x="25931" y="51522"/></a:lnTo><a:lnTo><a:pt x="25999" y="50776"/></a:lnTo><a:lnTo><a:pt x="25999" y="3870"/></a:lnTo><a:lnTo><a:pt x="25931" y="3123"/></a:lnTo><a:lnTo><a:pt x="25727" y="2376"/></a:lnTo><a:lnTo><a:pt x="25320" y="1697"/></a:lnTo><a:lnTo><a:pt x="24845" y="1154"/></a:lnTo><a:lnTo><a:pt x="24234" y="611"/></a:lnTo><a:lnTo><a:pt x="23555" y="272"/></a:lnTo><a:lnTo><a:pt x="22876" y="68"/></a:lnTo><a:lnTo><a:pt x="22062" y="0"/></a:lnTo><a:close/></a:path></a:pathLst></a:custGeom><a:solidFill><a:srgbClr val="FFFFFF"/></a:solidFill><a:ln cap="flat" cmpd="sng" w="9525"><a:solidFill><a:srgbClr val="D9D9D9"/></a:solidFill><a:prstDash val="solid"/><a:round/><a:headEnd len="sm" w="sm" type="none"/><a:tailEnd len="sm" w="sm" type="none"/></a:ln></p:spPr><p:txBody><a:bodyPr anchorCtr="0" anchor="ctr" bIns="91425" lIns="91425" spcFirstLastPara="1" rIns="91425" wrap="square" tIns="91425"><a:noAutofit/></a:bodyPr><a:lstStyle/><a:p><a:pPr indent="0" lvl="0" marL="0"><a:spcBef><a:spcPts val="0"/></a:spcBef><a:spcAft><a:spcPts val="0"/></a:spcAft><a:buNone/></a:pPr><a:r><a:t></a:t></a:r><a:endParaRPr/></a:p></p:txBody></p:sp><p:sp><p:nvSpPr><p:cNvPr id="227" name="Shape 227"/><p:cNvSpPr/><p:nvPr/></p:nvSpPr><p:spPr><a:xfrm><a:off x="1084950" y="1188850"/><a:ext cx="1589700" cy="2811900"/></a:xfrm><a:prstGeom prst="rect"><a:avLst/></a:prstGeom><a:noFill/><a:ln><a:noFill/></a:ln></p:spPr><p:txBody><a:bodyPr anchorCtr="0" anchor="ctr" bIns="91425" lIns="91425" spcFirstLastPara="1" rIns="91425" wrap="square" tIns="91425"><a:noAutofit/></a:bodyPr><a:lstStyle/><a:p><a:pPr indent="0" lvl="0" marL="0" rtl="0" algn="ctr"><a:spcBef><a:spcPts val="0"/></a:spcBef><a:spcAft><a:spcPts val="0"/></a:spcAft><a:buNone/></a:pPr><a:r><a:rPr lang="en" sz="1000"><a:solidFill><a:srgbClr val="666666"/></a:solidFill><a:latin typeface="Lato Light"/><a:ea typeface="Lato Light"/><a:cs typeface="Lato Light"/><a:sym typeface="Lato Light"/></a:rPr><a:t>Place your screenshot here</a:t></a:r><a:endParaRPr sz="1000"><a:solidFill><a:srgbClr val="666666"/></a:solidFill><a:latin typeface="Lato Light"/><a:ea typeface="Lato Light"/><a:cs typeface="Lato Light"/><a:sym typeface="Lato Light"/></a:endParaRPr></a:p></p:txBody></p:sp><p:sp><p:nvSpPr><p:cNvPr id="228" name="Shape 228"/><p:cNvSpPr txBox="1"/><p:nvPr><p:ph idx="12" type="sldNum"/></p:nvPr></p:nvSpPr><p:spPr><a:xfrm><a:off x="8480584" y="4673651"/><a:ext cx="548700" cy="393600"/></a:xfrm><a:prstGeom prst="rect"><a:avLst/></a:prstGeom></p:spPr><p:txBody><a:bodyPr anchorCtr="0" anchor="ctr" bIns="91425" lIns="91425" spcFirstLastPara="1" rIns="91425" wrap="square" tIns="91425"><a:noAutofit/></a:bodyPr><a:lstStyle/><a:p><a:pPr indent="0" lvl="0" marL="0" rtl="0" algn="r"><a:spcBef><a:spcPts val="0"/></a:spcBef><a:spcAft><a:spcPts val="0"/></a:spcAft><a:buNone/></a:pPr><a:fld id="{00000000-1234-1234-1234-123412341234}" type="slidenum"><a:rPr lang="en"/><a:t>‹#›</a:t></a:fld><a:endParaRPr/></a:p></p:txBody></p:sp><p:sp><p:nvSpPr><p:cNvPr id="229" name="Shape 229"/><p:cNvSpPr txBox="1"/><p:nvPr><p:ph idx="4294967295" type="body"/></p:nvPr></p:nvSpPr><p:spPr><a:xfrm><a:off x="5889250" y="444300"/><a:ext cx="2738700" cy="4254900"/></a:xfrm><a:prstGeom prst="rect"><a:avLst/></a:prstGeom></p:spPr><p:txBody><a:bodyPr anchorCtr="0" anchor="ctr" bIns="91425" lIns="91425" spcFirstLastPara="1" rIns="91425" wrap="square" tIns="91425"><a:noAutofit/></a:bodyPr><a:lstStyle/><a:p><a:pPr indent="0" lvl="0" marL="0" rtl="0"><a:spcBef><a:spcPts val="600"/></a:spcBef><a:spcAft><a:spcPts val="0"/></a:spcAft><a:buNone/></a:pPr><a:r><a:rPr lang="en" sz="4800"><a:solidFill><a:srgbClr val="FFFFFF"/></a:solidFill><a:latin typeface="Lato Hairline"/><a:ea typeface="Lato Hairline"/><a:cs typeface="Lato Hairline"/><a:sym typeface="Lato Hairline"/></a:rPr><a:t>iPhone</a:t></a:r><a:r><a:rPr lang="en" sz="4800"><a:solidFill><a:srgbClr val="FFFFFF"/></a:solidFill><a:latin typeface="Lato Hairline"/><a:ea typeface="Lato Hairline"/><a:cs typeface="Lato Hairline"/><a:sym typeface="Lato Hairline"/></a:rPr><a:t> project</a:t></a:r><a:endParaRPr sz="4800"><a:solidFill><a:srgbClr val="FFFFFF"/></a:solidFill><a:latin typeface="Lato Hairline"/><a:ea typeface="Lato Hairline"/><a:cs typeface="Lato Hairline"/><a:sym typeface="Lato Hairline"/></a:endParaRPr></a:p><a:p><a:pPr indent="0" lvl="0" marL="0" rtl="0"><a:spcBef><a:spcPts val="600"/></a:spcBef><a:spcAft><a:spcPts val="0"/></a:spcAft><a:buNone/></a:pPr><a:r><a:rPr lang="en" sz="1400"><a:solidFill><a:srgbClr val="FFFFFF"/></a:solidFill></a:rPr><a:t>Show and explain your web, app or software projects using these gadget templates.</a:t></a:r><a:endParaRPr sz="1400"><a:solidFill><a:srgbClr val="FFFFFF"/></a:solidFill></a:endParaRPr></a:p></p:txBody></p:sp></p:spTree></p:cSld><p:clrMapOvr><a:masterClrMapping/></p:clrMapOvr></p:sld>