<?xml version="1.0" encoding="UTF-8" standalone="yes"?><p:sld xmlns:a="http://schemas.openxmlformats.org/drawingml/2006/main" xmlns:r="http://schemas.openxmlformats.org/officeDocument/2006/relationships" xmlns:mc="http://schemas.openxmlformats.org/markup-compatibility/2006" xmlns:mv="urn:schemas-microsoft-com:mac:vml" xmlns:p="http://schemas.openxmlformats.org/presentationml/2006/main" xmlns:c="http://schemas.openxmlformats.org/drawingml/2006/chart" xmlns:dgm="http://schemas.openxmlformats.org/drawingml/2006/diagram" xmlns:o="urn:schemas-microsoft-com:office:office" xmlns:v="urn:schemas-microsoft-com:vml" xmlns:pvml="urn:schemas-microsoft-com:office:powerpoint" xmlns:com="http://schemas.openxmlformats.org/drawingml/2006/compatibility" xmlns:p14="http://schemas.microsoft.com/office/powerpoint/2010/main" xmlns:p15="http://schemas.microsoft.com/office/powerpoint/2012/main"><p:cSld><p:bg><p:bgPr><a:blipFill><a:blip r:embed="rId3"><a:alphaModFix/></a:blip><a:stretch><a:fillRect/></a:stretch></a:blipFill></p:bgPr></p:bg><p:spTree><p:nvGrpSpPr><p:cNvPr id="217" name="Shape 217"/><p:cNvGrpSpPr/><p:nvPr/></p:nvGrpSpPr><p:grpSpPr><a:xfrm><a:off x="0" y="0"/><a:ext cx="0" cy="0"/><a:chOff x="0" y="0"/><a:chExt cx="0" cy="0"/></a:xfrm></p:grpSpPr><p:sp><p:nvSpPr><p:cNvPr id="218" name="Shape 218"/><p:cNvSpPr/><p:nvPr/></p:nvSpPr><p:spPr><a:xfrm><a:off x="955810" y="489800"/><a:ext cx="2075120" cy="4163909"/></a:xfrm><a:custGeom><a:pathLst><a:path extrusionOk="0" h="61841" w="30819"><a:moveTo><a:pt x="5160" y="2580"/></a:moveTo><a:lnTo><a:pt x="5295" y="2648"/></a:lnTo><a:lnTo><a:pt x="5363" y="2784"/></a:lnTo><a:lnTo><a:pt x="5363" y="2920"/></a:lnTo><a:lnTo><a:pt x="5363" y="3055"/></a:lnTo><a:lnTo><a:pt x="5295" y="3191"/></a:lnTo><a:lnTo><a:pt x="5160" y="3259"/></a:lnTo><a:lnTo><a:pt x="4888" y="3259"/></a:lnTo><a:lnTo><a:pt x="4752" y="3191"/></a:lnTo><a:lnTo><a:pt x="4684" y="3055"/></a:lnTo><a:lnTo><a:pt x="4684" y="2920"/></a:lnTo><a:lnTo><a:pt x="4684" y="2784"/></a:lnTo><a:lnTo><a:pt x="4752" y="2648"/></a:lnTo><a:lnTo><a:pt x="4888" y="2580"/></a:lnTo><a:close/><a:moveTo><a:pt x="15410" y="2241"/></a:moveTo><a:lnTo><a:pt x="15681" y="2309"/></a:lnTo><a:lnTo><a:pt x="15885" y="2444"/></a:lnTo><a:lnTo><a:pt x="16021" y="2648"/></a:lnTo><a:lnTo><a:pt x="16088" y="2920"/></a:lnTo><a:lnTo><a:pt x="16021" y="3191"/></a:lnTo><a:lnTo><a:pt x="15885" y="3395"/></a:lnTo><a:lnTo><a:pt x="15681" y="3531"/></a:lnTo><a:lnTo><a:pt x="15410" y="3598"/></a:lnTo><a:lnTo><a:pt x="15138" y="3531"/></a:lnTo><a:lnTo><a:pt x="14934" y="3395"/></a:lnTo><a:lnTo><a:pt x="14799" y="3191"/></a:lnTo><a:lnTo><a:pt x="14731" y="2920"/></a:lnTo><a:lnTo><a:pt x="14799" y="2648"/></a:lnTo><a:lnTo><a:pt x="14934" y="2444"/></a:lnTo><a:lnTo><a:pt x="15138" y="2309"/></a:lnTo><a:lnTo><a:pt x="15410" y="2241"/></a:lnTo><a:close/><a:moveTo><a:pt x="29393" y="5228"/></a:moveTo><a:lnTo><a:pt x="29461" y="5296"/></a:lnTo><a:lnTo><a:pt x="29461" y="54849"/></a:lnTo><a:lnTo><a:pt x="1426" y="54849"/></a:lnTo><a:lnTo><a:pt x="1426" y="5296"/></a:lnTo><a:lnTo><a:pt x="1494" y="5228"/></a:lnTo><a:close/><a:moveTo><a:pt x="15410" y="544"/></a:moveTo><a:lnTo><a:pt x="19143" y="612"/></a:lnTo><a:lnTo><a:pt x="23012" y="747"/></a:lnTo><a:lnTo><a:pt x="26339" y="951"/></a:lnTo><a:lnTo><a:pt x="27560" y="1087"/></a:lnTo><a:lnTo><a:pt x="27560" y="1087"/></a:lnTo><a:lnTo><a:pt x="26339" y="1019"/></a:lnTo><a:lnTo><a:pt x="23012" y="815"/></a:lnTo><a:lnTo><a:pt x="19143" y="680"/></a:lnTo><a:lnTo><a:pt x="15410" y="612"/></a:lnTo><a:lnTo><a:pt x="11676" y="680"/></a:lnTo><a:lnTo><a:pt x="7807" y="815"/></a:lnTo><a:lnTo><a:pt x="4481" y="1019"/></a:lnTo><a:lnTo><a:pt x="3259" y="1087"/></a:lnTo><a:lnTo><a:pt x="2444" y="1223"/></a:lnTo><a:lnTo><a:pt x="1969" y="1358"/></a:lnTo><a:lnTo><a:pt x="1630" y="1494"/></a:lnTo><a:lnTo><a:pt x="1290" y="1698"/></a:lnTo><a:lnTo><a:pt x="1019" y="1901"/></a:lnTo><a:lnTo><a:pt x="815" y="2173"/></a:lnTo><a:lnTo><a:pt x="679" y="2444"/></a:lnTo><a:lnTo><a:pt x="544" y="2852"/></a:lnTo><a:lnTo><a:pt x="544" y="3259"/></a:lnTo><a:lnTo><a:pt x="544" y="58311"/></a:lnTo><a:lnTo><a:pt x="544" y="58718"/></a:lnTo><a:lnTo><a:pt x="476" y="58311"/></a:lnTo><a:lnTo><a:pt x="476" y="3259"/></a:lnTo><a:lnTo><a:pt x="544" y="2784"/></a:lnTo><a:lnTo><a:pt x="612" y="2444"/></a:lnTo><a:lnTo><a:pt x="747" y="2105"/></a:lnTo><a:lnTo><a:pt x="951" y="1834"/></a:lnTo><a:lnTo><a:pt x="1222" y="1630"/></a:lnTo><a:lnTo><a:pt x="1562" y="1426"/></a:lnTo><a:lnTo><a:pt x="1969" y="1290"/></a:lnTo><a:lnTo><a:pt x="2444" y="1155"/></a:lnTo><a:lnTo><a:pt x="3259" y="1087"/></a:lnTo><a:lnTo><a:pt x="4481" y="951"/></a:lnTo><a:lnTo><a:pt x="7807" y="747"/></a:lnTo><a:lnTo><a:pt x="11676" y="612"/></a:lnTo><a:lnTo><a:pt x="15410" y="544"/></a:lnTo><a:close/><a:moveTo><a:pt x="27560" y="1087"/></a:moveTo><a:lnTo><a:pt x="28375" y="1155"/></a:lnTo><a:lnTo><a:pt x="28850" y="1290"/></a:lnTo><a:lnTo><a:pt x="29257" y="1426"/></a:lnTo><a:lnTo><a:pt x="29597" y="1630"/></a:lnTo><a:lnTo><a:pt x="29868" y="1834"/></a:lnTo><a:lnTo><a:pt x="30072" y="2105"/></a:lnTo><a:lnTo><a:pt x="30208" y="2444"/></a:lnTo><a:lnTo><a:pt x="30276" y="2784"/></a:lnTo><a:lnTo><a:pt x="30344" y="3259"/></a:lnTo><a:lnTo><a:pt x="30344" y="58311"/></a:lnTo><a:lnTo><a:pt x="30276" y="58718"/></a:lnTo><a:lnTo><a:pt x="30208" y="59125"/></a:lnTo><a:lnTo><a:pt x="30072" y="59465"/></a:lnTo><a:lnTo><a:pt x="29868" y="59736"/></a:lnTo><a:lnTo><a:pt x="29597" y="60008"/></a:lnTo><a:lnTo><a:pt x="29257" y="60144"/></a:lnTo><a:lnTo><a:pt x="28850" y="60347"/></a:lnTo><a:lnTo><a:pt x="28375" y="60415"/></a:lnTo><a:lnTo><a:pt x="26746" y="60687"/></a:lnTo><a:lnTo><a:pt x="23895" y="60958"/></a:lnTo><a:lnTo><a:pt x="22130" y="61094"/></a:lnTo><a:lnTo><a:pt x="20093" y="61230"/></a:lnTo><a:lnTo><a:pt x="17853" y="61298"/></a:lnTo><a:lnTo><a:pt x="12966" y="61298"/></a:lnTo><a:lnTo><a:pt x="10726" y="61230"/></a:lnTo><a:lnTo><a:pt x="8689" y="61094"/></a:lnTo><a:lnTo><a:pt x="6924" y="60958"/></a:lnTo><a:lnTo><a:pt x="4073" y="60687"/></a:lnTo><a:lnTo><a:pt x="2444" y="60415"/></a:lnTo><a:lnTo><a:pt x="1969" y="60347"/></a:lnTo><a:lnTo><a:pt x="1562" y="60144"/></a:lnTo><a:lnTo><a:pt x="1290" y="60008"/></a:lnTo><a:lnTo><a:pt x="951" y="59736"/></a:lnTo><a:lnTo><a:pt x="747" y="59465"/></a:lnTo><a:lnTo><a:pt x="612" y="59125"/></a:lnTo><a:lnTo><a:pt x="544" y="58718"/></a:lnTo><a:lnTo><a:pt x="544" y="58718"/></a:lnTo><a:lnTo><a:pt x="679" y="59125"/></a:lnTo><a:lnTo><a:pt x="815" y="59397"/></a:lnTo><a:lnTo><a:pt x="1019" y="59669"/></a:lnTo><a:lnTo><a:pt x="1290" y="59940"/></a:lnTo><a:lnTo><a:pt x="1630" y="60144"/></a:lnTo><a:lnTo><a:pt x="2037" y="60279"/></a:lnTo><a:lnTo><a:pt x="2444" y="60415"/></a:lnTo><a:lnTo><a:pt x="4073" y="60619"/></a:lnTo><a:lnTo><a:pt x="6924" y="60890"/></a:lnTo><a:lnTo><a:pt x="8689" y="61026"/></a:lnTo><a:lnTo><a:pt x="10726" y="61162"/></a:lnTo><a:lnTo><a:pt x="12966" y="61230"/></a:lnTo><a:lnTo><a:pt x="17853" y="61230"/></a:lnTo><a:lnTo><a:pt x="20093" y="61162"/></a:lnTo><a:lnTo><a:pt x="22130" y="61026"/></a:lnTo><a:lnTo><a:pt x="23895" y="60890"/></a:lnTo><a:lnTo><a:pt x="26746" y="60619"/></a:lnTo><a:lnTo><a:pt x="28375" y="60415"/></a:lnTo><a:lnTo><a:pt x="28850" y="60279"/></a:lnTo><a:lnTo><a:pt x="29190" y="60144"/></a:lnTo><a:lnTo><a:pt x="29529" y="59940"/></a:lnTo><a:lnTo><a:pt x="29800" y="59669"/></a:lnTo><a:lnTo><a:pt x="30004" y="59397"/></a:lnTo><a:lnTo><a:pt x="30140" y="59125"/></a:lnTo><a:lnTo><a:pt x="30276" y="58718"/></a:lnTo><a:lnTo><a:pt x="30276" y="58311"/></a:lnTo><a:lnTo><a:pt x="30276" y="3259"/></a:lnTo><a:lnTo><a:pt x="30276" y="2852"/></a:lnTo><a:lnTo><a:pt x="30140" y="2444"/></a:lnTo><a:lnTo><a:pt x="30004" y="2173"/></a:lnTo><a:lnTo><a:pt x="29800" y="1901"/></a:lnTo><a:lnTo><a:pt x="29529" y="1698"/></a:lnTo><a:lnTo><a:pt x="29190" y="1494"/></a:lnTo><a:lnTo><a:pt x="28850" y="1358"/></a:lnTo><a:lnTo><a:pt x="28375" y="1223"/></a:lnTo><a:lnTo><a:pt x="27560" y="1087"/></a:lnTo><a:close/><a:moveTo><a:pt x="15410" y="1"/></a:moveTo><a:lnTo><a:pt x="11608" y="69"/></a:lnTo><a:lnTo><a:pt x="7739" y="204"/></a:lnTo><a:lnTo><a:pt x="4413" y="408"/></a:lnTo><a:lnTo><a:pt x="3191" y="544"/></a:lnTo><a:lnTo><a:pt x="2309" y="680"/></a:lnTo><a:lnTo><a:pt x="1765" y="815"/></a:lnTo><a:lnTo><a:pt x="1290" y="1019"/></a:lnTo><a:lnTo><a:pt x="883" y="1223"/></a:lnTo><a:lnTo><a:pt x="544" y="1494"/></a:lnTo><a:lnTo><a:pt x="340" y="1901"/></a:lnTo><a:lnTo><a:pt x="136" y="2241"/></a:lnTo><a:lnTo><a:pt x="1" y="2716"/></a:lnTo><a:lnTo><a:pt x="1" y="3259"/></a:lnTo><a:lnTo><a:pt x="1" y="58311"/></a:lnTo><a:lnTo><a:pt x="1" y="58854"/></a:lnTo><a:lnTo><a:pt x="136" y="59261"/></a:lnTo><a:lnTo><a:pt x="340" y="59736"/></a:lnTo><a:lnTo><a:pt x="612" y="60076"/></a:lnTo><a:lnTo><a:pt x="951" y="60347"/></a:lnTo><a:lnTo><a:pt x="1358" y="60619"/></a:lnTo><a:lnTo><a:pt x="1833" y="60823"/></a:lnTo><a:lnTo><a:pt x="2309" y="60958"/></a:lnTo><a:lnTo><a:pt x="4006" y="61162"/></a:lnTo><a:lnTo><a:pt x="6857" y="61501"/></a:lnTo><a:lnTo><a:pt x="8689" y="61637"/></a:lnTo><a:lnTo><a:pt x="10726" y="61705"/></a:lnTo><a:lnTo><a:pt x="12966" y="61773"/></a:lnTo><a:lnTo><a:pt x="15410" y="61841"/></a:lnTo><a:lnTo><a:pt x="17853" y="61773"/></a:lnTo><a:lnTo><a:pt x="20093" y="61705"/></a:lnTo><a:lnTo><a:pt x="22130" y="61637"/></a:lnTo><a:lnTo><a:pt x="23963" y="61501"/></a:lnTo><a:lnTo><a:pt x="26814" y="61162"/></a:lnTo><a:lnTo><a:pt x="28511" y="60958"/></a:lnTo><a:lnTo><a:pt x="28986" y="60823"/></a:lnTo><a:lnTo><a:pt x="29461" y="60619"/></a:lnTo><a:lnTo><a:pt x="29868" y="60347"/></a:lnTo><a:lnTo><a:pt x="30208" y="60076"/></a:lnTo><a:lnTo><a:pt x="30479" y="59736"/></a:lnTo><a:lnTo><a:pt x="30683" y="59261"/></a:lnTo><a:lnTo><a:pt x="30819" y="58854"/></a:lnTo><a:lnTo><a:pt x="30819" y="58311"/></a:lnTo><a:lnTo><a:pt x="30819" y="3259"/></a:lnTo><a:lnTo><a:pt x="30819" y="2716"/></a:lnTo><a:lnTo><a:pt x="30683" y="2241"/></a:lnTo><a:lnTo><a:pt x="30547" y="1901"/></a:lnTo><a:lnTo><a:pt x="30276" y="1494"/></a:lnTo><a:lnTo><a:pt x="29936" y="1223"/></a:lnTo><a:lnTo><a:pt x="29529" y="1019"/></a:lnTo><a:lnTo><a:pt x="29054" y="815"/></a:lnTo><a:lnTo><a:pt x="28511" y="680"/></a:lnTo><a:lnTo><a:pt x="27628" y="544"/></a:lnTo><a:lnTo><a:pt x="26406" y="408"/></a:lnTo><a:lnTo><a:pt x="23080" y="204"/></a:lnTo><a:lnTo><a:pt x="19211" y="69"/></a:lnTo><a:lnTo><a:pt x="15410" y="1"/></a:lnTo><a:close/></a:path></a:pathLst></a:custGeom><a:solidFill><a:srgbClr val="FFFFFF"/></a:solidFill><a:ln cap="flat" cmpd="sng" w="9525"><a:solidFill><a:srgbClr val="D9D9D9"/></a:solidFill><a:prstDash val="solid"/><a:round/><a:headEnd len="sm" w="sm" type="none"/><a:tailEnd len="sm" w="sm" type="none"/></a:ln></p:spPr><p:txBody><a:bodyPr anchorCtr="0" anchor="ctr" bIns="91425" lIns="91425" spcFirstLastPara="1" rIns="91425" wrap="square" tIns="91425"><a:noAutofit/></a:bodyPr><a:lstStyle/><a:p><a:pPr indent="0" lvl="0" marL="0"><a:spcBef><a:spcPts val="0"/></a:spcBef><a:spcAft><a:spcPts val="0"/></a:spcAft><a:buNone/></a:pPr><a:r><a:t></a:t></a:r><a:endParaRPr/></a:p></p:txBody></p:sp><p:sp><p:nvSpPr><p:cNvPr id="219" name="Shape 219"/><p:cNvSpPr txBox="1"/><p:nvPr><p:ph idx="4294967295" type="body"/></p:nvPr></p:nvSpPr><p:spPr><a:xfrm><a:off x="5889250" y="444300"/><a:ext cx="2738700" cy="4254900"/></a:xfrm><a:prstGeom prst="rect"><a:avLst/></a:prstGeom></p:spPr><p:txBody><a:bodyPr anchorCtr="0" anchor="ctr" bIns="91425" lIns="91425" spcFirstLastPara="1" rIns="91425" wrap="square" tIns="91425"><a:noAutofit/></a:bodyPr><a:lstStyle/><a:p><a:pPr indent="0" lvl="0" marL="0" rtl="0"><a:spcBef><a:spcPts val="600"/></a:spcBef><a:spcAft><a:spcPts val="0"/></a:spcAft><a:buNone/></a:pPr><a:r><a:rPr lang="en" sz="4800"><a:solidFill><a:srgbClr val="FFFFFF"/></a:solidFill><a:latin typeface="Lato Hairline"/><a:ea typeface="Lato Hairline"/><a:cs typeface="Lato Hairline"/><a:sym typeface="Lato Hairline"/></a:rPr><a:t>Android project</a:t></a:r><a:endParaRPr sz="4800"><a:solidFill><a:srgbClr val="FFFFFF"/></a:solidFill><a:latin typeface="Lato Hairline"/><a:ea typeface="Lato Hairline"/><a:cs typeface="Lato Hairline"/><a:sym typeface="Lato Hairline"/></a:endParaRPr></a:p><a:p><a:pPr indent="0" lvl="0" marL="0" rtl="0"><a:spcBef><a:spcPts val="600"/></a:spcBef><a:spcAft><a:spcPts val="0"/></a:spcAft><a:buNone/></a:pPr><a:r><a:rPr lang="en" sz="1400"><a:solidFill><a:srgbClr val="FFFFFF"/></a:solidFill></a:rPr><a:t>Show and explain your web, app or software projects using these gadget templates.</a:t></a:r><a:endParaRPr sz="1400"><a:solidFill><a:srgbClr val="FFFFFF"/></a:solidFill></a:endParaRPr></a:p></p:txBody></p:sp><p:sp><p:nvSpPr><p:cNvPr id="220" name="Shape 220"/><p:cNvSpPr/><p:nvPr/></p:nvSpPr><p:spPr><a:xfrm><a:off x="1049125" y="839000"/><a:ext cx="1888500" cy="3356100"/></a:xfrm><a:prstGeom prst="rect"><a:avLst/></a:prstGeom><a:noFill/><a:ln><a:noFill/></a:ln></p:spPr><p:txBody><a:bodyPr anchorCtr="0" anchor="ctr" bIns="91425" lIns="91425" spcFirstLastPara="1" rIns="91425" wrap="square" tIns="91425"><a:noAutofit/></a:bodyPr><a:lstStyle/><a:p><a:pPr indent="0" lvl="0" marL="0" algn="ctr"><a:spcBef><a:spcPts val="0"/></a:spcBef><a:spcAft><a:spcPts val="0"/></a:spcAft><a:buNone/></a:pPr><a:r><a:rPr lang="en" sz="1000"><a:solidFill><a:srgbClr val="666666"/></a:solidFill><a:latin typeface="Lato Light"/><a:ea typeface="Lato Light"/><a:cs typeface="Lato Light"/><a:sym typeface="Lato Light"/></a:rPr><a:t>Place your screenshot here</a:t></a:r><a:endParaRPr sz="1000"><a:solidFill><a:srgbClr val="666666"/></a:solidFill><a:latin typeface="Lato Light"/><a:ea typeface="Lato Light"/><a:cs typeface="Lato Light"/><a:sym typeface="Lato Light"/></a:endParaRPr></a:p></p:txBody></p:sp><p:sp><p:nvSpPr><p:cNvPr id="221" name="Shape 221"/><p:cNvSpPr txBox="1"/><p:nvPr><p:ph idx="12" type="sldNum"/></p:nvPr></p:nvSpPr><p:spPr><a:xfrm><a:off x="8480584" y="4673651"/><a:ext cx="548700" cy="393600"/></a:xfrm><a:prstGeom prst="rect"><a:avLst/></a:prstGeom></p:spPr><p:txBody><a:bodyPr anchorCtr="0" anchor="ctr" bIns="91425" lIns="91425" spcFirstLastPara="1" rIns="91425" wrap="square" tIns="91425"><a:noAutofit/></a:bodyPr><a:lstStyle/><a:p><a:pPr indent="0" lvl="0" marL="0" rtl="0" algn="r"><a:spcBef><a:spcPts val="0"/></a:spcBef><a:spcAft><a:spcPts val="0"/></a:spcAft><a:buNone/></a:pPr><a:fld id="{00000000-1234-1234-1234-123412341234}" type="slidenum"><a:rPr lang="en"/><a:t>‹#›</a:t></a:fld><a:endParaRPr/></a:p></p:txBody></p:sp></p:spTree></p:cSld><p:clrMapOvr><a:masterClrMapping/></p:clrMapOvr></p:sld>