<?xml version="1.0" encoding="UTF-8" standalone="yes"?><p:sld xmlns:a="http://schemas.openxmlformats.org/drawingml/2006/main" xmlns:r="http://schemas.openxmlformats.org/officeDocument/2006/relationships" xmlns:mc="http://schemas.openxmlformats.org/markup-compatibility/2006" xmlns:mv="urn:schemas-microsoft-com:mac:vml" xmlns:p="http://schemas.openxmlformats.org/presentationml/2006/main" xmlns:c="http://schemas.openxmlformats.org/drawingml/2006/chart" xmlns:dgm="http://schemas.openxmlformats.org/drawingml/2006/diagram" xmlns:o="urn:schemas-microsoft-com:office:office" xmlns:v="urn:schemas-microsoft-com:vml" xmlns:pvml="urn:schemas-microsoft-com:office:powerpoint" xmlns:com="http://schemas.openxmlformats.org/drawingml/2006/compatibility" xmlns:p14="http://schemas.microsoft.com/office/powerpoint/2010/main" xmlns:p15="http://schemas.microsoft.com/office/powerpoint/2012/main"><p:cSld><p:bg><p:bgPr><a:blipFill><a:blip r:embed="rId3"><a:alphaModFix/></a:blip><a:stretch><a:fillRect/></a:stretch></a:blipFill></p:bgPr></p:bg><p:spTree><p:nvGrpSpPr><p:cNvPr id="150" name="Shape 150"/><p:cNvGrpSpPr/><p:nvPr/></p:nvGrpSpPr><p:grpSpPr><a:xfrm><a:off x="0" y="0"/><a:ext cx="0" cy="0"/><a:chOff x="0" y="0"/><a:chExt cx="0" cy="0"/></a:xfrm></p:grpSpPr><p:sp><p:nvSpPr><p:cNvPr id="151" name="Shape 151"/><p:cNvSpPr txBox="1"/><p:nvPr><p:ph type="title"/></p:nvPr></p:nvSpPr><p:spPr><a:xfrm><a:off x="457200" y="1348975"/><a:ext cx="5511300" cy="857400"/></a:xfrm><a:prstGeom prst="rect"><a:avLst/></a:prstGeom></p:spPr><p:txBody><a:bodyPr anchorCtr="0" anchor="b" bIns="91425" lIns="91425" spcFirstLastPara="1" rIns="91425" wrap="square" tIns="91425"><a:noAutofit/></a:bodyPr><a:lstStyle/><a:p><a:pPr indent="0" lvl="0" marL="0" rtl="0"><a:spcBef><a:spcPts val="0"/></a:spcBef><a:spcAft><a:spcPts val="0"/></a:spcAft><a:buNone/></a:pPr><a:r><a:rPr lang="en"/><a:t>And tables to compare data</a:t></a:r><a:endParaRPr/></a:p></p:txBody></p:sp><p:graphicFrame><p:nvGraphicFramePr><p:cNvPr id="152" name="Shape 152"/><p:cNvGraphicFramePr/><p:nvPr/></p:nvGraphicFramePr><p:xfrm><a:off x="573800" y="2451781"/><a:ext cx="3000000" cy="3000000"/></p:xfrm><a:graphic><a:graphicData uri="http://schemas.openxmlformats.org/drawingml/2006/table"><a:tbl><a:tblPr><a:noFill/><a:tableStyleId>{D198817F-2C89-4CB2-99A1-50608DE93E4D}</a:tableStyleId></a:tblPr><a:tblGrid><a:gridCol w="1215525"/><a:gridCol w="1215525"/><a:gridCol w="1215525"/><a:gridCol w="1215525"/></a:tblGrid><a:tr h="530775"><a:tc><a:txBody><a:bodyPr><a:noAutofit/></a:bodyPr><a:lstStyle/><a:p><a:pPr indent="0" lvl="0" marL="0"><a:spcBef><a:spcPts val="0"/></a:spcBef><a:spcAft><a:spcPts val="0"/></a:spcAft><a:buNone/></a:pPr><a:r><a:t></a:t></a:r><a:endParaRPr><a:solidFill><a:srgbClr val="666666"/></a:solidFill><a:latin typeface="Lato Light"/><a:ea typeface="Lato Light"/><a:cs typeface="Lato Light"/><a:sym typeface="Lato Light"/></a:endParaRPr></a:p></a:txBody><a:tcPr marT="68575" marB="68575" marR="91425" marL="91425" anchor="ctr"><a:lnL cap="flat" cmpd="sng" w="9525"><a:solidFill><a:srgbClr val="D9D9D9"/></a:solidFill><a:prstDash val="solid"/><a:round/><a:headEnd len="sm" w="sm" type="none"/><a:tailEnd len="sm" w="sm" type="none"/></a:lnL><a:lnR cap="flat" cmpd="sng" w="9525"><a:solidFill><a:srgbClr val="D9D9D9"/></a:solidFill><a:prstDash val="solid"/><a:round/><a:headEnd len="sm" w="sm" type="none"/><a:tailEnd len="sm" w="sm" type="none"/></a:lnR><a:lnT cap="flat" cmpd="sng" w="9525"><a:solidFill><a:srgbClr val="D9D9D9"/></a:solidFill><a:prstDash val="solid"/><a:round/><a:headEnd len="sm" w="sm" type="none"/><a:tailEnd len="sm" w="sm" type="none"/></a:lnT><a:lnB cap="flat" cmpd="sng" w="9525"><a:solidFill><a:srgbClr val="D9D9D9"/></a:solidFill><a:prstDash val="solid"/><a:round/><a:headEnd len="sm" w="sm" type="none"/><a:tailEnd len="sm" w="sm" type="none"/></a:lnB><a:solidFill><a:srgbClr val="F3F3F3"/></a:solidFill></a:tcPr></a:tc><a:tc><a:txBody><a:bodyPr><a:noAutofit/></a:bodyPr><a:lstStyle/><a:p><a:pPr indent="0" lvl="0" marL="0" algn="ctr"><a:spcBef><a:spcPts val="0"/></a:spcBef><a:spcAft><a:spcPts val="0"/></a:spcAft><a:buNone/></a:pPr><a:r><a:rPr lang="en" sz="1100"><a:solidFill><a:srgbClr val="666666"/></a:solidFill><a:latin typeface="Lato Light"/><a:ea typeface="Lato Light"/><a:cs typeface="Lato Light"/><a:sym typeface="Lato Light"/></a:rPr><a:t>A</a:t></a:r><a:endParaRPr sz="1100"><a:solidFill><a:srgbClr val="666666"/></a:solidFill><a:latin typeface="Lato Light"/><a:ea typeface="Lato Light"/><a:cs typeface="Lato Light"/><a:sym typeface="Lato Light"/></a:endParaRPr></a:p></a:txBody><a:tcPr marT="68575" marB="68575" marR="91425" marL="91425" anchor="ctr"><a:lnL cap="flat" cmpd="sng" w="9525"><a:solidFill><a:srgbClr val="D9D9D9"/></a:solidFill><a:prstDash val="solid"/><a:round/><a:headEnd len="sm" w="sm" type="none"/><a:tailEnd len="sm" w="sm" type="none"/></a:lnL><a:lnR cap="flat" cmpd="sng" w="9525"><a:solidFill><a:srgbClr val="D9D9D9"/></a:solidFill><a:prstDash val="solid"/><a:round/><a:headEnd len="sm" w="sm" type="none"/><a:tailEnd len="sm" w="sm" type="none"/></a:lnR><a:lnT cap="flat" cmpd="sng" w="9525"><a:solidFill><a:srgbClr val="D9D9D9"/></a:solidFill><a:prstDash val="solid"/><a:round/><a:headEnd len="sm" w="sm" type="none"/><a:tailEnd len="sm" w="sm" type="none"/></a:lnT><a:lnB cap="flat" cmpd="sng" w="9525"><a:solidFill><a:srgbClr val="D9D9D9"/></a:solidFill><a:prstDash val="solid"/><a:round/><a:headEnd len="sm" w="sm" type="none"/><a:tailEnd len="sm" w="sm" type="none"/></a:lnB><a:solidFill><a:srgbClr val="F3F3F3"/></a:solidFill></a:tcPr></a:tc><a:tc><a:txBody><a:bodyPr><a:noAutofit/></a:bodyPr><a:lstStyle/><a:p><a:pPr indent="0" lvl="0" marL="0" algn="ctr"><a:spcBef><a:spcPts val="0"/></a:spcBef><a:spcAft><a:spcPts val="0"/></a:spcAft><a:buNone/></a:pPr><a:r><a:rPr lang="en" sz="1100"><a:solidFill><a:srgbClr val="666666"/></a:solidFill><a:latin typeface="Lato Light"/><a:ea typeface="Lato Light"/><a:cs typeface="Lato Light"/><a:sym typeface="Lato Light"/></a:rPr><a:t>B</a:t></a:r><a:endParaRPr sz="1100"><a:solidFill><a:srgbClr val="666666"/></a:solidFill><a:latin typeface="Lato Light"/><a:ea typeface="Lato Light"/><a:cs typeface="Lato Light"/><a:sym typeface="Lato Light"/></a:endParaRPr></a:p></a:txBody><a:tcPr marT="68575" marB="68575" marR="91425" marL="91425" anchor="ctr"><a:lnL cap="flat" cmpd="sng" w="9525"><a:solidFill><a:srgbClr val="D9D9D9"/></a:solidFill><a:prstDash val="solid"/><a:round/><a:headEnd len="sm" w="sm" type="none"/><a:tailEnd len="sm" w="sm" type="none"/></a:lnL><a:lnR cap="flat" cmpd="sng" w="9525"><a:solidFill><a:srgbClr val="D9D9D9"/></a:solidFill><a:prstDash val="solid"/><a:round/><a:headEnd len="sm" w="sm" type="none"/><a:tailEnd len="sm" w="sm" type="none"/></a:lnR><a:lnT cap="flat" cmpd="sng" w="9525"><a:solidFill><a:srgbClr val="D9D9D9"/></a:solidFill><a:prstDash val="solid"/><a:round/><a:headEnd len="sm" w="sm" type="none"/><a:tailEnd len="sm" w="sm" type="none"/></a:lnT><a:lnB cap="flat" cmpd="sng" w="9525"><a:solidFill><a:srgbClr val="D9D9D9"/></a:solidFill><a:prstDash val="solid"/><a:round/><a:headEnd len="sm" w="sm" type="none"/><a:tailEnd len="sm" w="sm" type="none"/></a:lnB><a:solidFill><a:srgbClr val="F3F3F3"/></a:solidFill></a:tcPr></a:tc><a:tc><a:txBody><a:bodyPr><a:noAutofit/></a:bodyPr><a:lstStyle/><a:p><a:pPr indent="0" lvl="0" marL="0" algn="ctr"><a:spcBef><a:spcPts val="0"/></a:spcBef><a:spcAft><a:spcPts val="0"/></a:spcAft><a:buNone/></a:pPr><a:r><a:rPr lang="en" sz="1100"><a:solidFill><a:srgbClr val="666666"/></a:solidFill><a:latin typeface="Lato Light"/><a:ea typeface="Lato Light"/><a:cs typeface="Lato Light"/><a:sym typeface="Lato Light"/></a:rPr><a:t>C</a:t></a:r><a:endParaRPr sz="1100"><a:solidFill><a:srgbClr val="666666"/></a:solidFill><a:latin typeface="Lato Light"/><a:ea typeface="Lato Light"/><a:cs typeface="Lato Light"/><a:sym typeface="Lato Light"/></a:endParaRPr></a:p></a:txBody><a:tcPr marT="68575" marB="68575" marR="91425" marL="91425" anchor="ctr"><a:lnL cap="flat" cmpd="sng" w="9525"><a:solidFill><a:srgbClr val="D9D9D9"/></a:solidFill><a:prstDash val="solid"/><a:round/><a:headEnd len="sm" w="sm" type="none"/><a:tailEnd len="sm" w="sm" type="none"/></a:lnL><a:lnR cap="flat" cmpd="sng" w="9525"><a:solidFill><a:srgbClr val="D9D9D9"/></a:solidFill><a:prstDash val="solid"/><a:round/><a:headEnd len="sm" w="sm" type="none"/><a:tailEnd len="sm" w="sm" type="none"/></a:lnR><a:lnT cap="flat" cmpd="sng" w="9525"><a:solidFill><a:srgbClr val="D9D9D9"/></a:solidFill><a:prstDash val="solid"/><a:round/><a:headEnd len="sm" w="sm" type="none"/><a:tailEnd len="sm" w="sm" type="none"/></a:lnT><a:lnB cap="flat" cmpd="sng" w="9525"><a:solidFill><a:srgbClr val="D9D9D9"/></a:solidFill><a:prstDash val="solid"/><a:round/><a:headEnd len="sm" w="sm" type="none"/><a:tailEnd len="sm" w="sm" type="none"/></a:lnB><a:solidFill><a:srgbClr val="F3F3F3"/></a:solidFill></a:tcPr></a:tc></a:tr><a:tr h="530775"><a:tc><a:txBody><a:bodyPr><a:noAutofit/></a:bodyPr><a:lstStyle/><a:p><a:pPr indent="0" lvl="0" marL="0" algn="r"><a:spcBef><a:spcPts val="0"/></a:spcBef><a:spcAft><a:spcPts val="0"/></a:spcAft><a:buNone/></a:pPr><a:r><a:rPr lang="en" sz="1100"><a:solidFill><a:srgbClr val="666666"/></a:solidFill><a:latin typeface="Lato Light"/><a:ea typeface="Lato Light"/><a:cs typeface="Lato Light"/><a:sym typeface="Lato Light"/></a:rPr><a:t>Yellow</a:t></a:r><a:endParaRPr sz="1100"><a:solidFill><a:srgbClr val="666666"/></a:solidFill><a:latin typeface="Lato Light"/><a:ea typeface="Lato Light"/><a:cs typeface="Lato Light"/><a:sym typeface="Lato Light"/></a:endParaRPr></a:p></a:txBody><a:tcPr marT="68575" marB="68575" marR="91425" marL="91425" anchor="ctr"><a:lnL cap="flat" cmpd="sng" w="9525"><a:solidFill><a:srgbClr val="D9D9D9"/></a:solidFill><a:prstDash val="solid"/><a:round/><a:headEnd len="sm" w="sm" type="none"/><a:tailEnd len="sm" w="sm" type="none"/></a:lnL><a:lnR cap="flat" cmpd="sng" w="9525"><a:solidFill><a:srgbClr val="D9D9D9"/></a:solidFill><a:prstDash val="solid"/><a:round/><a:headEnd len="sm" w="sm" type="none"/><a:tailEnd len="sm" w="sm" type="none"/></a:lnR><a:lnT cap="flat" cmpd="sng" w="9525"><a:solidFill><a:srgbClr val="D9D9D9"/></a:solidFill><a:prstDash val="solid"/><a:round/><a:headEnd len="sm" w="sm" type="none"/><a:tailEnd len="sm" w="sm" type="none"/></a:lnT><a:lnB cap="flat" cmpd="sng" w="9525"><a:solidFill><a:srgbClr val="D9D9D9"/></a:solidFill><a:prstDash val="solid"/><a:round/><a:headEnd len="sm" w="sm" type="none"/><a:tailEnd len="sm" w="sm" type="none"/></a:lnB></a:tcPr></a:tc><a:tc><a:txBody><a:bodyPr><a:noAutofit/></a:bodyPr><a:lstStyle/><a:p><a:pPr indent="0" lvl="0" marL="0" algn="ctr"><a:spcBef><a:spcPts val="0"/></a:spcBef><a:spcAft><a:spcPts val="0"/></a:spcAft><a:buNone/></a:pPr><a:r><a:rPr lang="en" sz="1100"><a:solidFill><a:srgbClr val="666666"/></a:solidFill><a:latin typeface="Lato Light"/><a:ea typeface="Lato Light"/><a:cs typeface="Lato Light"/><a:sym typeface="Lato Light"/></a:rPr><a:t>10</a:t></a:r><a:endParaRPr sz="1100"><a:solidFill><a:srgbClr val="666666"/></a:solidFill><a:latin typeface="Lato Light"/><a:ea typeface="Lato Light"/><a:cs typeface="Lato Light"/><a:sym typeface="Lato Light"/></a:endParaRPr></a:p></a:txBody><a:tcPr marT="68575" marB="68575" marR="91425" marL="91425" anchor="ctr"><a:lnL cap="flat" cmpd="sng" w="9525"><a:solidFill><a:srgbClr val="D9D9D9"/></a:solidFill><a:prstDash val="solid"/><a:round/><a:headEnd len="sm" w="sm" type="none"/><a:tailEnd len="sm" w="sm" type="none"/></a:lnL><a:lnR cap="flat" cmpd="sng" w="9525"><a:solidFill><a:srgbClr val="D9D9D9"/></a:solidFill><a:prstDash val="solid"/><a:round/><a:headEnd len="sm" w="sm" type="none"/><a:tailEnd len="sm" w="sm" type="none"/></a:lnR><a:lnT cap="flat" cmpd="sng" w="9525"><a:solidFill><a:srgbClr val="D9D9D9"/></a:solidFill><a:prstDash val="solid"/><a:round/><a:headEnd len="sm" w="sm" type="none"/><a:tailEnd len="sm" w="sm" type="none"/></a:lnT><a:lnB cap="flat" cmpd="sng" w="9525"><a:solidFill><a:srgbClr val="D9D9D9"/></a:solidFill><a:prstDash val="solid"/><a:round/><a:headEnd len="sm" w="sm" type="none"/><a:tailEnd len="sm" w="sm" type="none"/></a:lnB></a:tcPr></a:tc><a:tc><a:txBody><a:bodyPr><a:noAutofit/></a:bodyPr><a:lstStyle/><a:p><a:pPr indent="0" lvl="0" marL="0" algn="ctr"><a:spcBef><a:spcPts val="0"/></a:spcBef><a:spcAft><a:spcPts val="0"/></a:spcAft><a:buNone/></a:pPr><a:r><a:rPr lang="en" sz="1100"><a:solidFill><a:srgbClr val="666666"/></a:solidFill><a:latin typeface="Lato Light"/><a:ea typeface="Lato Light"/><a:cs typeface="Lato Light"/><a:sym typeface="Lato Light"/></a:rPr><a:t>20</a:t></a:r><a:endParaRPr sz="1100"><a:solidFill><a:srgbClr val="666666"/></a:solidFill><a:latin typeface="Lato Light"/><a:ea typeface="Lato Light"/><a:cs typeface="Lato Light"/><a:sym typeface="Lato Light"/></a:endParaRPr></a:p></a:txBody><a:tcPr marT="68575" marB="68575" marR="91425" marL="91425" anchor="ctr"><a:lnL cap="flat" cmpd="sng" w="9525"><a:solidFill><a:srgbClr val="D9D9D9"/></a:solidFill><a:prstDash val="solid"/><a:round/><a:headEnd len="sm" w="sm" type="none"/><a:tailEnd len="sm" w="sm" type="none"/></a:lnL><a:lnR cap="flat" cmpd="sng" w="9525"><a:solidFill><a:srgbClr val="D9D9D9"/></a:solidFill><a:prstDash val="solid"/><a:round/><a:headEnd len="sm" w="sm" type="none"/><a:tailEnd len="sm" w="sm" type="none"/></a:lnR><a:lnT cap="flat" cmpd="sng" w="9525"><a:solidFill><a:srgbClr val="D9D9D9"/></a:solidFill><a:prstDash val="solid"/><a:round/><a:headEnd len="sm" w="sm" type="none"/><a:tailEnd len="sm" w="sm" type="none"/></a:lnT><a:lnB cap="flat" cmpd="sng" w="9525"><a:solidFill><a:srgbClr val="D9D9D9"/></a:solidFill><a:prstDash val="solid"/><a:round/><a:headEnd len="sm" w="sm" type="none"/><a:tailEnd len="sm" w="sm" type="none"/></a:lnB></a:tcPr></a:tc><a:tc><a:txBody><a:bodyPr><a:noAutofit/></a:bodyPr><a:lstStyle/><a:p><a:pPr indent="0" lvl="0" marL="0" algn="ctr"><a:spcBef><a:spcPts val="0"/></a:spcBef><a:spcAft><a:spcPts val="0"/></a:spcAft><a:buNone/></a:pPr><a:r><a:rPr lang="en" sz="1100"><a:solidFill><a:srgbClr val="666666"/></a:solidFill><a:latin typeface="Lato Light"/><a:ea typeface="Lato Light"/><a:cs typeface="Lato Light"/><a:sym typeface="Lato Light"/></a:rPr><a:t>7</a:t></a:r><a:endParaRPr sz="1100"><a:solidFill><a:srgbClr val="666666"/></a:solidFill><a:latin typeface="Lato Light"/><a:ea typeface="Lato Light"/><a:cs typeface="Lato Light"/><a:sym typeface="Lato Light"/></a:endParaRPr></a:p></a:txBody><a:tcPr marT="68575" marB="68575" marR="91425" marL="91425" anchor="ctr"><a:lnL cap="flat" cmpd="sng" w="9525"><a:solidFill><a:srgbClr val="D9D9D9"/></a:solidFill><a:prstDash val="solid"/><a:round/><a:headEnd len="sm" w="sm" type="none"/><a:tailEnd len="sm" w="sm" type="none"/></a:lnL><a:lnR cap="flat" cmpd="sng" w="9525"><a:solidFill><a:srgbClr val="D9D9D9"/></a:solidFill><a:prstDash val="solid"/><a:round/><a:headEnd len="sm" w="sm" type="none"/><a:tailEnd len="sm" w="sm" type="none"/></a:lnR><a:lnT cap="flat" cmpd="sng" w="9525"><a:solidFill><a:srgbClr val="D9D9D9"/></a:solidFill><a:prstDash val="solid"/><a:round/><a:headEnd len="sm" w="sm" type="none"/><a:tailEnd len="sm" w="sm" type="none"/></a:lnT><a:lnB cap="flat" cmpd="sng" w="9525"><a:solidFill><a:srgbClr val="D9D9D9"/></a:solidFill><a:prstDash val="solid"/><a:round/><a:headEnd len="sm" w="sm" type="none"/><a:tailEnd len="sm" w="sm" type="none"/></a:lnB></a:tcPr></a:tc></a:tr><a:tr h="530775"><a:tc><a:txBody><a:bodyPr><a:noAutofit/></a:bodyPr><a:lstStyle/><a:p><a:pPr indent="0" lvl="0" marL="0" algn="r"><a:spcBef><a:spcPts val="0"/></a:spcBef><a:spcAft><a:spcPts val="0"/></a:spcAft><a:buNone/></a:pPr><a:r><a:rPr lang="en" sz="1100"><a:solidFill><a:srgbClr val="666666"/></a:solidFill><a:latin typeface="Lato Light"/><a:ea typeface="Lato Light"/><a:cs typeface="Lato Light"/><a:sym typeface="Lato Light"/></a:rPr><a:t>Blue</a:t></a:r><a:endParaRPr sz="1100"><a:solidFill><a:srgbClr val="666666"/></a:solidFill><a:latin typeface="Lato Light"/><a:ea typeface="Lato Light"/><a:cs typeface="Lato Light"/><a:sym typeface="Lato Light"/></a:endParaRPr></a:p></a:txBody><a:tcPr marT="68575" marB="68575" marR="91425" marL="91425" anchor="ctr"><a:lnL cap="flat" cmpd="sng" w="9525"><a:solidFill><a:srgbClr val="D9D9D9"/></a:solidFill><a:prstDash val="solid"/><a:round/><a:headEnd len="sm" w="sm" type="none"/><a:tailEnd len="sm" w="sm" type="none"/></a:lnL><a:lnR cap="flat" cmpd="sng" w="9525"><a:solidFill><a:srgbClr val="D9D9D9"/></a:solidFill><a:prstDash val="solid"/><a:round/><a:headEnd len="sm" w="sm" type="none"/><a:tailEnd len="sm" w="sm" type="none"/></a:lnR><a:lnT cap="flat" cmpd="sng" w="9525"><a:solidFill><a:srgbClr val="D9D9D9"/></a:solidFill><a:prstDash val="solid"/><a:round/><a:headEnd len="sm" w="sm" type="none"/><a:tailEnd len="sm" w="sm" type="none"/></a:lnT><a:lnB cap="flat" cmpd="sng" w="9525"><a:solidFill><a:srgbClr val="D9D9D9"/></a:solidFill><a:prstDash val="solid"/><a:round/><a:headEnd len="sm" w="sm" type="none"/><a:tailEnd len="sm" w="sm" type="none"/></a:lnB></a:tcPr></a:tc><a:tc><a:txBody><a:bodyPr><a:noAutofit/></a:bodyPr><a:lstStyle/><a:p><a:pPr indent="0" lvl="0" marL="0" algn="ctr"><a:spcBef><a:spcPts val="0"/></a:spcBef><a:spcAft><a:spcPts val="0"/></a:spcAft><a:buNone/></a:pPr><a:r><a:rPr lang="en" sz="1100"><a:solidFill><a:srgbClr val="666666"/></a:solidFill><a:latin typeface="Lato Light"/><a:ea typeface="Lato Light"/><a:cs typeface="Lato Light"/><a:sym typeface="Lato Light"/></a:rPr><a:t>30</a:t></a:r><a:endParaRPr sz="1100"><a:solidFill><a:srgbClr val="666666"/></a:solidFill><a:latin typeface="Lato Light"/><a:ea typeface="Lato Light"/><a:cs typeface="Lato Light"/><a:sym typeface="Lato Light"/></a:endParaRPr></a:p></a:txBody><a:tcPr marT="68575" marB="68575" marR="91425" marL="91425" anchor="ctr"><a:lnL cap="flat" cmpd="sng" w="9525"><a:solidFill><a:srgbClr val="D9D9D9"/></a:solidFill><a:prstDash val="solid"/><a:round/><a:headEnd len="sm" w="sm" type="none"/><a:tailEnd len="sm" w="sm" type="none"/></a:lnL><a:lnR cap="flat" cmpd="sng" w="9525"><a:solidFill><a:srgbClr val="D9D9D9"/></a:solidFill><a:prstDash val="solid"/><a:round/><a:headEnd len="sm" w="sm" type="none"/><a:tailEnd len="sm" w="sm" type="none"/></a:lnR><a:lnT cap="flat" cmpd="sng" w="9525"><a:solidFill><a:srgbClr val="D9D9D9"/></a:solidFill><a:prstDash val="solid"/><a:round/><a:headEnd len="sm" w="sm" type="none"/><a:tailEnd len="sm" w="sm" type="none"/></a:lnT><a:lnB cap="flat" cmpd="sng" w="9525"><a:solidFill><a:srgbClr val="D9D9D9"/></a:solidFill><a:prstDash val="solid"/><a:round/><a:headEnd len="sm" w="sm" type="none"/><a:tailEnd len="sm" w="sm" type="none"/></a:lnB></a:tcPr></a:tc><a:tc><a:txBody><a:bodyPr><a:noAutofit/></a:bodyPr><a:lstStyle/><a:p><a:pPr indent="0" lvl="0" marL="0" algn="ctr"><a:spcBef><a:spcPts val="0"/></a:spcBef><a:spcAft><a:spcPts val="0"/></a:spcAft><a:buNone/></a:pPr><a:r><a:rPr lang="en" sz="1100"><a:solidFill><a:srgbClr val="666666"/></a:solidFill><a:latin typeface="Lato Light"/><a:ea typeface="Lato Light"/><a:cs typeface="Lato Light"/><a:sym typeface="Lato Light"/></a:rPr><a:t>15</a:t></a:r><a:endParaRPr sz="1100"><a:solidFill><a:srgbClr val="666666"/></a:solidFill><a:latin typeface="Lato Light"/><a:ea typeface="Lato Light"/><a:cs typeface="Lato Light"/><a:sym typeface="Lato Light"/></a:endParaRPr></a:p></a:txBody><a:tcPr marT="68575" marB="68575" marR="91425" marL="91425" anchor="ctr"><a:lnL cap="flat" cmpd="sng" w="9525"><a:solidFill><a:srgbClr val="D9D9D9"/></a:solidFill><a:prstDash val="solid"/><a:round/><a:headEnd len="sm" w="sm" type="none"/><a:tailEnd len="sm" w="sm" type="none"/></a:lnL><a:lnR cap="flat" cmpd="sng" w="9525"><a:solidFill><a:srgbClr val="D9D9D9"/></a:solidFill><a:prstDash val="solid"/><a:round/><a:headEnd len="sm" w="sm" type="none"/><a:tailEnd len="sm" w="sm" type="none"/></a:lnR><a:lnT cap="flat" cmpd="sng" w="9525"><a:solidFill><a:srgbClr val="D9D9D9"/></a:solidFill><a:prstDash val="solid"/><a:round/><a:headEnd len="sm" w="sm" type="none"/><a:tailEnd len="sm" w="sm" type="none"/></a:lnT><a:lnB cap="flat" cmpd="sng" w="9525"><a:solidFill><a:srgbClr val="D9D9D9"/></a:solidFill><a:prstDash val="solid"/><a:round/><a:headEnd len="sm" w="sm" type="none"/><a:tailEnd len="sm" w="sm" type="none"/></a:lnB></a:tcPr></a:tc><a:tc><a:txBody><a:bodyPr><a:noAutofit/></a:bodyPr><a:lstStyle/><a:p><a:pPr indent="0" lvl="0" marL="0" algn="ctr"><a:spcBef><a:spcPts val="0"/></a:spcBef><a:spcAft><a:spcPts val="0"/></a:spcAft><a:buNone/></a:pPr><a:r><a:rPr lang="en" sz="1100"><a:solidFill><a:srgbClr val="666666"/></a:solidFill><a:latin typeface="Lato Light"/><a:ea typeface="Lato Light"/><a:cs typeface="Lato Light"/><a:sym typeface="Lato Light"/></a:rPr><a:t>10</a:t></a:r><a:endParaRPr sz="1100"><a:solidFill><a:srgbClr val="666666"/></a:solidFill><a:latin typeface="Lato Light"/><a:ea typeface="Lato Light"/><a:cs typeface="Lato Light"/><a:sym typeface="Lato Light"/></a:endParaRPr></a:p></a:txBody><a:tcPr marT="68575" marB="68575" marR="91425" marL="91425" anchor="ctr"><a:lnL cap="flat" cmpd="sng" w="9525"><a:solidFill><a:srgbClr val="D9D9D9"/></a:solidFill><a:prstDash val="solid"/><a:round/><a:headEnd len="sm" w="sm" type="none"/><a:tailEnd len="sm" w="sm" type="none"/></a:lnL><a:lnR cap="flat" cmpd="sng" w="9525"><a:solidFill><a:srgbClr val="D9D9D9"/></a:solidFill><a:prstDash val="solid"/><a:round/><a:headEnd len="sm" w="sm" type="none"/><a:tailEnd len="sm" w="sm" type="none"/></a:lnR><a:lnT cap="flat" cmpd="sng" w="9525"><a:solidFill><a:srgbClr val="D9D9D9"/></a:solidFill><a:prstDash val="solid"/><a:round/><a:headEnd len="sm" w="sm" type="none"/><a:tailEnd len="sm" w="sm" type="none"/></a:lnT><a:lnB cap="flat" cmpd="sng" w="9525"><a:solidFill><a:srgbClr val="D9D9D9"/></a:solidFill><a:prstDash val="solid"/><a:round/><a:headEnd len="sm" w="sm" type="none"/><a:tailEnd len="sm" w="sm" type="none"/></a:lnB></a:tcPr></a:tc></a:tr><a:tr h="530775"><a:tc><a:txBody><a:bodyPr><a:noAutofit/></a:bodyPr><a:lstStyle/><a:p><a:pPr indent="0" lvl="0" marL="0" rtl="0" algn="r"><a:spcBef><a:spcPts val="0"/></a:spcBef><a:spcAft><a:spcPts val="0"/></a:spcAft><a:buNone/></a:pPr><a:r><a:rPr lang="en" sz="1100"><a:solidFill><a:srgbClr val="666666"/></a:solidFill><a:latin typeface="Lato Light"/><a:ea typeface="Lato Light"/><a:cs typeface="Lato Light"/><a:sym typeface="Lato Light"/></a:rPr><a:t>Orange</a:t></a:r><a:endParaRPr sz="1100"><a:solidFill><a:srgbClr val="666666"/></a:solidFill><a:latin typeface="Lato Light"/><a:ea typeface="Lato Light"/><a:cs typeface="Lato Light"/><a:sym typeface="Lato Light"/></a:endParaRPr></a:p></a:txBody><a:tcPr marT="68575" marB="68575" marR="91425" marL="91425" anchor="ctr"><a:lnL cap="flat" cmpd="sng" w="9525"><a:solidFill><a:srgbClr val="D9D9D9"/></a:solidFill><a:prstDash val="solid"/><a:round/><a:headEnd len="sm" w="sm" type="none"/><a:tailEnd len="sm" w="sm" type="none"/></a:lnL><a:lnR cap="flat" cmpd="sng" w="9525"><a:solidFill><a:srgbClr val="D9D9D9"/></a:solidFill><a:prstDash val="solid"/><a:round/><a:headEnd len="sm" w="sm" type="none"/><a:tailEnd len="sm" w="sm" type="none"/></a:lnR><a:lnT cap="flat" cmpd="sng" w="9525"><a:solidFill><a:srgbClr val="D9D9D9"/></a:solidFill><a:prstDash val="solid"/><a:round/><a:headEnd len="sm" w="sm" type="none"/><a:tailEnd len="sm" w="sm" type="none"/></a:lnT><a:lnB cap="flat" cmpd="sng" w="9525"><a:solidFill><a:srgbClr val="D9D9D9"/></a:solidFill><a:prstDash val="solid"/><a:round/><a:headEnd len="sm" w="sm" type="none"/><a:tailEnd len="sm" w="sm" type="none"/></a:lnB></a:tcPr></a:tc><a:tc><a:txBody><a:bodyPr><a:noAutofit/></a:bodyPr><a:lstStyle/><a:p><a:pPr indent="0" lvl="0" marL="0" rtl="0" algn="ctr"><a:spcBef><a:spcPts val="0"/></a:spcBef><a:spcAft><a:spcPts val="0"/></a:spcAft><a:buNone/></a:pPr><a:r><a:rPr lang="en" sz="1100"><a:solidFill><a:srgbClr val="666666"/></a:solidFill><a:latin typeface="Lato Light"/><a:ea typeface="Lato Light"/><a:cs typeface="Lato Light"/><a:sym typeface="Lato Light"/></a:rPr><a:t>5</a:t></a:r><a:endParaRPr sz="1100"><a:solidFill><a:srgbClr val="666666"/></a:solidFill><a:latin typeface="Lato Light"/><a:ea typeface="Lato Light"/><a:cs typeface="Lato Light"/><a:sym typeface="Lato Light"/></a:endParaRPr></a:p></a:txBody><a:tcPr marT="68575" marB="68575" marR="91425" marL="91425" anchor="ctr"><a:lnL cap="flat" cmpd="sng" w="9525"><a:solidFill><a:srgbClr val="D9D9D9"/></a:solidFill><a:prstDash val="solid"/><a:round/><a:headEnd len="sm" w="sm" type="none"/><a:tailEnd len="sm" w="sm" type="none"/></a:lnL><a:lnR cap="flat" cmpd="sng" w="9525"><a:solidFill><a:srgbClr val="D9D9D9"/></a:solidFill><a:prstDash val="solid"/><a:round/><a:headEnd len="sm" w="sm" type="none"/><a:tailEnd len="sm" w="sm" type="none"/></a:lnR><a:lnT cap="flat" cmpd="sng" w="9525"><a:solidFill><a:srgbClr val="D9D9D9"/></a:solidFill><a:prstDash val="solid"/><a:round/><a:headEnd len="sm" w="sm" type="none"/><a:tailEnd len="sm" w="sm" type="none"/></a:lnT><a:lnB cap="flat" cmpd="sng" w="9525"><a:solidFill><a:srgbClr val="D9D9D9"/></a:solidFill><a:prstDash val="solid"/><a:round/><a:headEnd len="sm" w="sm" type="none"/><a:tailEnd len="sm" w="sm" type="none"/></a:lnB></a:tcPr></a:tc><a:tc><a:txBody><a:bodyPr><a:noAutofit/></a:bodyPr><a:lstStyle/><a:p><a:pPr indent="0" lvl="0" marL="0" rtl="0" algn="ctr"><a:spcBef><a:spcPts val="0"/></a:spcBef><a:spcAft><a:spcPts val="0"/></a:spcAft><a:buNone/></a:pPr><a:r><a:rPr lang="en" sz="1100"><a:solidFill><a:srgbClr val="666666"/></a:solidFill><a:latin typeface="Lato Light"/><a:ea typeface="Lato Light"/><a:cs typeface="Lato Light"/><a:sym typeface="Lato Light"/></a:rPr><a:t>24</a:t></a:r><a:endParaRPr sz="1100"><a:solidFill><a:srgbClr val="666666"/></a:solidFill><a:latin typeface="Lato Light"/><a:ea typeface="Lato Light"/><a:cs typeface="Lato Light"/><a:sym typeface="Lato Light"/></a:endParaRPr></a:p></a:txBody><a:tcPr marT="68575" marB="68575" marR="91425" marL="91425" anchor="ctr"><a:lnL cap="flat" cmpd="sng" w="9525"><a:solidFill><a:srgbClr val="D9D9D9"/></a:solidFill><a:prstDash val="solid"/><a:round/><a:headEnd len="sm" w="sm" type="none"/><a:tailEnd len="sm" w="sm" type="none"/></a:lnL><a:lnR cap="flat" cmpd="sng" w="9525"><a:solidFill><a:srgbClr val="D9D9D9"/></a:solidFill><a:prstDash val="solid"/><a:round/><a:headEnd len="sm" w="sm" type="none"/><a:tailEnd len="sm" w="sm" type="none"/></a:lnR><a:lnT cap="flat" cmpd="sng" w="9525"><a:solidFill><a:srgbClr val="D9D9D9"/></a:solidFill><a:prstDash val="solid"/><a:round/><a:headEnd len="sm" w="sm" type="none"/><a:tailEnd len="sm" w="sm" type="none"/></a:lnT><a:lnB cap="flat" cmpd="sng" w="9525"><a:solidFill><a:srgbClr val="D9D9D9"/></a:solidFill><a:prstDash val="solid"/><a:round/><a:headEnd len="sm" w="sm" type="none"/><a:tailEnd len="sm" w="sm" type="none"/></a:lnB></a:tcPr></a:tc><a:tc><a:txBody><a:bodyPr><a:noAutofit/></a:bodyPr><a:lstStyle/><a:p><a:pPr indent="0" lvl="0" marL="0" rtl="0" algn="ctr"><a:spcBef><a:spcPts val="0"/></a:spcBef><a:spcAft><a:spcPts val="0"/></a:spcAft><a:buNone/></a:pPr><a:r><a:rPr lang="en" sz="1100"><a:solidFill><a:srgbClr val="666666"/></a:solidFill><a:latin typeface="Lato Light"/><a:ea typeface="Lato Light"/><a:cs typeface="Lato Light"/><a:sym typeface="Lato Light"/></a:rPr><a:t>16</a:t></a:r><a:endParaRPr sz="1100"><a:solidFill><a:srgbClr val="666666"/></a:solidFill><a:latin typeface="Lato Light"/><a:ea typeface="Lato Light"/><a:cs typeface="Lato Light"/><a:sym typeface="Lato Light"/></a:endParaRPr></a:p></a:txBody><a:tcPr marT="68575" marB="68575" marR="91425" marL="91425" anchor="ctr"><a:lnL cap="flat" cmpd="sng" w="9525"><a:solidFill><a:srgbClr val="D9D9D9"/></a:solidFill><a:prstDash val="solid"/><a:round/><a:headEnd len="sm" w="sm" type="none"/><a:tailEnd len="sm" w="sm" type="none"/></a:lnL><a:lnR cap="flat" cmpd="sng" w="9525"><a:solidFill><a:srgbClr val="D9D9D9"/></a:solidFill><a:prstDash val="solid"/><a:round/><a:headEnd len="sm" w="sm" type="none"/><a:tailEnd len="sm" w="sm" type="none"/></a:lnR><a:lnT cap="flat" cmpd="sng" w="9525"><a:solidFill><a:srgbClr val="D9D9D9"/></a:solidFill><a:prstDash val="solid"/><a:round/><a:headEnd len="sm" w="sm" type="none"/><a:tailEnd len="sm" w="sm" type="none"/></a:lnT><a:lnB cap="flat" cmpd="sng" w="9525"><a:solidFill><a:srgbClr val="D9D9D9"/></a:solidFill><a:prstDash val="solid"/><a:round/><a:headEnd len="sm" w="sm" type="none"/><a:tailEnd len="sm" w="sm" type="none"/></a:lnB></a:tcPr></a:tc></a:tr></a:tbl></a:graphicData></a:graphic></p:graphicFrame><p:sp><p:nvSpPr><p:cNvPr id="153" name="Shape 153"/><p:cNvSpPr txBox="1"/><p:nvPr><p:ph idx="12" type="sldNum"/></p:nvPr></p:nvSpPr><p:spPr><a:xfrm><a:off x="8480584" y="4673651"/><a:ext cx="548700" cy="393600"/></a:xfrm><a:prstGeom prst="rect"><a:avLst/></a:prstGeom></p:spPr><p:txBody><a:bodyPr anchorCtr="0" anchor="ctr" bIns="91425" lIns="91425" spcFirstLastPara="1" rIns="91425" wrap="square" tIns="91425"><a:noAutofit/></a:bodyPr><a:lstStyle/><a:p><a:pPr indent="0" lvl="0" marL="0"><a:spcBef><a:spcPts val="0"/></a:spcBef><a:spcAft><a:spcPts val="0"/></a:spcAft><a:buNone/></a:pPr><a:fld id="{00000000-1234-1234-1234-123412341234}" type="slidenum"><a:rPr lang="en"/><a:t>‹#›</a:t></a:fld><a:endParaRPr/></a:p></p:txBody></p:sp></p:spTree></p:cSld><p:clrMapOvr><a:masterClrMapping/></p:clrMapOvr></p:sld>