<?xml version="1.0" encoding="UTF-8" standalone="yes"?><p:sld xmlns:a="http://schemas.openxmlformats.org/drawingml/2006/main" xmlns:r="http://schemas.openxmlformats.org/officeDocument/2006/relationships" xmlns:mc="http://schemas.openxmlformats.org/markup-compatibility/2006" xmlns:mv="urn:schemas-microsoft-com:mac:vml" xmlns:p="http://schemas.openxmlformats.org/presentationml/2006/main" xmlns:c="http://schemas.openxmlformats.org/drawingml/2006/chart" xmlns:dgm="http://schemas.openxmlformats.org/drawingml/2006/diagram" xmlns:o="urn:schemas-microsoft-com:office:office" xmlns:v="urn:schemas-microsoft-com:vml" xmlns:pvml="urn:schemas-microsoft-com:office:powerpoint" xmlns:com="http://schemas.openxmlformats.org/drawingml/2006/compatibility" xmlns:p14="http://schemas.microsoft.com/office/powerpoint/2010/main" xmlns:p15="http://schemas.microsoft.com/office/powerpoint/2012/main"><p:cSld><p:bg><p:bgPr><a:blipFill><a:blip r:embed="rId3"><a:alphaModFix/></a:blip><a:stretch><a:fillRect/></a:stretch></a:blipFill></p:bgPr></p:bg><p:spTree><p:nvGrpSpPr><p:cNvPr id="135" name="Shape 135"/><p:cNvGrpSpPr/><p:nvPr/></p:nvGrpSpPr><p:grpSpPr><a:xfrm><a:off x="0" y="0"/><a:ext cx="0" cy="0"/><a:chOff x="0" y="0"/><a:chExt cx="0" cy="0"/></a:xfrm></p:grpSpPr><p:sp><p:nvSpPr><p:cNvPr id="136" name="Shape 136"/><p:cNvSpPr txBox="1"/><p:nvPr><p:ph idx="4294967295" type="title"/></p:nvPr></p:nvSpPr><p:spPr><a:xfrm><a:off x="2194950" y="2714525"/><a:ext cx="4754100" cy="1380000"/></a:xfrm><a:prstGeom prst="rect"><a:avLst/></a:prstGeom></p:spPr><p:txBody><a:bodyPr anchorCtr="0" anchor="b" bIns="91425" lIns="91425" spcFirstLastPara="1" rIns="91425" wrap="square" tIns="91425"><a:noAutofit/></a:bodyPr><a:lstStyle/><a:p><a:pPr indent="0" lvl="0" marL="0" rtl="0" algn="ctr"><a:spcBef><a:spcPts val="0"/></a:spcBef><a:spcAft><a:spcPts val="0"/></a:spcAft><a:buNone/></a:pPr><a:r><a:rPr lang="en" sz="1400"><a:solidFill><a:srgbClr val="FFFFFF"/></a:solidFill><a:latin typeface="Lato Light"/><a:ea typeface="Lato Light"/><a:cs typeface="Lato Light"/><a:sym typeface="Lato Light"/></a:rPr><a:t>Want big impact?</a:t></a:r><a:endParaRPr sz="1400"><a:solidFill><a:srgbClr val="FFFFFF"/></a:solidFill><a:latin typeface="Lato Light"/><a:ea typeface="Lato Light"/><a:cs typeface="Lato Light"/><a:sym typeface="Lato Light"/></a:endParaRPr></a:p><a:p><a:pPr indent="0" lvl="0" marL="0" rtl="0" algn="ctr"><a:spcBef><a:spcPts val="0"/></a:spcBef><a:spcAft><a:spcPts val="0"/></a:spcAft><a:buNone/></a:pPr><a:r><a:rPr lang="en" sz="1400"><a:solidFill><a:srgbClr val="FFFFFF"/></a:solidFill><a:latin typeface="Lato Light"/><a:ea typeface="Lato Light"/><a:cs typeface="Lato Light"/><a:sym typeface="Lato Light"/></a:rPr><a:t>Use big image.</a:t></a:r><a:endParaRPr sz="1400"><a:solidFill><a:srgbClr val="FFFFFF"/></a:solidFill><a:latin typeface="Lato Light"/><a:ea typeface="Lato Light"/><a:cs typeface="Lato Light"/><a:sym typeface="Lato Light"/></a:endParaRPr></a:p></p:txBody></p:sp><p:sp><p:nvSpPr><p:cNvPr id="137" name="Shape 137"/><p:cNvSpPr txBox="1"/><p:nvPr><p:ph idx="12" type="sldNum"/></p:nvPr></p:nvSpPr><p:spPr><a:xfrm><a:off x="4297650" y="4447973"/><a:ext cx="548700" cy="393600"/></a:xfrm><a:prstGeom prst="rect"><a:avLst/></a:prstGeom></p:spPr><p:txBody><a:bodyPr anchorCtr="0" anchor="ctr" bIns="91425" lIns="91425" spcFirstLastPara="1" rIns="91425" wrap="square" tIns="91425"><a:noAutofit/></a:bodyPr><a:lstStyle/><a:p><a:pPr indent="0" lvl="0" marL="0" rtl="0" algn="ctr"><a:spcBef><a:spcPts val="0"/></a:spcBef><a:spcAft><a:spcPts val="0"/></a:spcAft><a:buNone/></a:pPr><a:fld id="{00000000-1234-1234-1234-123412341234}" type="slidenum"><a:rPr lang="en"><a:solidFill><a:srgbClr val="999999"/></a:solidFill></a:rPr><a:t>‹#›</a:t></a:fld><a:endParaRPr><a:solidFill><a:srgbClr val="999999"/></a:solidFill></a:endParaRPr></a:p></p:txBody></p:sp></p:spTree></p:cSld><p:clrMapOvr><a:masterClrMapping/></p:clrMapOvr></p:sld>