<?xml version="1.0" encoding="UTF-8" standalone="yes"?><p:sld xmlns:a="http://schemas.openxmlformats.org/drawingml/2006/main" xmlns:r="http://schemas.openxmlformats.org/officeDocument/2006/relationships" xmlns:mc="http://schemas.openxmlformats.org/markup-compatibility/2006" xmlns:mv="urn:schemas-microsoft-com:mac:vml" xmlns:p="http://schemas.openxmlformats.org/presentationml/2006/main" xmlns:c="http://schemas.openxmlformats.org/drawingml/2006/chart" xmlns:dgm="http://schemas.openxmlformats.org/drawingml/2006/diagram" xmlns:o="urn:schemas-microsoft-com:office:office" xmlns:v="urn:schemas-microsoft-com:vml" xmlns:pvml="urn:schemas-microsoft-com:office:powerpoint" xmlns:com="http://schemas.openxmlformats.org/drawingml/2006/compatibility" xmlns:p14="http://schemas.microsoft.com/office/powerpoint/2010/main" xmlns:p15="http://schemas.microsoft.com/office/powerpoint/2012/main"><p:cSld><p:bg><p:bgPr><a:blipFill><a:blip r:embed="rId3"><a:alphaModFix/></a:blip><a:stretch><a:fillRect/></a:stretch></a:blipFill></p:bgPr></p:bg><p:spTree><p:nvGrpSpPr><p:cNvPr id="241" name="Shape 241"/><p:cNvGrpSpPr/><p:nvPr/></p:nvGrpSpPr><p:grpSpPr><a:xfrm><a:off x="0" y="0"/><a:ext cx="0" cy="0"/><a:chOff x="0" y="0"/><a:chExt cx="0" cy="0"/></a:xfrm></p:grpSpPr><p:sp><p:nvSpPr><p:cNvPr id="242" name="Shape 242"/><p:cNvSpPr/><p:nvPr/></p:nvSpPr><p:spPr><a:xfrm><a:off x="516325" y="1071107"/><a:ext cx="3855147" cy="3001276"/></a:xfrm><a:custGeom><a:pathLst><a:path extrusionOk="0" h="111665" w="143434"><a:moveTo><a:pt x="71751" y="2308"/></a:moveTo><a:lnTo><a:pt x="71887" y="2376"/></a:lnTo><a:lnTo><a:pt x="72091" y="2444"/></a:lnTo><a:lnTo><a:pt x="72159" y="2647"/></a:lnTo><a:lnTo><a:pt x="72226" y="2783"/></a:lnTo><a:lnTo><a:pt x="72159" y="2987"/></a:lnTo><a:lnTo><a:pt x="72091" y="3190"/></a:lnTo><a:lnTo><a:pt x="71887" y="3258"/></a:lnTo><a:lnTo><a:pt x="71751" y="3326"/></a:lnTo><a:lnTo><a:pt x="71548" y="3258"/></a:lnTo><a:lnTo><a:pt x="71344" y="3190"/></a:lnTo><a:lnTo><a:pt x="71276" y="2987"/></a:lnTo><a:lnTo><a:pt x="71208" y="2783"/></a:lnTo><a:lnTo><a:pt x="71276" y="2647"/></a:lnTo><a:lnTo><a:pt x="71344" y="2444"/></a:lnTo><a:lnTo><a:pt x="71548" y="2376"/></a:lnTo><a:lnTo><a:pt x="71751" y="2308"/></a:lnTo><a:close/><a:moveTo><a:pt x="137528" y="5906"/></a:moveTo><a:lnTo><a:pt x="137596" y="5974"/></a:lnTo><a:lnTo><a:pt x="137596" y="89604"/></a:lnTo><a:lnTo><a:pt x="5906" y="89604"/></a:lnTo><a:lnTo><a:pt x="5906" y="5974"/></a:lnTo><a:lnTo><a:pt x="5906" y="5906"/></a:lnTo><a:close/><a:moveTo><a:pt x="3530" y="0"/></a:moveTo><a:lnTo><a:pt x="3191" y="68"/></a:lnTo><a:lnTo><a:pt x="2444" y="339"/></a:lnTo><a:lnTo><a:pt x="1766" y="679"/></a:lnTo><a:lnTo><a:pt x="1155" y="1154"/></a:lnTo><a:lnTo><a:pt x="679" y="1765"/></a:lnTo><a:lnTo><a:pt x="272" y="2444"/></a:lnTo><a:lnTo><a:pt x="69" y="3190"/></a:lnTo><a:lnTo><a:pt x="1" y="3598"/></a:lnTo><a:lnTo><a:pt x="1" y="4005"/></a:lnTo><a:lnTo><a:pt x="1" y="91572"/></a:lnTo><a:lnTo><a:pt x="1" y="91979"/></a:lnTo><a:lnTo><a:pt x="69" y="92319"/></a:lnTo><a:lnTo><a:pt x="272" y="93065"/></a:lnTo><a:lnTo><a:pt x="679" y="93744"/></a:lnTo><a:lnTo><a:pt x="1155" y="94355"/></a:lnTo><a:lnTo><a:pt x="1766" y="94830"/></a:lnTo><a:lnTo><a:pt x="2444" y="95238"/></a:lnTo><a:lnTo><a:pt x="3191" y="95441"/></a:lnTo><a:lnTo><a:pt x="3530" y="95509"/></a:lnTo><a:lnTo><a:pt x="139904" y="95509"/></a:lnTo><a:lnTo><a:pt x="140311" y="95441"/></a:lnTo><a:lnTo><a:pt x="141058" y="95238"/></a:lnTo><a:lnTo><a:pt x="141737" y="94830"/></a:lnTo><a:lnTo><a:pt x="142280" y="94355"/></a:lnTo><a:lnTo><a:pt x="142755" y="93744"/></a:lnTo><a:lnTo><a:pt x="143162" y="93065"/></a:lnTo><a:lnTo><a:pt x="143366" y="92319"/></a:lnTo><a:lnTo><a:pt x="143434" y="91979"/></a:lnTo><a:lnTo><a:pt x="143434" y="91572"/></a:lnTo><a:lnTo><a:pt x="143434" y="4005"/></a:lnTo><a:lnTo><a:pt x="143434" y="3598"/></a:lnTo><a:lnTo><a:pt x="143366" y="3190"/></a:lnTo><a:lnTo><a:pt x="143162" y="2444"/></a:lnTo><a:lnTo><a:pt x="142755" y="1765"/></a:lnTo><a:lnTo><a:pt x="142280" y="1154"/></a:lnTo><a:lnTo><a:pt x="141737" y="679"/></a:lnTo><a:lnTo><a:pt x="141058" y="339"/></a:lnTo><a:lnTo><a:pt x="140311" y="68"/></a:lnTo><a:lnTo><a:pt x="139904" y="0"/></a:lnTo><a:close/><a:moveTo><a:pt x="55324" y="95713"/></a:moveTo><a:lnTo><a:pt x="55052" y="98971"/></a:lnTo><a:lnTo><a:pt x="54713" y="102297"/></a:lnTo><a:lnTo><a:pt x="54374" y="105284"/></a:lnTo><a:lnTo><a:pt x="53966" y="107388"/></a:lnTo><a:lnTo><a:pt x="53763" y="108203"/></a:lnTo><a:lnTo><a:pt x="53627" y="108746"/></a:lnTo><a:lnTo><a:pt x="53423" y="109153"/></a:lnTo><a:lnTo><a:pt x="53220" y="109357"/></a:lnTo><a:lnTo><a:pt x="52677" y="109493"/></a:lnTo><a:lnTo><a:pt x="51794" y="109696"/></a:lnTo><a:lnTo><a:pt x="49690" y="110036"/></a:lnTo><a:lnTo><a:pt x="48061" y="110307"/></a:lnTo><a:lnTo><a:pt x="47450" y="110443"/></a:lnTo><a:lnTo><a:pt x="47110" y="110511"/></a:lnTo><a:lnTo><a:pt x="47042" y="110579"/></a:lnTo><a:lnTo><a:pt x="47042" y="110783"/></a:lnTo><a:lnTo><a:pt x="47110" y="110850"/></a:lnTo><a:lnTo><a:pt x="47585" y="110918"/></a:lnTo><a:lnTo><a:pt x="48400" y="110986"/></a:lnTo><a:lnTo><a:pt x="51387" y="111054"/></a:lnTo><a:lnTo><a:pt x="56071" y="111122"/></a:lnTo><a:lnTo><a:pt x="87092" y="111122"/></a:lnTo><a:lnTo><a:pt x="91708" y="111054"/></a:lnTo><a:lnTo><a:pt x="94695" y="110986"/></a:lnTo><a:lnTo><a:pt x="95578" y="110918"/></a:lnTo><a:lnTo><a:pt x="96053" y="110850"/></a:lnTo><a:lnTo><a:pt x="96121" y="110783"/></a:lnTo><a:lnTo><a:pt x="96121" y="110579"/></a:lnTo><a:lnTo><a:pt x="96053" y="110511"/></a:lnTo><a:lnTo><a:pt x="95713" y="110443"/></a:lnTo><a:lnTo><a:pt x="95102" y="110307"/></a:lnTo><a:lnTo><a:pt x="93473" y="110036"/></a:lnTo><a:lnTo><a:pt x="91369" y="109696"/></a:lnTo><a:lnTo><a:pt x="90487" y="109493"/></a:lnTo><a:lnTo><a:pt x="89943" y="109357"/></a:lnTo><a:lnTo><a:pt x="89740" y="109153"/></a:lnTo><a:lnTo><a:pt x="89536" y="108746"/></a:lnTo><a:lnTo><a:pt x="89333" y="108203"/></a:lnTo><a:lnTo><a:pt x="89197" y="107388"/></a:lnTo><a:lnTo><a:pt x="88789" y="105284"/></a:lnTo><a:lnTo><a:pt x="88382" y="102297"/></a:lnTo><a:lnTo><a:pt x="88043" y="98971"/></a:lnTo><a:lnTo><a:pt x="87839" y="95713"/></a:lnTo><a:close/><a:moveTo><a:pt x="47450" y="111054"/></a:moveTo><a:lnTo><a:pt x="47450" y="111122"/></a:lnTo><a:lnTo><a:pt x="47450" y="111393"/></a:lnTo><a:lnTo><a:pt x="47518" y="111461"/></a:lnTo><a:lnTo><a:pt x="48807" y="111529"/></a:lnTo><a:lnTo><a:pt x="52473" y="111597"/></a:lnTo><a:lnTo><a:pt x="62384" y="111665"/></a:lnTo><a:lnTo><a:pt x="80779" y="111665"/></a:lnTo><a:lnTo><a:pt x="90622" y="111597"/></a:lnTo><a:lnTo><a:pt x="94356" y="111529"/></a:lnTo><a:lnTo><a:pt x="95646" y="111461"/></a:lnTo><a:lnTo><a:pt x="95713" y="111393"/></a:lnTo><a:lnTo><a:pt x="95713" y="111122"/></a:lnTo><a:lnTo><a:pt x="95646" y="111054"/></a:lnTo><a:lnTo><a:pt x="94084" y="111122"/></a:lnTo><a:lnTo><a:pt x="91233" y="111190"/></a:lnTo><a:lnTo><a:pt x="80847" y="111258"/></a:lnTo><a:lnTo><a:pt x="62316" y="111258"/></a:lnTo><a:lnTo><a:pt x="51930" y="111190"/></a:lnTo><a:lnTo><a:pt x="49079" y="111122"/></a:lnTo><a:lnTo><a:pt x="47518" y="111054"/></a:lnTo><a:close/></a:path></a:pathLst></a:custGeom><a:solidFill><a:srgbClr val="FFFFFF"/></a:solidFill><a:ln cap="flat" cmpd="sng" w="9525"><a:solidFill><a:srgbClr val="D9D9D9"/></a:solidFill><a:prstDash val="solid"/><a:round/><a:headEnd len="sm" w="sm" type="none"/><a:tailEnd len="sm" w="sm" type="none"/></a:ln></p:spPr><p:txBody><a:bodyPr anchorCtr="0" anchor="ctr" bIns="91425" lIns="91425" spcFirstLastPara="1" rIns="91425" wrap="square" tIns="91425"><a:noAutofit/></a:bodyPr><a:lstStyle/><a:p><a:pPr indent="0" lvl="0" marL="0"><a:spcBef><a:spcPts val="0"/></a:spcBef><a:spcAft><a:spcPts val="0"/></a:spcAft><a:buNone/></a:pPr><a:r><a:t></a:t></a:r><a:endParaRPr/></a:p></p:txBody></p:sp><p:sp><p:nvSpPr><p:cNvPr id="243" name="Shape 243"/><p:cNvSpPr/><p:nvPr/></p:nvSpPr><p:spPr><a:xfrm><a:off x="677650" y="1230488"/><a:ext cx="3532500" cy="2255700"/></a:xfrm><a:prstGeom prst="rect"><a:avLst/></a:prstGeom><a:noFill/><a:ln><a:noFill/></a:ln></p:spPr><p:txBody><a:bodyPr anchorCtr="0" anchor="ctr" bIns="91425" lIns="91425" spcFirstLastPara="1" rIns="91425" wrap="square" tIns="91425"><a:noAutofit/></a:bodyPr><a:lstStyle/><a:p><a:pPr indent="0" lvl="0" marL="0" rtl="0" algn="ctr"><a:spcBef><a:spcPts val="0"/></a:spcBef><a:spcAft><a:spcPts val="0"/></a:spcAft><a:buNone/></a:pPr><a:r><a:rPr lang="en" sz="1000"><a:solidFill><a:srgbClr val="666666"/></a:solidFill><a:latin typeface="Lato Light"/><a:ea typeface="Lato Light"/><a:cs typeface="Lato Light"/><a:sym typeface="Lato Light"/></a:rPr><a:t>Place your screenshot here</a:t></a:r><a:endParaRPr sz="1000"><a:solidFill><a:srgbClr val="666666"/></a:solidFill><a:latin typeface="Lato Light"/><a:ea typeface="Lato Light"/><a:cs typeface="Lato Light"/><a:sym typeface="Lato Light"/></a:endParaRPr></a:p></p:txBody></p:sp><p:sp><p:nvSpPr><p:cNvPr id="244" name="Shape 244"/><p:cNvSpPr txBox="1"/><p:nvPr><p:ph idx="12" type="sldNum"/></p:nvPr></p:nvSpPr><p:spPr><a:xfrm><a:off x="8480584" y="4673651"/><a:ext cx="548700" cy="393600"/></a:xfrm><a:prstGeom prst="rect"><a:avLst/></a:prstGeom></p:spPr><p:txBody><a:bodyPr anchorCtr="0" anchor="ctr" bIns="91425" lIns="91425" spcFirstLastPara="1" rIns="91425" wrap="square" tIns="91425"><a:noAutofit/></a:bodyPr><a:lstStyle/><a:p><a:pPr indent="0" lvl="0" marL="0" rtl="0" algn="r"><a:spcBef><a:spcPts val="0"/></a:spcBef><a:spcAft><a:spcPts val="0"/></a:spcAft><a:buNone/></a:pPr><a:fld id="{00000000-1234-1234-1234-123412341234}" type="slidenum"><a:rPr lang="en"/><a:t>‹#›</a:t></a:fld><a:endParaRPr/></a:p></p:txBody></p:sp><p:sp><p:nvSpPr><p:cNvPr id="245" name="Shape 245"/><p:cNvSpPr txBox="1"/><p:nvPr><p:ph idx="4294967295" type="body"/></p:nvPr></p:nvSpPr><p:spPr><a:xfrm><a:off x="5889250" y="444300"/><a:ext cx="2738700" cy="4254900"/></a:xfrm><a:prstGeom prst="rect"><a:avLst/></a:prstGeom></p:spPr><p:txBody><a:bodyPr anchorCtr="0" anchor="ctr" bIns="91425" lIns="91425" spcFirstLastPara="1" rIns="91425" wrap="square" tIns="91425"><a:noAutofit/></a:bodyPr><a:lstStyle/><a:p><a:pPr indent="0" lvl="0" marL="0" rtl="0"><a:spcBef><a:spcPts val="600"/></a:spcBef><a:spcAft><a:spcPts val="0"/></a:spcAft><a:buNone/></a:pPr><a:r><a:rPr lang="en" sz="4800"><a:solidFill><a:srgbClr val="FFFFFF"/></a:solidFill><a:latin typeface="Lato Hairline"/><a:ea typeface="Lato Hairline"/><a:cs typeface="Lato Hairline"/><a:sym typeface="Lato Hairline"/></a:rPr><a:t>Desktop </a:t></a:r><a:r><a:rPr lang="en" sz="4800"><a:solidFill><a:srgbClr val="FFFFFF"/></a:solidFill><a:latin typeface="Lato Hairline"/><a:ea typeface="Lato Hairline"/><a:cs typeface="Lato Hairline"/><a:sym typeface="Lato Hairline"/></a:rPr><a:t>project</a:t></a:r><a:endParaRPr sz="4800"><a:solidFill><a:srgbClr val="FFFFFF"/></a:solidFill><a:latin typeface="Lato Hairline"/><a:ea typeface="Lato Hairline"/><a:cs typeface="Lato Hairline"/><a:sym typeface="Lato Hairline"/></a:endParaRPr></a:p><a:p><a:pPr indent="0" lvl="0" marL="0" rtl="0"><a:spcBef><a:spcPts val="600"/></a:spcBef><a:spcAft><a:spcPts val="0"/></a:spcAft><a:buNone/></a:pPr><a:r><a:rPr lang="en" sz="1400"><a:solidFill><a:srgbClr val="FFFFFF"/></a:solidFill></a:rPr><a:t>Show and explain your web, app or software projects using these gadget templates.</a:t></a:r><a:endParaRPr sz="1400"><a:solidFill><a:srgbClr val="FFFFFF"/></a:solidFill></a:endParaRPr></a:p></p:txBody></p:sp></p:spTree></p:cSld><p:clrMapOvr><a:masterClrMapping/></p:clrMapOvr></p:sld>